# Blender 4.5.2 LTS
# www.blender.org
mtllib ak.mtl
o AK_WoodHandle_lp
v 0.368269 0.329684 0.085177
v 1.198000 0.329684 0.082158
v 1.162564 0.329684 0.082158
v 0.620912 0.329684 0.085177
v 0.563080 0.329684 0.085177
v 0.509120 0.329684 0.085177
v 0.408192 0.329684 0.085177
v 0.454868 0.329684 0.085177
v 1.116736 0.329684 0.085177
v 1.106956 0.319902 0.085177
v 1.101743 0.316121 0.085177
v 1.095061 0.313353 0.085177
v 1.088701 0.312340 0.085177
v 0.977594 0.312340 0.085177
v 0.971234 0.313353 0.085177
v 0.964552 0.316120 0.085177
v 0.959339 0.319901 0.085177
v 0.949556 0.329684 0.085177
v 0.844041 0.329684 0.085177
v 0.834261 0.319902 0.085177
v 0.676860 0.329684 0.085177
v 0.686643 0.319901 0.085177
v 0.691857 0.316120 0.085177
v 0.698539 0.313353 0.085177
v 0.829048 0.316121 0.085177
v 0.816006 0.312340 0.085177
v 0.704899 0.312340 0.085177
v 0.822366 0.313353 0.085177
v 0.368269 0.253321 0.085177
v 0.368269 0.100833 0.023499
v 0.368269 0.111949 0.049979
v 0.368269 0.133544 0.070082
v 0.368269 0.161989 0.080429
v 0.368269 0.192256 0.084220
v 0.368269 0.222781 0.085112
v 1.198000 0.302381 0.082158
v 1.198000 0.272991 0.082097
v 1.198000 0.243616 0.081236
v 1.198000 0.214489 0.077579
v 1.198000 0.187115 0.067599
v 1.198000 0.166333 0.048208
v 1.198000 0.155637 0.022666
v 1.162564 0.279660 0.082158
v 1.162564 0.250394 0.082097
v 1.162564 0.221142 0.081236
v 1.162564 0.192137 0.077579
v 1.162564 0.164878 0.067599
v 1.162564 0.144184 0.048208
v 1.162564 0.133532 0.022666
v 0.620912 0.280984 0.085177
v 0.620912 0.250752 0.085112
v 0.620912 0.220536 0.084220
v 0.620912 0.190574 0.080429
v 0.620912 0.162416 0.070082
v 0.620912 0.141040 0.049979
v 0.620912 0.130037 0.023499
v 0.509120 0.251635 0.085177
v 0.509120 0.221306 0.085112
v 0.509120 0.190993 0.084220
v 0.509120 0.160934 0.080429
v 0.509120 0.132686 0.070082
v 0.509120 0.111240 0.049979
v 0.509120 0.100202 0.023499
v 0.563080 0.271763 0.085177
v 0.563080 0.241513 0.085112
v 0.563080 0.211278 0.084220
v 0.563080 0.181298 0.080429
v 0.563080 0.153122 0.070082
v 0.563080 0.131732 0.049979
v 0.563080 0.120723 0.023499
v 0.454860 0.226435 0.085177
v 0.454848 0.074808 0.023499
v 0.454848 0.085860 0.049979
v 0.454850 0.107334 0.070082
v 0.454852 0.135618 0.080429
v 0.454855 0.165715 0.084220
v 0.454857 0.196068 0.085112
v 0.408206 0.229087 0.085177
v 0.408211 0.198646 0.085112
v 0.408215 0.168219 0.084220
v 0.408219 0.138049 0.080429
v 0.408223 0.109696 0.070082
v 0.408226 0.088170 0.049979
v 0.408228 0.077091 0.023499
v 0.368269 0.329684 -0.085177
v 1.198000 0.329684 -0.082158
v 1.162564 0.329684 -0.082158
v 0.620912 0.329684 -0.085177
v 0.563080 0.329684 -0.085177
v 0.509120 0.329684 -0.085177
v 0.408192 0.329684 -0.085177
v 0.454868 0.329684 -0.085177
v 1.116736 0.329684 -0.085177
v 1.106956 0.319902 -0.085176
v 1.101743 0.316121 -0.085176
v 1.095061 0.313353 -0.085176
v 1.088701 0.312340 -0.085176
v 0.977594 0.312340 -0.085176
v 0.971234 0.313353 -0.085177
v 0.964552 0.316120 -0.085177
v 0.959339 0.319901 -0.085177
v 0.949556 0.329684 -0.085177
v 0.844041 0.329684 -0.085177
v 0.834261 0.319902 -0.085176
v 0.676860 0.329684 -0.085177
v 0.686643 0.319901 -0.085177
v 0.691857 0.316120 -0.085177
v 0.698539 0.313353 -0.085177
v 0.829048 0.316121 -0.085176
v 0.816006 0.312340 -0.085176
v 0.704899 0.312340 -0.085176
v 0.822366 0.313353 -0.085176
v 0.368269 0.253321 -0.085176
v 0.368269 0.100833 -0.023499
v 0.368269 0.111949 -0.049979
v 0.368269 0.133544 -0.070082
v 0.368269 0.161989 -0.080429
v 0.368269 0.192256 -0.084220
v 0.368269 0.222781 -0.085112
v 1.198000 0.302381 -0.082158
v 1.198000 0.272991 -0.082096
v 1.198000 0.243616 -0.081236
v 1.198000 0.214489 -0.077579
v 1.198000 0.187115 -0.067599
v 1.198000 0.166333 -0.048208
v 1.198000 0.155637 -0.022666
v 1.162564 0.279660 -0.082158
v 1.162564 0.250394 -0.082096
v 1.162564 0.221142 -0.081236
v 1.162564 0.192137 -0.077579
v 1.162564 0.164878 -0.067599
v 1.162564 0.144184 -0.048208
v 1.162564 0.133532 -0.022666
v 0.620912 0.280984 -0.085176
v 0.620912 0.250752 -0.085112
v 0.620912 0.220536 -0.084220
v 0.620912 0.190574 -0.080429
v 0.620912 0.162416 -0.070082
v 0.620912 0.141040 -0.049979
v 0.620912 0.130037 -0.023499
v 0.509120 0.251635 -0.085176
v 0.509120 0.221306 -0.085112
v 0.509120 0.190992 -0.084220
v 0.509120 0.160934 -0.080429
v 0.509120 0.132686 -0.070082
v 0.509120 0.111240 -0.049979
v 0.509120 0.100202 -0.023499
v 0.563080 0.271763 -0.085176
v 0.563080 0.241513 -0.085112
v 0.563080 0.211278 -0.084220
v 0.563080 0.181298 -0.080429
v 0.563080 0.153122 -0.070082
v 0.563080 0.131732 -0.049979
v 0.563080 0.120723 -0.023499
v 0.454860 0.226435 -0.085176
v 0.454848 0.074808 -0.023499
v 0.454848 0.085860 -0.049979
v 0.454850 0.107334 -0.070082
v 0.454852 0.135618 -0.080429
v 0.454855 0.165715 -0.084220
v 0.454857 0.196068 -0.085112
v 0.408206 0.229087 -0.085176
v 0.408211 0.198646 -0.085112
v 0.408215 0.168219 -0.084220
v 0.408219 0.138049 -0.080429
v 0.408223 0.109696 -0.070082
v 0.408226 0.088170 -0.049979
v 0.408228 0.077091 -0.023499
v 0.368269 0.329684 0.000000
v 1.198000 0.329684 0.000000
v 1.162564 0.329684 0.000000
v 0.620912 0.329684 0.000000
v 0.563080 0.329684 0.000000
v 0.509120 0.329684 0.000000
v 0.408192 0.329684 0.000000
v 0.454868 0.329684 0.000000
v 1.116736 0.329684 0.000000
v 0.949556 0.329684 0.000000
v 0.676860 0.329684 0.000000
v 0.844041 0.329684 0.000000
v 0.834261 0.319902 0.000000
v 0.816006 0.312340 0.000000
v 0.691857 0.316120 0.000000
v 1.095061 0.313353 0.000000
v 0.971234 0.313353 0.000000
v 0.822366 0.313353 0.000000
v 0.698539 0.313353 0.000000
v 1.101743 0.316121 0.000000
v 0.977594 0.312340 0.000000
v 0.959339 0.319901 0.000000
v 0.829048 0.316121 0.000000
v 0.704899 0.312340 0.000000
v 0.686643 0.319901 0.000000
v 1.106956 0.319902 0.000000
v 1.088701 0.312340 0.000000
v 0.964552 0.316120 0.000000
v 1.162564 0.130278 0.000000
v 1.198000 0.152368 0.000000
v 0.620912 0.126675 0.000000
v 0.563080 0.117359 0.000000
v 0.509120 0.096829 0.000000
v 0.454847 0.071431 0.000000
v 0.408228 0.073706 0.000000
v 0.368269 0.097437 0.000000
v 0.195646 0.502864 0.033431
v 0.195646 0.522164 0.033431
v 0.195646 0.502864 -0.033431
v 0.195646 0.522164 -0.033431
v 0.528880 0.502864 0.033431
v 0.528880 0.522164 0.033431
v 0.528880 0.502864 -0.033431
v 0.528880 0.522164 -0.033431
v 0.215472 0.502864 -0.033431
v 0.215472 0.522164 -0.033431
v 0.215472 0.502864 0.033431
v 0.215472 0.522164 0.033431
v 0.195646 0.544267 0.033431
v 0.195646 0.544267 -0.033431
v 0.215472 0.532359 0.033431
v 0.203564 0.544267 0.033431
v 0.203564 0.544267 -0.033431
v 0.215472 0.532359 -0.033431
v 0.205889 0.541942 -0.002606
v 0.195646 0.541942 -0.002606
v 0.203564 0.544267 -0.003569
v 0.195646 0.544267 -0.003569
v 0.206968 0.540863 -0.000000
v 0.195646 0.540863 -0.000000
v 0.203564 0.544267 0.003569
v 0.195646 0.544267 0.003569
v 0.205889 0.541942 0.002606
v 0.195646 0.541942 0.002606
vn -0.0002 -0.0006 1.0000
vn -0.0000 -0.0000 1.0000
vn -0.0002 -0.0004 1.0000
vn 0.0006 -0.0010 1.0000
vn 0.0065 -0.0325 0.9994
vn 0.0060 -0.0196 0.9998
vn -0.0000 1.0000 -0.0000
vn 0.0056 -0.0185 0.9998
vn 0.0060 -0.0303 0.9995
vn 0.0002 -0.0010 1.0000
vn 0.0069 -0.0346 0.9994
vn 0.0002 -0.0006 1.0000
vn 0.0002 -0.0008 1.0000
vn -0.6708 0.7416 -0.0000
vn -0.6709 0.7416 -0.0000
vn -0.7072 0.7070 -0.0000
vn 0.0439 -0.9990 -0.0000
vn 0.5291 -0.8485 -0.0000
vn 0.5142 -0.8239 0.2382
vn 0.0424 -0.9601 0.2765
vn 0.4560 -0.7294 0.5099
vn 0.0373 -0.8200 0.5711
vn 0.3109 -0.4957 0.8110
vn 0.0258 -0.5228 0.8521
vn 0.1465 -0.2326 0.9615
vn 0.0144 -0.2359 0.9717
vn 0.0488 -0.0771 0.9958
vn 0.0082 -0.0774 0.9970
vn 0.0100 -0.0157 0.9998
vn 0.0058 -0.0158 0.9999
vn 0.0218 -0.9998 -0.0000
vn 0.0212 -0.9608 0.2766
vn 0.0189 -0.8205 0.5713
vn 0.0139 -0.5230 0.8522
vn 0.0089 -0.2360 0.9717
vn 0.0063 -0.0774 0.9970
vn 0.0053 -0.0158 0.9999
vn 0.2579 -0.9662 -0.0000
vn 0.2484 -0.9309 0.2678
vn 0.2137 -0.8019 0.5580
vn 0.1379 -0.5183 0.8440
vn 0.0625 -0.2357 0.9698
vn 0.0205 -0.0775 0.9968
vn 0.0043 -0.0160 0.9999
vn 0.3908 -0.9205 -0.0000
vn 0.3774 -0.8898 0.2565
vn 0.3284 -0.7749 0.5402
vn 0.2159 -0.5103 0.8325
vn 0.0990 -0.2345 0.9670
vn 0.0325 -0.0773 0.9965
vn 0.0067 -0.0159 0.9999
vn -0.0048 -0.0157 0.9999
vn 0.0035 -0.0157 0.9999
vn -0.0236 -0.0770 0.9967
vn 0.0175 -0.0772 0.9969
vn -0.0712 -0.2342 0.9696
vn 0.0533 -0.2350 0.9705
vn -0.1557 -0.5147 0.8431
vn 0.1181 -0.5183 0.8470
vn -0.2397 -0.7954 0.5567
vn 0.1842 -0.8058 0.5628
vn -0.2775 -0.9228 0.2671
vn 0.2148 -0.9383 0.2710
vn -0.0095 -0.0157 0.9998
vn -0.0462 -0.0769 0.9960
vn -0.1390 -0.2322 0.9627
vn -0.2966 -0.4971 0.8155
vn -0.4381 -0.7361 0.5160
vn -0.4958 -0.8342 0.2415
vn -0.5107 -0.8597 -0.0000
vn -0.2878 -0.9577 -0.0000
vn 0.2233 -0.9747 -0.0000
vn 0.4823 0.8760 -0.0000
vn 0.6708 0.7416 -0.0000
vn -0.0086 1.0000 -0.0000
vn 0.0086 1.0000 -0.0000
vn -0.4823 0.8760 -0.0000
vn 0.2784 0.9605 -0.0000
vn -0.2785 0.9604 -0.0000
vn 0.7071 0.7071 -0.0000
vn -0.0002 -0.0005 -1.0000
vn -0.0002 -0.0004 -1.0000
vn -0.0000 -0.0000 -1.0000
vn 0.0006 -0.0010 -1.0000
vn 0.0060 -0.0196 -0.9998
vn 0.0065 -0.0325 -0.9994
vn 0.0056 -0.0185 -0.9998
vn 0.0002 -0.0010 -1.0000
vn 0.0060 -0.0303 -0.9995
vn 0.0069 -0.0346 -0.9994
vn 0.0003 -0.0007 -1.0000
vn 0.0002 -0.0009 -1.0000
vn 0.0424 -0.9601 -0.2765
vn 0.5142 -0.8239 -0.2382
vn 0.0373 -0.8200 -0.5711
vn 0.4560 -0.7294 -0.5099
vn 0.0258 -0.5228 -0.8521
vn 0.3109 -0.4957 -0.8110
vn 0.0144 -0.2359 -0.9717
vn 0.1465 -0.2326 -0.9615
vn 0.0082 -0.0774 -0.9970
vn 0.0488 -0.0771 -0.9958
vn 0.0058 -0.0158 -0.9999
vn 0.0100 -0.0157 -0.9998
vn 0.0212 -0.9608 -0.2766
vn 0.0189 -0.8205 -0.5713
vn 0.0139 -0.5230 -0.8522
vn 0.0089 -0.2360 -0.9717
vn 0.0063 -0.0774 -0.9970
vn 0.0053 -0.0158 -0.9999
vn 0.2484 -0.9309 -0.2679
vn 0.2137 -0.8019 -0.5580
vn 0.1379 -0.5183 -0.8440
vn 0.0625 -0.2357 -0.9698
vn 0.0205 -0.0774 -0.9968
vn 0.0042 -0.0159 -0.9999
vn 0.3774 -0.8898 -0.2565
vn 0.3284 -0.7749 -0.5401
vn 0.2159 -0.5103 -0.8325
vn 0.0990 -0.2345 -0.9670
vn 0.0326 -0.0773 -0.9965
vn 0.0067 -0.0159 -0.9999
vn 0.0035 -0.0157 -0.9999
vn -0.0048 -0.0157 -0.9999
vn 0.0175 -0.0772 -0.9969
vn -0.0236 -0.0770 -0.9967
vn 0.0533 -0.2350 -0.9705
vn -0.0712 -0.2342 -0.9696
vn 0.1181 -0.5183 -0.8470
vn -0.1557 -0.5147 -0.8431
vn 0.1842 -0.8058 -0.5628
vn -0.2397 -0.7954 -0.5567
vn 0.2148 -0.9383 -0.2710
vn -0.2775 -0.9228 -0.2671
vn -0.0095 -0.0157 -0.9998
vn -0.0462 -0.0769 -0.9960
vn -0.1390 -0.2322 -0.9627
vn -0.2966 -0.4971 -0.8155
vn -0.4381 -0.7361 -0.5160
vn -0.4958 -0.8342 -0.2415
vn -1.0000 -0.0000 -0.0000
vn -0.0000 -1.0000 -0.0000
vn 1.0000 -0.0000 -0.0000
vn -0.0000 0.7474 -0.6644
vn -0.0000 0.7474 0.6644
vn -0.0000 0.3827 0.9239
vn -0.0000 0.3827 -0.9239
vt 0.505997 0.542585
vt 0.535866 0.541268
vt 0.536387 0.553180
vt 0.513604 0.554176
vt 0.520451 0.295058
vt 0.529245 0.294872
vt 0.529485 0.306286
vt 0.513420 0.306684
vt 0.045625 0.843738
vt 0.028885 0.843738
vt 0.028885 0.817456
vt 0.045625 0.817456
vt 0.861998 0.950087
vt 0.861998 0.961022
vt 0.836645 0.961022
vt 0.836645 0.950087
vt 0.517982 0.477739
vt 0.533037 0.477283
vt 0.533624 0.494848
vt 0.516000 0.495654
vt 0.529794 0.320999
vt 0.526729 0.324198
vt 0.525557 0.325892
vt 0.524719 0.328048
vt 0.524440 0.330088
vt 0.525217 0.365375
vt 0.526136 0.370408
vt 0.526948 0.372248
vt 0.528031 0.373673
vt 0.530812 0.376331
vt 0.531479 0.405658
vt 0.528821 0.408438
vt 0.527803 0.409910
vt 0.527076 0.411785
vt 0.526379 0.416522
vt 0.527150 0.451391
vt 0.527509 0.453369
vt 0.528416 0.455435
vt 0.529626 0.457036
vt 0.532720 0.460014
vt 0.534393 0.511092
vt 0.510969 0.512350
vt 0.861998 0.975164
vt 0.835713 0.975164
vt 0.535228 0.527346
vt 0.504605 0.528926
vt 0.014482 0.843738
vt 0.002163 0.843738
vt 0.002163 0.817456
vt 0.014482 0.817456
vt 0.080119 0.843738
vt 0.062275 0.843738
vt 0.062275 0.817456
vt 0.080119 0.817456
vt 0.906142 0.805349
vt 0.932426 0.805349
vt 0.932426 0.809617
vt 0.906142 0.809617
vt 0.053124 0.900682
vt 0.053124 0.874399
vt 0.057393 0.874399
vt 0.057393 0.900682
vt 0.452609 0.310323
vt 0.452609 0.296244
vt 0.461159 0.296281
vt 0.459574 0.310123
vt 0.471432 0.296521
vt 0.467882 0.309767
vt 0.481626 0.296351
vt 0.476462 0.309050
vt 0.491628 0.295889
vt 0.485463 0.308164
vt 0.501379 0.295528
vt 0.494722 0.307468
vt 0.510951 0.295273
vt 0.504065 0.307001
vt 0.452607 0.480548
vt 0.460463 0.480488
vt 0.469937 0.480254
vt 0.479623 0.479778
vt 0.489369 0.479190
vt 0.498996 0.478634
vt 0.508521 0.478146
vt 0.452607 0.499787
vt 0.460151 0.499702
vt 0.469305 0.499423
vt 0.478624 0.498690
vt 0.488038 0.497740
vt 0.497417 0.496899
vt 0.506734 0.496214
vt 0.452607 0.517050
vt 0.459133 0.516938
vt 0.467125 0.516664
vt 0.475421 0.515859
vt 0.484054 0.514765
vt 0.492919 0.513792
vt 0.501911 0.513003
vt 0.497099 0.542876
vt 0.495794 0.529463
vt 0.488380 0.543041
vt 0.487227 0.530035
vt 0.479995 0.542997
vt 0.479044 0.530645
vt 0.472167 0.542740
vt 0.471422 0.531239
vt 0.464985 0.542510
vt 0.464455 0.531649
vt 0.458191 0.542450
vt 0.457954 0.531821
vt 0.504488 0.554486
vt 0.495373 0.554679
vt 0.486265 0.554677
vt 0.477215 0.554484
vt 0.468352 0.554458
vt 0.459700 0.554727
vt 0.452605 0.554787
vt 0.452606 0.542356
vt 0.452606 0.531894
vt 0.932426 0.760639
vt 0.906142 0.760639
vt 0.906142 0.758651
vt 0.932426 0.758651
vt 0.932426 0.799142
vt 0.906142 0.799142
vt 0.906142 0.764858
vt 0.932426 0.764858
vt 0.906142 0.803361
vt 0.932426 0.803361
vt 0.012633 0.874399
vt 0.012633 0.900682
vt 0.010646 0.900682
vt 0.010646 0.874399
vt 0.051137 0.874399
vt 0.051137 0.900682
vt 0.048905 0.900682
vt 0.048905 0.874399
vt 0.906142 0.762871
vt 0.932426 0.762871
vt 0.906142 0.801130
vt 0.932426 0.801130
vt 0.008414 0.874399
vt 0.008414 0.900682
vt 0.006427 0.900682
vt 0.006427 0.874399
vt 0.046918 0.900682
vt 0.046918 0.874399
vt 0.002157 0.900682
vt 0.002157 0.874399
vt 0.492553 0.918370
vt 0.518841 0.918370
vt 0.518841 0.950934
vt 0.492553 0.950934
vt 0.906142 0.754382
vt 0.932425 0.754382
vt 0.097383 0.817456
vt 0.097383 0.843738
vt 0.399216 0.542580
vt 0.391608 0.554171
vt 0.368826 0.553173
vt 0.369348 0.541262
vt 0.384768 0.295058
vt 0.391799 0.306684
vt 0.375733 0.306286
vt 0.375974 0.294872
vt 0.045625 0.870020
vt 0.028885 0.870020
vt 0.887352 0.950087
vt 0.887352 0.961022
vt 0.387234 0.477737
vt 0.389216 0.495652
vt 0.371593 0.494845
vt 0.372180 0.477281
vt 0.372497 0.460012
vt 0.375591 0.457034
vt 0.376801 0.455433
vt 0.377707 0.453367
vt 0.378067 0.451389
vt 0.378838 0.416521
vt 0.378149 0.411451
vt 0.377422 0.409576
vt 0.376403 0.408104
vt 0.373746 0.405323
vt 0.374413 0.375997
vt 0.377194 0.373340
vt 0.378278 0.371914
vt 0.379089 0.370075
vt 0.380001 0.365374
vt 0.380779 0.330087
vt 0.380500 0.328047
vt 0.379662 0.325892
vt 0.378489 0.324197
vt 0.375425 0.320998
vt 0.394245 0.512347
vt 0.370823 0.511088
vt 0.888283 0.975164
vt 0.400608 0.528923
vt 0.369986 0.527340
vt 0.014482 0.870020
vt 0.002163 0.870020
vt 0.080119 0.870020
vt 0.062275 0.870020
vt 0.879859 0.809617
vt 0.879859 0.805349
vt 0.057392 0.926965
vt 0.053124 0.926965
vt 0.445644 0.310123
vt 0.444059 0.296281
vt 0.437337 0.309767
vt 0.433787 0.296521
vt 0.428757 0.309050
vt 0.423592 0.296351
vt 0.419755 0.308164
vt 0.413591 0.295889
vt 0.410496 0.307468
vt 0.403840 0.295528
vt 0.401154 0.307001
vt 0.394267 0.295273
vt 0.444752 0.480488
vt 0.435278 0.480253
vt 0.425593 0.479777
vt 0.415847 0.479189
vt 0.406219 0.478632
vt 0.396695 0.478144
vt 0.445063 0.499701
vt 0.435909 0.499423
vt 0.426591 0.498689
vt 0.417177 0.497739
vt 0.407798 0.496897
vt 0.398481 0.496212
vt 0.446081 0.516937
vt 0.438088 0.516663
vt 0.429793 0.515857
vt 0.421159 0.514763
vt 0.412295 0.513790
vt 0.403303 0.513000
vt 0.409419 0.529460
vt 0.408113 0.542873
vt 0.417986 0.530033
vt 0.416832 0.543038
vt 0.426168 0.530644
vt 0.425217 0.542995
vt 0.433791 0.531238
vt 0.433044 0.542739
vt 0.440757 0.531649
vt 0.440227 0.542509
vt 0.447259 0.531821
vt 0.447021 0.542449
vt 0.400724 0.554481
vt 0.409839 0.554675
vt 0.418946 0.554674
vt 0.427995 0.554482
vt 0.436858 0.554456
vt 0.445511 0.554726
vt 0.879859 0.760639
vt 0.879859 0.758652
vt 0.879859 0.799142
vt 0.879859 0.764858
vt 0.879859 0.803361
vt 0.012633 0.926965
vt 0.010646 0.926965
vt 0.051137 0.926965
vt 0.048905 0.926965
vt 0.879859 0.762871
vt 0.879859 0.801130
vt 0.008414 0.926965
vt 0.006427 0.926965
vt 0.046918 0.926965
vt 0.002158 0.926965
vt 0.545128 0.918370
vt 0.545128 0.950934
vt 0.879859 0.754382
vt 0.097383 0.870020
vt 0.026402 0.677241
vt 0.026402 0.683198
vt 0.005765 0.683198
vt 0.005765 0.677241
vt 0.744598 0.024498
vt 0.750553 0.024498
vt 0.750553 0.121193
vt 0.744598 0.121193
vt 0.721063 0.427566
vt 0.727018 0.427566
vt 0.727018 0.433682
vt 0.721063 0.433682
vt 0.918929 0.332071
vt 0.918929 0.235360
vt 0.939561 0.235360
vt 0.939561 0.332071
vt 0.026402 0.690020
vt 0.017185 0.690020
vt 0.016888 0.689302
vt 0.016084 0.688969
vt 0.015279 0.689302
vt 0.014982 0.690020
vt 0.005765 0.690020
vt 0.930486 0.439476
vt 0.930486 0.342771
vt 0.951116 0.342771
vt 0.951117 0.439476
vt 0.918929 0.338189
vt 0.939561 0.338189
vt 0.721063 0.330869
vt 0.727018 0.330868
vt 0.744598 0.018381
vt 0.750553 0.018381
vt 0.231451 0.343749
vt 0.210816 0.343749
vt 0.210816 0.340602
vt 0.231451 0.340602
vt 0.370003 0.092265
vt 0.370003 0.094710
vt 0.360782 0.094710
vt 0.360782 0.092265
vt 0.757372 0.018381
vt 0.757372 0.020824
vt 0.753698 0.024498
vt 0.599590 0.315824
vt 0.599590 0.306611
vt 0.600605 0.306314
vt 0.601076 0.305510
vt 0.600605 0.304706
vt 0.599590 0.304409
vt 0.599590 0.295196
vt 0.604786 0.295196
vt 0.604786 0.315824
vt 0.730164 0.427566
vt 0.733838 0.431240
vt 0.733838 0.433682
vt 0.628803 0.002161
vt 0.628803 0.005322
vt 0.627933 0.005655
vt 0.627933 0.002161
vt 0.627062 0.005322
vt 0.627062 0.002161
vt 0.626286 0.004604
vt 0.626286 0.002161
vt 0.629580 0.002161
vt 0.629580 0.004604
vt 0.723358 0.020182
vt 0.723358 0.022623
vt 0.714150 0.022623
vt 0.714150 0.020182
s 1
usemtl Material.001
f 78/1/1 7/2/2 1/3/2 29/4/3
f 36/5/4 2/6/2 3/7/5 43/8/6
f 174/9/7 176/10/7 8/11/7 6/12/7
f 170/13/7 171/14/7 3/15/7 2/16/7
f 50/17/8 4/18/9 5/19/2 64/20/10
f 43/8/6 3/7/5 9/21/11 10/22/11 11/23/11 12/24/11 13/25/11 14/26/11 15/27/11 16/28/11 17/29/11 18/30/11 19/31/11 20/32/11 25/33/11 28/34/11 26/35/11 27/36/11 24/37/11 23/38/11 22/39/11 21/40/11 4/18/9 50/17/8
f 64/20/10 5/19/2 6/41/2 57/42/12
f 171/14/7 177/43/7 9/44/7 3/15/7
f 57/42/12 6/41/2 8/45/2 71/46/13
f 175/47/7 169/48/7 1/49/7 7/50/7
f 172/51/7 173/52/7 5/53/7 4/54/7
f 173/52/7 174/9/7 6/12/7 5/53/7
f 7/2/2 78/1/1 71/46/13 8/45/2
f 175/47/7 7/50/7 8/11/7 176/10/7
f 194/55/14 10/56/15 9/57/16 177/58/16
f 181/59/14 20/60/15 19/61/16 180/62/16
f 197/63/17 198/64/18 42/65/19 49/66/20
f 49/66/20 42/65/19 41/67/21 48/68/22
f 48/68/22 41/67/21 40/69/23 47/70/24
f 47/70/24 40/69/23 39/71/25 46/72/26
f 46/72/26 39/71/25 38/73/27 45/74/28
f 45/74/28 38/73/27 37/75/29 44/76/30
f 44/76/30 37/75/29 36/5/4 43/8/6
f 199/77/31 197/63/17 49/66/20 56/78/32
f 56/78/32 49/66/20 48/68/22 55/79/33
f 55/79/33 48/68/22 47/70/24 54/80/34
f 54/80/34 47/70/24 46/72/26 53/81/35
f 53/81/35 46/72/26 45/74/28 52/82/36
f 52/82/36 45/74/28 44/76/30 51/83/37
f 51/83/37 44/76/30 43/8/6 50/17/8
f 200/84/38 199/77/31 56/78/32 70/85/39
f 70/85/39 56/78/32 55/79/33 69/86/40
f 69/86/40 55/79/33 54/80/34 68/87/41
f 68/87/41 54/80/34 53/81/35 67/88/42
f 67/88/42 53/81/35 52/82/36 66/89/43
f 66/89/43 52/82/36 51/83/37 65/90/44
f 65/90/44 51/83/37 50/17/8 64/20/10
f 201/91/45 200/84/38 70/85/39 63/92/46
f 63/92/46 70/85/39 69/86/40 62/93/47
f 62/93/47 69/86/40 68/87/41 61/94/48
f 61/94/48 68/87/41 67/88/42 60/95/49
f 60/95/49 67/88/42 66/89/43 59/96/50
f 59/96/50 66/89/43 65/90/44 58/97/51
f 58/97/51 65/90/44 64/20/10 57/42/12
f 71/46/13 78/1/1 79/98/52 77/99/53
f 77/99/53 79/98/52 80/100/54 76/101/55
f 76/101/55 80/100/54 81/102/56 75/103/57
f 75/103/57 81/102/56 82/104/58 74/105/59
f 74/105/59 82/104/58 83/106/60 73/107/61
f 73/107/61 83/106/60 84/108/62 72/109/63
f 57/42/12 71/46/13 77/99/53 58/97/51
f 58/97/51 77/99/53 76/101/55 59/96/50
f 59/96/50 76/101/55 75/103/57 60/95/49
f 60/95/49 75/103/57 74/105/59 61/94/48
f 61/94/48 74/105/59 73/107/61 62/93/47
f 62/93/47 73/107/61 72/109/63 63/92/46
f 78/1/1 29/4/3 35/110/64 79/98/52
f 79/98/52 35/110/64 34/111/65 80/100/54
f 80/100/54 34/111/65 33/112/66 81/102/56
f 81/102/56 33/112/66 32/113/67 82/104/58
f 82/104/58 32/113/67 31/114/68 83/106/60
f 83/106/60 31/114/68 30/115/69 84/108/62
f 84/108/62 30/115/69 204/116/70 203/117/71
f 72/109/63 84/108/62 203/117/71 202/118/72
f 63/92/46 72/109/63 202/118/72 201/91/45
f 16/119/73 196/120/73 190/121/74 17/122/74
f 13/123/75 195/124/75 189/125/76 14/126/76
f 10/56/15 194/55/14 188/127/77 11/128/77
f 27/129/76 192/130/76 187/131/78 24/132/78
f 25/133/77 191/134/77 186/135/79 28/136/79
f 14/126/76 189/125/76 185/137/78 15/138/78
f 15/138/78 185/137/78 196/120/73 16/119/73
f 11/128/77 188/127/77 184/139/79 12/140/79
f 12/140/79 184/139/79 195/124/75 13/123/75
f 23/141/73 183/142/73 193/143/74 22/144/74
f 24/132/78 187/131/78 183/142/73 23/141/73
f 28/136/79 186/135/79 182/145/75 26/146/75
f 26/146/75 182/145/75 192/130/76 27/129/76
f 20/60/15 181/59/14 191/134/77 25/133/77
f 22/144/74 193/143/74 179/147/80 21/148/80
f 18/149/7 178/150/7 180/151/7 19/152/7
f 17/122/74 190/121/74 178/153/80 18/154/80
f 21/155/7 179/156/7 172/51/7 4/54/7
f 162/157/81 113/158/82 85/159/83 91/160/83
f 120/161/84 127/162/85 87/163/86 86/164/83
f 174/9/7 90/165/7 92/166/7 176/10/7
f 170/13/7 86/167/7 87/168/7 171/14/7
f 134/169/87 148/170/88 89/171/83 88/172/89
f 127/162/85 134/169/87 88/172/89 105/173/90 106/174/90 107/175/90 108/176/90 111/177/90 110/178/90 112/179/90 109/180/90 104/181/90 103/182/90 102/183/90 101/184/90 100/185/90 99/186/90 98/187/90 97/188/90 96/189/90 95/190/90 94/191/90 93/192/90 87/163/86
f 148/170/88 141/193/91 90/194/83 89/171/83
f 171/14/7 87/168/7 93/195/7 177/43/7
f 141/193/91 155/196/92 92/197/83 90/194/83
f 175/47/7 91/198/7 85/199/7 169/48/7
f 172/51/7 88/200/7 89/201/7 173/52/7
f 173/52/7 89/201/7 90/165/7 174/9/7
f 91/160/83 92/197/83 155/196/92 162/157/81
f 175/47/7 176/10/7 92/166/7 91/198/7
f 194/55/14 177/58/16 93/202/16 94/203/15
f 181/59/14 180/62/16 103/204/16 104/205/15
f 197/63/17 133/206/93 126/207/94 198/64/18
f 133/206/93 132/208/95 125/209/96 126/207/94
f 132/208/95 131/210/97 124/211/98 125/209/96
f 131/210/97 130/212/99 123/213/100 124/211/98
f 130/212/99 129/214/101 122/215/102 123/213/100
f 129/214/101 128/216/103 121/217/104 122/215/102
f 128/216/103 127/162/85 120/161/84 121/217/104
f 199/77/31 140/218/105 133/206/93 197/63/17
f 140/218/105 139/219/106 132/208/95 133/206/93
f 139/219/106 138/220/107 131/210/97 132/208/95
f 138/220/107 137/221/108 130/212/99 131/210/97
f 137/221/108 136/222/109 129/214/101 130/212/99
f 136/222/109 135/223/110 128/216/103 129/214/101
f 135/223/110 134/169/87 127/162/85 128/216/103
f 200/84/38 154/224/111 140/218/105 199/77/31
f 154/224/111 153/225/112 139/219/106 140/218/105
f 153/225/112 152/226/113 138/220/107 139/219/106
f 152/226/113 151/227/114 137/221/108 138/220/107
f 151/227/114 150/228/115 136/222/109 137/221/108
f 150/228/115 149/229/116 135/223/110 136/222/109
f 149/229/116 148/170/88 134/169/87 135/223/110
f 201/91/45 147/230/117 154/224/111 200/84/38
f 147/230/117 146/231/118 153/225/112 154/224/111
f 146/231/118 145/232/119 152/226/113 153/225/112
f 145/232/119 144/233/120 151/227/114 152/226/113
f 144/233/120 143/234/121 150/228/115 151/227/114
f 143/234/121 142/235/122 149/229/116 150/228/115
f 142/235/122 141/193/91 148/170/88 149/229/116
f 155/196/92 161/236/123 163/237/124 162/157/81
f 161/236/123 160/238/125 164/239/126 163/237/124
f 160/238/125 159/240/127 165/241/128 164/239/126
f 159/240/127 158/242/129 166/243/130 165/241/128
f 158/242/129 157/244/131 167/245/132 166/243/130
f 157/244/131 156/246/133 168/247/134 167/245/132
f 141/193/91 142/235/122 161/236/123 155/196/92
f 142/235/122 143/234/121 160/238/125 161/236/123
f 143/234/121 144/233/120 159/240/127 160/238/125
f 144/233/120 145/232/119 158/242/129 159/240/127
f 145/232/119 146/231/118 157/244/131 158/242/129
f 146/231/118 147/230/117 156/246/133 157/244/131
f 162/157/81 163/237/124 119/248/135 113/158/82
f 163/237/124 164/239/126 118/249/136 119/248/135
f 164/239/126 165/241/128 117/250/137 118/249/136
f 165/241/128 166/243/130 116/251/138 117/250/137
f 166/243/130 167/245/132 115/252/139 116/251/138
f 167/245/132 168/247/134 114/253/140 115/252/139
f 168/247/134 203/117/71 204/116/70 114/253/140
f 156/246/133 202/118/72 203/117/71 168/247/134
f 147/230/117 201/91/45 202/118/72 156/246/133
f 100/254/73 101/255/74 190/121/74 196/120/73
f 97/256/75 98/257/76 189/125/76 195/124/75
f 94/203/15 95/258/77 188/127/77 194/55/14
f 111/259/76 108/260/78 187/131/78 192/130/76
f 109/261/77 112/262/79 186/135/79 191/134/77
f 98/257/76 99/263/78 185/137/78 189/125/76
f 99/263/78 100/254/73 196/120/73 185/137/78
f 95/258/77 96/264/79 184/139/79 188/127/77
f 96/264/79 97/256/75 195/124/75 184/139/79
f 107/265/73 106/266/74 193/143/74 183/142/73
f 108/260/78 107/265/73 183/142/73 187/131/78
f 112/262/79 110/267/75 182/145/75 186/135/79
f 110/267/75 111/259/76 192/130/76 182/145/75
f 104/205/15 109/261/77 191/134/77 181/59/14
f 106/266/74 105/268/80 179/147/80 193/143/74
f 102/269/7 103/270/7 180/151/7 178/150/7
f 101/255/74 102/271/80 178/153/80 190/121/74
f 105/272/7 88/200/7 172/51/7 179/156/7
f 205/273/141 206/274/141 208/275/141 207/276/141
f 213/277/83 214/278/83 212/279/83 211/280/83
f 215/281/2 216/282/2 206/283/2 205/284/2
f 213/285/142 211/286/142 209/287/142 215/288/142
f 208/275/141 206/274/141 217/289/141 230/290/141 232/291/141 228/292/141 224/293/141 226/294/141 218/295/141
f 212/296/7 214/297/7 216/298/7 210/299/7
f 207/300/142 213/285/142 215/288/142 205/301/142
f 209/302/2 210/303/2 216/282/2 215/281/2
f 207/304/83 208/305/83 214/278/83 213/277/83
f 216/306/143 214/307/143 222/308/143 219/309/143
f 221/310/7 218/311/7 226/312/7 225/313/7
f 214/278/83 208/305/83 218/314/83 221/315/83 222/316/83
f 221/317/80 225/318/80 223/319/80 227/320/80 231/321/80 229/322/80 220/323/80 219/324/80 222/325/80
f 206/283/2 216/282/2 219/326/2 220/327/2 217/328/2
f 232/329/144 231/330/144 227/331/7 228/332/7
f 228/332/7 227/331/7 223/333/145 224/334/145
f 224/334/145 223/333/145 225/335/146 226/336/146
f 231/330/144 232/329/144 230/337/147 229/338/147
f 229/339/7 230/340/7 217/341/7 220/342/7
o AK_Barrel01_lp
v 1.329284 0.394778 -0.045491
v 1.329284 0.403827 -0.046382
v 1.329284 0.386077 -0.042851
v 1.329284 0.378058 -0.038565
v 1.329284 0.371030 -0.032797
v 1.329284 0.365262 -0.025768
v 1.329284 0.360975 -0.017750
v 1.329284 0.358336 -0.009049
v 1.329284 0.357445 -0.000000
v 1.329284 0.358336 0.009049
v 1.329284 0.360975 0.017750
v 1.329284 0.365262 0.025768
v 1.329284 0.371030 0.032797
v 1.329284 0.378058 0.038565
v 1.329284 0.386077 0.042851
v 1.329284 0.394778 0.045491
v 1.329284 0.403827 0.046382
v 1.329284 0.412875 0.045491
v 1.329284 0.421576 0.042851
v 1.329284 0.429595 0.038565
v 1.329284 0.436624 0.032797
v 1.329284 0.442392 0.025768
v 1.329284 0.446678 0.017749
v 1.329284 0.449317 0.009049
v 1.329284 0.450208 -0.000000
v 1.329284 0.449317 -0.009049
v 1.329284 0.446678 -0.017750
v 1.329284 0.442392 -0.025768
v 1.329284 0.436623 -0.032797
v 1.329284 0.429595 -0.038565
v 1.329284 0.421576 -0.042851
v 1.329284 0.412875 -0.045491
v 1.574114 0.395857 -0.040064
v 1.574114 0.403827 -0.040849
v 1.574114 0.388194 -0.037739
v 1.574114 0.381132 -0.033965
v 1.574114 0.374942 -0.028885
v 1.574114 0.369862 -0.022694
v 1.574114 0.366087 -0.015632
v 1.574114 0.363763 -0.007969
v 1.574114 0.362978 -0.000000
v 1.574114 0.363763 0.007969
v 1.574114 0.366087 0.015632
v 1.574114 0.369862 0.022694
v 1.574114 0.374942 0.028885
v 1.574114 0.381132 0.033965
v 1.574114 0.388194 0.037739
v 1.574114 0.395857 0.040064
v 1.574114 0.403827 0.040849
v 1.574114 0.411796 0.040064
v 1.574114 0.419459 0.037739
v 1.574114 0.426521 0.033965
v 1.574114 0.432711 0.028885
v 1.574114 0.437791 0.022694
v 1.574114 0.441566 0.015632
v 1.574114 0.443891 0.007969
v 1.574114 0.444676 -0.000000
v 1.574114 0.443891 -0.007969
v 1.574114 0.441566 -0.015632
v 1.574114 0.437791 -0.022694
v 1.574114 0.432711 -0.028885
v 1.574114 0.426521 -0.033965
v 1.574114 0.419459 -0.037739
v 1.574114 0.411796 -0.040064
v 1.574114 0.394778 -0.045491
v 1.574114 0.403827 -0.046382
v 1.574114 0.386077 -0.042851
v 1.574114 0.378058 -0.038565
v 1.574114 0.371030 -0.032797
v 1.574114 0.365262 -0.025768
v 1.574114 0.360975 -0.017750
v 1.574114 0.358336 -0.009049
v 1.574114 0.357445 -0.000000
v 1.574114 0.358336 0.009049
v 1.574114 0.360975 0.017750
v 1.574114 0.365262 0.025768
v 1.574114 0.371030 0.032797
v 1.574114 0.378058 0.038565
v 1.574114 0.386077 0.042851
v 1.574114 0.394778 0.045491
v 1.574114 0.403827 0.046382
v 1.574114 0.412875 0.045491
v 1.574114 0.421576 0.042851
v 1.574114 0.429595 0.038565
v 1.574114 0.436624 0.032797
v 1.574114 0.442392 0.025768
v 1.574114 0.446678 0.017749
v 1.574114 0.449317 0.009049
v 1.574114 0.450208 -0.000000
v 1.574114 0.449317 -0.009049
v 1.574114 0.446678 -0.017750
v 1.574114 0.442392 -0.025768
v 1.574114 0.436623 -0.032797
v 1.574114 0.429595 -0.038565
v 1.574114 0.421576 -0.042851
v 1.574114 0.412875 -0.045491
v 1.590301 0.395857 -0.040064
v 1.590301 0.403827 -0.040849
v 1.590301 0.388194 -0.037739
v 1.590301 0.381132 -0.033965
v 1.590301 0.374942 -0.028885
v 1.590301 0.369862 -0.022694
v 1.590301 0.366087 -0.015632
v 1.590301 0.363763 -0.007969
v 1.590301 0.362978 -0.000000
v 1.590301 0.363763 0.007969
v 1.590301 0.366087 0.015632
v 1.590301 0.369862 0.022694
v 1.590301 0.374942 0.028885
v 1.590301 0.381132 0.033965
v 1.590301 0.388194 0.037739
v 1.590301 0.395857 0.040064
v 1.590301 0.403827 0.040849
v 1.590301 0.411796 0.040064
v 1.590301 0.419459 0.037739
v 1.590301 0.426521 0.033965
v 1.590301 0.432711 0.028885
v 1.590301 0.437791 0.022694
v 1.590301 0.441566 0.015632
v 1.590301 0.443891 0.007969
v 1.590301 0.444676 -0.000000
v 1.590301 0.443891 -0.007969
v 1.590301 0.441566 -0.015632
v 1.590301 0.437791 -0.022694
v 1.590301 0.432711 -0.028885
v 1.590301 0.426521 -0.033965
v 1.590301 0.419459 -0.037739
v 1.590301 0.411796 -0.040064
v 1.239377 0.403827 -0.070000
v 1.329284 0.403827 -0.039927
v 1.239377 0.390170 -0.068655
v 1.329284 0.396037 -0.039160
v 1.239377 0.377039 -0.064672
v 1.329284 0.388547 -0.036888
v 1.239377 0.364937 -0.058203
v 1.329284 0.381644 -0.033198
v 1.239377 0.354329 -0.049497
v 1.329284 0.375594 -0.028233
v 1.239377 0.345624 -0.038890
v 1.329284 0.370628 -0.022182
v 1.239377 0.339155 -0.026788
v 1.329284 0.366939 -0.015280
v 1.239377 0.335172 -0.013656
v 1.329284 0.364666 -0.007789
v 1.239377 0.333827 0.000000
v 1.329284 0.363899 -0.000000
v 1.239377 0.335172 0.013656
v 1.329284 0.364666 0.007789
v 1.239377 0.339155 0.026788
v 1.329284 0.366939 0.015280
v 1.239377 0.345624 0.038890
v 1.329284 0.370628 0.022183
v 1.239377 0.354329 0.049497
v 1.329284 0.375594 0.028233
v 1.239377 0.364937 0.058203
v 1.329284 0.381644 0.033198
v 1.239377 0.377039 0.064672
v 1.329284 0.388547 0.036888
v 1.239377 0.390170 0.068655
v 1.329284 0.396037 0.039160
v 1.239377 0.403827 0.070000
v 1.329284 0.403827 0.039927
v 1.239377 0.417483 0.068655
v 1.329284 0.411616 0.039160
v 1.239377 0.430615 0.064672
v 1.329284 0.419106 0.036888
v 1.239377 0.442717 0.058203
v 1.329284 0.426009 0.033198
v 1.239377 0.453324 0.049497
v 1.329284 0.432060 0.028233
v 1.239377 0.462030 0.038890
v 1.329284 0.437025 0.022182
v 1.239377 0.468498 0.026788
v 1.329284 0.440715 0.015280
v 1.239377 0.472482 0.013656
v 1.329284 0.442987 0.007789
v 1.239377 0.473827 -0.000000
v 1.329284 0.443754 -0.000000
v 1.239377 0.472482 -0.013656
v 1.329284 0.442987 -0.007790
v 1.239377 0.468498 -0.026788
v 1.329284 0.440715 -0.015280
v 1.239377 0.462029 -0.038890
v 1.329284 0.437025 -0.022183
v 1.239377 0.453324 -0.049498
v 1.329284 0.432060 -0.028233
v 1.239377 0.442716 -0.058203
v 1.329284 0.426009 -0.033199
v 1.239377 0.430614 -0.064672
v 1.329284 0.419106 -0.036888
v 1.239377 0.417483 -0.068655
v 1.329284 0.411616 -0.039160
v 1.287137 0.403827 -0.051437
v 1.287137 0.393792 -0.050449
v 1.287137 0.384142 -0.047522
v 1.287137 0.375250 -0.042769
v 1.287137 0.367455 -0.036372
v 1.287137 0.361058 -0.028577
v 1.287137 0.356305 -0.019684
v 1.287137 0.353378 -0.010035
v 1.287137 0.352389 -0.000000
v 1.287137 0.353378 0.010035
v 1.287137 0.356305 0.019684
v 1.287137 0.361058 0.028577
v 1.287137 0.367455 0.036372
v 1.287137 0.375250 0.042769
v 1.287137 0.384142 0.047522
v 1.287137 0.393792 0.050449
v 1.287137 0.403827 0.051437
v 1.287137 0.413862 0.050449
v 1.287137 0.423511 0.047522
v 1.287137 0.432404 0.042769
v 1.287137 0.440198 0.036372
v 1.287137 0.446595 0.028577
v 1.287137 0.451349 0.019684
v 1.287137 0.454276 0.010035
v 1.287137 0.455264 -0.000000
v 1.287137 0.454276 -0.010035
v 1.287137 0.451349 -0.019684
v 1.287137 0.446595 -0.028577
v 1.287137 0.440198 -0.036372
v 1.287137 0.432404 -0.042769
v 1.287137 0.423511 -0.047522
v 1.287137 0.413862 -0.050449
v 1.273808 0.392636 -0.056260
v 1.273808 0.381875 -0.052995
v 1.273808 0.371958 -0.047695
v 1.273808 0.363266 -0.040561
v 1.273808 0.356132 -0.031868
v 1.273808 0.350831 -0.021951
v 1.273808 0.347567 -0.011191
v 1.273808 0.346465 0.000000
v 1.273808 0.347567 0.011191
v 1.273808 0.350831 0.021951
v 1.273808 0.356132 0.031868
v 1.273808 0.363266 0.040561
v 1.273808 0.371958 0.047695
v 1.273808 0.381875 0.052995
v 1.273808 0.392636 0.056260
v 1.273808 0.403827 0.057362
v 1.273808 0.415017 0.056260
v 1.273808 0.425778 0.052995
v 1.273808 0.435695 0.047694
v 1.273808 0.444388 0.040561
v 1.273808 0.451521 0.031868
v 1.273808 0.456822 0.021951
v 1.273808 0.460086 0.011191
v 1.273808 0.461188 -0.000000
v 1.273808 0.460086 -0.011191
v 1.273808 0.456822 -0.021951
v 1.273808 0.451521 -0.031869
v 1.273808 0.444387 -0.040561
v 1.273808 0.435695 -0.047695
v 1.273808 0.425778 -0.052995
v 1.273808 0.415017 -0.056260
v 1.273808 0.403827 -0.057362
v 1.265495 0.403827 -0.065245
v 1.253584 0.403827 -0.070000
v 1.253584 0.390170 -0.068655
v 1.265495 0.391098 -0.063991
v 1.253584 0.377039 -0.064672
v 1.265495 0.378859 -0.060278
v 1.253584 0.364937 -0.058203
v 1.265495 0.367579 -0.054249
v 1.253584 0.354329 -0.049497
v 1.265495 0.357692 -0.046135
v 1.253584 0.345624 -0.038890
v 1.265495 0.349578 -0.036248
v 1.253584 0.339155 -0.026788
v 1.265495 0.343548 -0.024968
v 1.253584 0.335172 -0.013656
v 1.265495 0.339836 -0.012729
v 1.253584 0.333827 0.000000
v 1.265495 0.338582 0.000000
v 1.253584 0.335172 0.013656
v 1.265495 0.339836 0.012729
v 1.253584 0.339155 0.026788
v 1.265495 0.343548 0.024968
v 1.253584 0.345624 0.038890
v 1.265495 0.349578 0.036248
v 1.253584 0.354329 0.049497
v 1.265495 0.357692 0.046135
v 1.253584 0.364937 0.058203
v 1.265495 0.367579 0.054249
v 1.253584 0.377039 0.064672
v 1.265495 0.378859 0.060278
v 1.253584 0.390170 0.068655
v 1.265495 0.391098 0.063991
v 1.253584 0.403827 0.070000
v 1.265495 0.403827 0.065245
v 1.253584 0.417483 0.068655
v 1.265495 0.416555 0.063991
v 1.253584 0.430615 0.064672
v 1.265495 0.428795 0.060278
v 1.253584 0.442717 0.058203
v 1.265495 0.440075 0.054249
v 1.253584 0.453324 0.049497
v 1.265495 0.449962 0.046135
v 1.253584 0.462030 0.038890
v 1.265495 0.458076 0.036248
v 1.253584 0.468498 0.026788
v 1.265495 0.464105 0.024968
v 1.253584 0.472482 0.013656
v 1.265495 0.467818 0.012729
v 1.253584 0.473827 -0.000000
v 1.265495 0.469071 -0.000000
v 1.253584 0.472482 -0.013656
v 1.265495 0.467818 -0.012729
v 1.253584 0.468498 -0.026788
v 1.265495 0.464105 -0.024968
v 1.253584 0.462029 -0.038890
v 1.265495 0.458076 -0.036248
v 1.253584 0.453324 -0.049498
v 1.265495 0.449961 -0.046135
v 1.253584 0.442716 -0.058203
v 1.265495 0.440075 -0.054249
v 1.253584 0.430614 -0.064672
v 1.265495 0.428795 -0.060278
v 1.253584 0.417483 -0.068655
v 1.265495 0.416555 -0.063991
v 1.329284 0.393792 -0.050449
v 1.329284 0.403827 -0.051437
v 1.329284 0.384142 -0.047522
v 1.329284 0.375250 -0.042769
v 1.329284 0.367455 -0.036372
v 1.329284 0.361058 -0.028577
v 1.329284 0.356305 -0.019684
v 1.329284 0.353378 -0.010035
v 1.329284 0.352389 -0.000000
v 1.329284 0.353378 0.010035
v 1.329284 0.356305 0.019684
v 1.329284 0.361058 0.028577
v 1.329284 0.367455 0.036372
v 1.329284 0.375250 0.042769
v 1.329284 0.384142 0.047522
v 1.329284 0.393792 0.050449
v 1.329284 0.403827 0.051437
v 1.329284 0.413862 0.050449
v 1.329284 0.423511 0.047522
v 1.329284 0.432404 0.042769
v 1.329284 0.440198 0.036372
v 1.329284 0.446595 0.028577
v 1.329284 0.451349 0.019684
v 1.329284 0.454276 0.010035
v 1.329284 0.455264 -0.000000
v 1.329284 0.454276 -0.010035
v 1.329284 0.451349 -0.019684
v 1.329284 0.446595 -0.028577
v 1.329284 0.440198 -0.036372
v 1.329284 0.432404 -0.042769
v 1.329284 0.423511 -0.047522
v 1.329284 0.413862 -0.050449
v 1.234411 0.261681 -0.058957
v 1.299865 0.261681 -0.050708
v 1.234411 0.250179 -0.057824
v 1.299865 0.251788 -0.049734
v 1.234411 0.239119 -0.054469
v 1.299865 0.242276 -0.046848
v 1.234411 0.228926 -0.049021
v 1.299865 0.233509 -0.042162
v 1.234411 0.219992 -0.041689
v 1.299865 0.225825 -0.035856
v 1.234411 0.212660 -0.032755
v 1.299865 0.219518 -0.028172
v 1.234411 0.207212 -0.022562
v 1.299865 0.214833 -0.019405
v 1.234411 0.203857 -0.011502
v 1.299865 0.211947 -0.009893
v 1.234411 0.202724 0.000000
v 1.299865 0.210973 0.000000
v 1.234411 0.203857 0.011502
v 1.299865 0.211947 0.009893
v 1.234411 0.207212 0.022562
v 1.299865 0.214832 0.019405
v 1.234411 0.212660 0.032755
v 1.299865 0.219518 0.028172
v 1.234411 0.219992 0.041689
v 1.299865 0.225825 0.035856
v 1.234411 0.228926 0.049021
v 1.299865 0.233509 0.042162
v 1.234411 0.239119 0.054469
v 1.299865 0.242276 0.046848
v 1.234411 0.250179 0.057824
v 1.299865 0.251788 0.049734
v 1.234411 0.261681 0.058957
v 1.299865 0.261681 0.050708
v 1.234411 0.273183 0.057824
v 1.299865 0.271573 0.049734
v 1.234411 0.284243 0.054469
v 1.299865 0.281086 0.046848
v 1.234411 0.294436 0.049021
v 1.299865 0.289853 0.042162
v 1.234411 0.303370 0.041689
v 1.299865 0.297537 0.035856
v 1.234411 0.310702 0.032755
v 1.299865 0.303843 0.028172
v 1.234411 0.316150 0.022562
v 1.299865 0.308529 0.019405
v 1.234411 0.319505 0.011502
v 1.299865 0.311415 0.009893
v 1.234411 0.320638 -0.000000
v 1.299865 0.312389 -0.000000
v 1.234411 0.319505 -0.011502
v 1.299865 0.311415 -0.009893
v 1.234411 0.316150 -0.022562
v 1.299865 0.308529 -0.019405
v 1.234411 0.310702 -0.032755
v 1.299865 0.303843 -0.028172
v 1.234411 0.303370 -0.041689
v 1.299865 0.297537 -0.035856
v 1.234411 0.294435 -0.049021
v 1.299865 0.289853 -0.042162
v 1.234411 0.284243 -0.054469
v 1.299865 0.281086 -0.046848
v 1.234411 0.273183 -0.057824
v 1.299865 0.271573 -0.049734
v 1.299865 0.250179 -0.057824
v 1.299865 0.261681 -0.058957
v 1.299865 0.239119 -0.054469
v 1.299865 0.228926 -0.049021
v 1.299865 0.219992 -0.041689
v 1.299865 0.212660 -0.032755
v 1.299865 0.207212 -0.022562
v 1.299865 0.203857 -0.011502
v 1.299865 0.202724 0.000000
v 1.299865 0.203857 0.011502
v 1.299865 0.207212 0.022562
v 1.299865 0.212660 0.032755
v 1.299865 0.219992 0.041689
v 1.299865 0.228926 0.049021
v 1.299865 0.239119 0.054469
v 1.299865 0.250179 0.057824
v 1.299865 0.261681 0.058957
v 1.299865 0.273183 0.057824
v 1.299865 0.284243 0.054469
v 1.299865 0.294436 0.049021
v 1.299865 0.303370 0.041689
v 1.299865 0.310702 0.032755
v 1.299865 0.316150 0.022562
v 1.299865 0.319505 0.011502
v 1.299865 0.320638 -0.000000
v 1.299865 0.319505 -0.011502
v 1.299865 0.316150 -0.022562
v 1.299865 0.310702 -0.032755
v 1.299865 0.303370 -0.041689
v 1.299865 0.294435 -0.049021
v 1.299865 0.284243 -0.054469
v 1.299865 0.273183 -0.057824
v 2.390834 0.251788 -0.049734
v 2.390834 0.261681 -0.050708
v 2.390834 0.242276 -0.046848
v 2.390834 0.233509 -0.042162
v 2.390834 0.225825 -0.035856
v 2.390834 0.219519 -0.028172
v 2.390834 0.214833 -0.019405
v 2.390834 0.211947 -0.009893
v 2.390834 0.210973 0.000000
v 2.390834 0.211947 0.009893
v 2.390834 0.214833 0.019405
v 2.390834 0.219519 0.028172
v 2.390834 0.225825 0.035856
v 2.390834 0.233509 0.042162
v 2.390834 0.242276 0.046848
v 2.390834 0.251788 0.049734
v 2.390834 0.261681 0.050708
v 2.390834 0.271574 0.049734
v 2.390834 0.281086 0.046848
v 2.390834 0.289853 0.042162
v 2.390834 0.297537 0.035856
v 2.390834 0.303843 0.028172
v 2.390834 0.308529 0.019405
v 2.390834 0.311415 0.009893
v 2.390834 0.312389 -0.000000
v 2.390834 0.311415 -0.009893
v 2.390834 0.308529 -0.019405
v 2.390834 0.303843 -0.028172
v 2.390834 0.297537 -0.035856
v 2.390834 0.289853 -0.042162
v 2.390834 0.281086 -0.046848
v 2.390834 0.271574 -0.049734
v 2.397271 0.253198 -0.042648
v 2.397271 0.261681 -0.043484
v 2.397271 0.245041 -0.040174
v 2.397271 0.237523 -0.036155
v 2.397271 0.230933 -0.030747
v 2.397271 0.225526 -0.024158
v 2.397271 0.221507 -0.016640
v 2.397271 0.219033 -0.008483
v 2.397271 0.218197 0.000000
v 2.397271 0.219033 0.008483
v 2.397271 0.221507 0.016640
v 2.397271 0.225526 0.024158
v 2.397271 0.230933 0.030748
v 2.397271 0.237523 0.036155
v 2.397271 0.245041 0.040174
v 2.397271 0.253198 0.042648
v 2.397271 0.261681 0.043484
v 2.397271 0.270164 0.042648
v 2.397271 0.278321 0.040174
v 2.397271 0.285839 0.036155
v 2.397271 0.292428 0.030747
v 2.397271 0.297836 0.024158
v 2.397271 0.301854 0.016640
v 2.397271 0.304329 0.008483
v 2.397271 0.305164 -0.000000
v 2.397271 0.304329 -0.008483
v 2.397271 0.301854 -0.016640
v 2.397271 0.297836 -0.024158
v 2.397271 0.292428 -0.030748
v 2.397271 0.285839 -0.036155
v 2.397271 0.278321 -0.040174
v 2.397271 0.270164 -0.042648
v 2.414972 0.251192 -0.052733
v 2.414972 0.261681 -0.053766
v 2.414972 0.241105 -0.049674
v 2.414972 0.231810 -0.044705
v 2.414972 0.223662 -0.038018
v 2.414972 0.216976 -0.029871
v 2.414972 0.212007 -0.020575
v 2.414972 0.208948 -0.010489
v 2.414972 0.207915 0.000000
v 2.414972 0.208948 0.010489
v 2.414972 0.212007 0.020575
v 2.414972 0.216976 0.029871
v 2.414972 0.223662 0.038019
v 2.414972 0.231810 0.044705
v 2.414972 0.241106 0.049674
v 2.414972 0.251192 0.052733
v 2.414972 0.261681 0.053766
v 2.414972 0.272170 0.052733
v 2.414972 0.282256 0.049674
v 2.414972 0.291552 0.044705
v 2.414972 0.299699 0.038018
v 2.414972 0.306386 0.029871
v 2.414972 0.311355 0.020575
v 2.414972 0.314414 0.010489
v 2.414972 0.315447 -0.000000
v 2.414972 0.314414 -0.010489
v 2.414972 0.311354 -0.020576
v 2.414972 0.306386 -0.029871
v 2.414972 0.299699 -0.038019
v 2.414972 0.291552 -0.044705
v 2.414972 0.282256 -0.049674
v 2.414972 0.272170 -0.052733
v 2.431868 0.251192 -0.052733
v 2.431868 0.261681 -0.053766
v 2.431868 0.241106 -0.049674
v 2.431868 0.231810 -0.044705
v 2.431868 0.223662 -0.038018
v 2.431868 0.216976 -0.029871
v 2.431868 0.212007 -0.020575
v 2.431868 0.208948 -0.010489
v 2.431868 0.207915 0.000000
v 2.431868 0.208948 0.010489
v 2.431868 0.212007 0.020575
v 2.431868 0.216976 0.029871
v 2.431868 0.223662 0.038019
v 2.431868 0.231810 0.044705
v 2.431868 0.241106 0.049674
v 2.431868 0.251192 0.052733
v 2.431868 0.261681 0.053766
v 2.431868 0.272170 0.052733
v 2.431868 0.282256 0.049674
v 2.431868 0.291552 0.044705
v 2.431868 0.299699 0.038018
v 2.431868 0.306386 0.029871
v 2.431868 0.311355 0.020575
v 2.431868 0.314414 0.010489
v 2.431868 0.315447 -0.000000
v 2.431868 0.314414 -0.010489
v 2.431868 0.311355 -0.020576
v 2.431868 0.306386 -0.029871
v 2.431868 0.299699 -0.038019
v 2.431868 0.291552 -0.044705
v 2.431868 0.282256 -0.049674
v 2.431868 0.272170 -0.052733
v 2.414972 0.261681 -0.043484
v 2.414972 0.270164 -0.042648
v 2.438573 0.212875 0.000000
v 2.438573 0.243004 0.045091
v 2.438573 0.213812 0.009522
v 2.438573 0.216590 0.018677
v 2.438573 0.221100 0.027115
v 2.438573 0.227170 0.034511
v 2.438573 0.306772 -0.018677
v 2.438573 0.271203 0.047869
v 2.438573 0.252159 0.047869
v 2.414972 0.292428 0.030747
v 2.414972 0.285839 0.036155
v 2.414972 0.253198 -0.042648
v 2.414972 0.225526 -0.024158
v 2.414972 0.230933 -0.030747
v 2.414972 0.219033 -0.008483
v 2.414972 0.221507 -0.016640
v 2.438573 0.309550 0.009522
v 2.438573 0.310487 -0.000000
v 2.438573 0.271203 -0.047869
v 2.438573 0.234566 -0.040581
v 2.414972 0.285839 -0.036155
v 2.414972 0.292428 -0.030748
v 2.438573 0.296192 -0.034511
v 2.438573 0.280358 0.045091
v 2.414972 0.261681 0.043484
v 2.414972 0.253198 0.042648
v 2.438573 0.234566 0.040581
v 2.438573 0.288796 0.040581
v 2.438573 0.306772 0.018677
v 2.414972 0.304329 -0.008483
v 2.414972 0.305164 -0.000000
v 2.438573 0.213812 -0.009522
v 2.438573 0.243004 -0.045091
v 2.414972 0.237523 0.036155
v 2.414972 0.230933 0.030748
v 2.438573 0.302262 -0.027115
v 2.414972 0.278321 -0.040174
v 2.438573 0.302262 0.027115
v 2.438573 0.261681 -0.048806
v 2.438573 0.309549 -0.009522
v 2.414972 0.304329 0.008483
v 2.438573 0.227170 -0.034511
v 2.438573 0.252159 -0.047868
v 2.438573 0.216590 -0.018677
v 2.414972 0.297836 -0.024158
v 2.414972 0.301854 -0.016640
v 2.438573 0.261681 0.048806
v 2.414972 0.219033 0.008483
v 2.414972 0.218197 0.000000
v 2.438573 0.296192 0.034511
v 2.438573 0.221100 -0.027115
v 2.438573 0.280358 -0.045091
v 2.414972 0.245041 0.040174
v 2.438573 0.288796 -0.040581
v 2.414972 0.237523 -0.036155
v 2.414972 0.245041 -0.040174
v 2.414972 0.297836 0.024158
v 2.414972 0.278321 0.040174
v 2.414972 0.301854 0.016640
v 2.414972 0.270164 0.042648
v 2.414972 0.225526 0.024158
v 2.414972 0.221507 0.016640
v 2.189379 0.306277 -0.008871
v 2.189379 0.236419 -0.037806
v 2.189379 0.252810 0.044596
v 2.189379 0.299487 -0.025261
v 2.189379 0.286942 -0.037806
v 2.189379 0.270552 -0.044596
v 2.189379 0.286942 0.037806
v 2.189379 0.303689 -0.017400
v 2.189379 0.219673 -0.017400
v 2.189379 0.293833 -0.032152
v 2.189379 0.293833 0.032152
v 2.189379 0.223875 0.025261
v 2.189379 0.236419 0.037806
v 2.189379 0.252810 -0.044596
v 2.189379 0.244281 0.042008
v 2.189379 0.219673 0.017400
v 2.189379 0.217085 0.008871
v 2.189379 0.229529 0.032152
v 2.189379 0.279081 -0.042008
v 2.189379 0.270552 0.044596
v 2.189379 0.229529 -0.032152
v 2.189379 0.244281 -0.042008
v 2.189379 0.307150 -0.000000
v 2.189379 0.303689 0.017400
v 2.189379 0.217085 -0.008871
v 2.189379 0.299487 0.025261
v 2.189379 0.223875 -0.025261
v 2.189379 0.279081 0.042008
v 2.189379 0.261681 0.045469
v 2.189379 0.261681 -0.045469
v 2.189379 0.306277 0.008871
v 2.189379 0.216212 0.000000
v 2.354144 0.252810 -0.044596
v 2.354144 0.261681 -0.045469
v 2.354144 0.244281 -0.042008
v 2.354144 0.236420 -0.037806
v 2.354144 0.229529 -0.032152
v 2.354144 0.223875 -0.025261
v 2.354144 0.219673 -0.017400
v 2.354144 0.217085 -0.008871
v 2.354144 0.216212 0.000000
v 2.354144 0.217085 0.008871
v 2.354144 0.219673 0.017400
v 2.354144 0.223875 0.025261
v 2.354144 0.229529 0.032152
v 2.354144 0.236420 0.037806
v 2.354144 0.244281 0.042008
v 2.354144 0.252810 0.044596
v 2.354144 0.261681 0.045469
v 2.354144 0.270552 0.044596
v 2.354144 0.279081 0.042008
v 2.354144 0.286942 0.037806
v 2.354144 0.293833 0.032152
v 2.354144 0.299487 0.025261
v 2.354144 0.303689 0.017400
v 2.354144 0.306277 0.008871
v 2.354144 0.307150 -0.000000
v 2.354144 0.306277 -0.008871
v 2.354144 0.303689 -0.017400
v 2.354144 0.299487 -0.025261
v 2.354144 0.293833 -0.032152
v 2.354144 0.286942 -0.037806
v 2.354144 0.279081 -0.042008
v 2.354144 0.270552 -0.044596
v 2.189379 0.250484 -0.056292
v 2.189379 0.239717 -0.053026
v 2.354144 0.302265 -0.040584
v 2.354144 0.309403 -0.031887
v 2.354144 0.221097 -0.040584
v 2.354144 0.229794 -0.047722
v 2.354144 0.204286 0.000000
v 2.354144 0.205389 -0.011197
v 2.189379 0.272878 0.056292
v 2.189379 0.283645 0.053026
v 2.354144 0.302265 0.040584
v 2.354144 0.293568 0.047722
v 2.189379 0.309403 0.031887
v 2.189379 0.314707 0.021964
v 2.189379 0.317973 -0.011197
v 2.189379 0.314707 -0.021964
v 2.189379 0.213959 -0.031887
v 2.189379 0.208655 -0.021964
v 2.189379 0.213959 0.031887
v 2.189379 0.221097 0.040584
v 2.189379 0.205389 -0.011197
v 2.189379 0.204286 0.000000
v 2.189379 0.208655 0.021964
v 2.189379 0.205389 0.011197
v 2.189379 0.261681 0.057395
v 2.354144 0.208655 -0.021964
v 2.354144 0.261681 -0.057395
v 2.354144 0.272878 -0.056292
v 2.354144 0.309403 0.031887
v 2.354144 0.239717 -0.053026
v 2.354144 0.250484 -0.056292
v 2.354144 0.319076 -0.000000
v 2.354144 0.317973 0.011197
v 2.354144 0.250484 0.056292
v 2.354144 0.239717 0.053026
v 2.189379 0.317973 0.011197
v 2.189379 0.319076 -0.000000
v 2.354144 0.261681 0.057395
v 2.189379 0.221097 -0.040584
v 2.354144 0.229794 0.047722
v 2.189379 0.261681 -0.057395
v 2.354144 0.221097 0.040584
v 2.354144 0.205389 0.011197
v 2.189379 0.229794 0.047722
v 2.354144 0.213959 0.031887
v 2.354144 0.208655 0.021964
v 2.189379 0.250484 0.056292
v 2.189379 0.293568 -0.047722
v 2.189379 0.283645 -0.053026
v 2.354144 0.272878 0.056292
v 2.189379 0.272878 -0.056292
v 2.189379 0.293568 0.047722
v 2.189379 0.302265 0.040584
v 2.189379 0.302265 -0.040584
v 2.189379 0.239717 0.053026
v 2.354144 0.283645 0.053026
v 2.189379 0.229794 -0.047722
v 2.189379 0.309403 -0.031887
v 2.354144 0.314707 -0.021964
v 2.354144 0.213959 -0.031887
v 2.354144 0.317973 -0.011197
v 2.354144 0.293568 -0.047722
v 2.354144 0.314707 0.021964
v 2.354144 0.283645 -0.053026
v 1.235546 0.179812 -0.012702
v 2.331128 0.179812 -0.012702
v 1.235546 0.174951 -0.011735
v 2.331128 0.174951 -0.011735
v 1.235546 0.170830 -0.008982
v 2.331128 0.170830 -0.008982
v 1.235546 0.168077 -0.004861
v 2.331128 0.168077 -0.004861
v 1.235546 0.167110 0.000000
v 2.331128 0.167110 0.000000
v 1.235546 0.168077 0.004861
v 2.331128 0.168077 0.004861
v 1.235546 0.170830 0.008982
v 2.331128 0.170830 0.008982
v 1.235546 0.174951 0.011735
v 2.331128 0.174951 0.011735
v 1.235546 0.179812 0.012702
v 2.331128 0.179812 0.012702
v 1.235546 0.184673 0.011735
v 2.331128 0.184673 0.011735
v 1.235546 0.188794 0.008982
v 2.331128 0.188794 0.008982
v 1.235546 0.191547 0.004861
v 2.331128 0.191547 0.004861
v 1.235546 0.192514 0.000000
v 2.331128 0.192514 0.000000
v 1.235546 0.191547 -0.004861
v 2.331128 0.191547 -0.004861
v 1.235546 0.188794 -0.008982
v 2.331128 0.188794 -0.008982
v 1.235546 0.184673 -0.011735
v 2.331128 0.184673 -0.011735
v 2.503871 0.213812 0.009522
v 2.472232 0.231326 -0.030355
v 2.463866 0.222021 0.016428
v 2.463866 0.225988 0.023850
v 2.501707 0.222021 0.016428
v 2.463866 0.219578 0.008375
v 2.472232 0.219578 0.008375
v 2.493341 0.222021 -0.016428
v 2.493341 0.219578 -0.008375
v 2.503871 0.216590 -0.018677
v 2.474396 0.227170 0.034511
v 2.474396 0.252159 -0.047868
v 2.474396 0.212875 0.000000
v 2.463866 0.253306 0.042103
v 2.503871 0.271203 0.047869
v 2.493341 0.218753 0.000000
v 2.493341 0.237831 -0.035693
v 2.474396 0.234566 -0.040581
v 2.472232 0.245253 -0.039660
v 2.493341 0.231326 -0.030355
v 2.493341 0.225988 -0.023850
v 2.474396 0.271203 0.047869
v 2.501707 0.231326 0.030355
v 2.503871 0.221100 0.027115
v 2.501707 0.218753 0.000000
v 2.501707 0.219578 -0.008375
v 2.472232 0.261681 -0.042928
v 2.472232 0.261681 0.042928
v 2.472232 0.253306 0.042103
v 2.493341 0.253306 -0.042103
v 2.493341 0.245253 -0.039660
v 2.474396 0.243004 0.045091
v 2.474396 0.234566 0.040581
v 2.493341 0.219578 0.008375
v 2.503871 0.221100 -0.027115
v 2.503871 0.227170 -0.034511
v 2.463866 0.245253 -0.039660
v 2.463866 0.261681 -0.042928
v 2.463866 0.253306 -0.042103
v 2.463866 0.261681 0.042928
v 2.461701 0.271203 0.047869
v 2.463866 0.219578 -0.008375
v 2.463866 0.218753 0.000000
v 2.463866 0.245253 0.039660
v 2.501707 0.237831 -0.035693
v 2.461701 0.271203 -0.047869
v 2.474396 0.271203 -0.047869
v 2.493341 0.245253 0.039660
v 2.493341 0.253306 0.042103
v 2.474396 0.213812 -0.009522
v 2.463866 0.237831 -0.035693
v 2.463866 0.231326 -0.030355
v 2.503871 0.261681 0.048806
v 2.463866 0.225988 -0.023850
v 2.463866 0.222021 -0.016428
v 2.493341 0.261681 0.042928
v 2.491177 0.271203 0.047869
v 2.503871 0.243004 -0.045091
v 2.501707 0.253306 -0.042103
v 2.491177 0.271203 -0.047869
v 2.493341 0.261681 -0.042928
v 2.503871 0.252159 0.047869
v 2.501707 0.245253 0.039660
v 2.501707 0.237831 0.035693
v 2.503871 0.261681 -0.048806
v 2.503871 0.271203 -0.047869
v 2.493341 0.222021 0.016428
v 2.493341 0.225988 0.023850
v 2.472232 0.225988 0.023850
v 2.474396 0.216590 0.018677
v 2.472232 0.222021 -0.016428
v 2.472232 0.225988 -0.023850
v 2.463866 0.231326 0.030355
v 2.463866 0.237831 0.035693
v 2.493341 0.231326 0.030355
v 2.493341 0.237831 0.035693
v 2.461701 0.234566 -0.040581
v 2.472232 0.237831 -0.035693
v 2.461701 0.212875 0.000000
v 2.472232 0.218753 0.000000
v 2.463866 0.270629 -0.042047
v 2.472232 0.270629 -0.042047
v 2.461701 0.243004 0.045091
v 2.472232 0.245253 0.039660
v 2.461701 0.280358 -0.045091
v 2.474396 0.280358 -0.045091
v 2.461701 0.234566 0.040581
v 2.472232 0.237831 0.035693
v 2.461701 0.306772 0.018677
v 2.474396 0.306772 0.018677
v 2.461701 0.302262 0.027115
v 2.474396 0.302262 0.027115
v 2.461701 0.296192 -0.034511
v 2.474396 0.296192 -0.034511
v 2.461701 0.213812 -0.009522
v 2.472232 0.219578 -0.008375
v 2.461701 0.302262 -0.027115
v 2.474396 0.302262 -0.027115
v 2.461701 0.306772 -0.018677
v 2.474396 0.306772 -0.018677
v 2.461701 0.280358 0.045091
v 2.474396 0.280358 0.045091
v 2.461701 0.252159 -0.047868
v 2.472232 0.253306 -0.042103
v 2.461701 0.216590 0.018677
v 2.472232 0.222021 0.016428
v 2.461701 0.227170 0.034511
v 2.472232 0.231326 0.030355
v 2.461701 0.309549 -0.009522
v 2.474396 0.309549 -0.009522
v 2.474396 0.252159 0.047869
v 2.461701 0.252159 0.047869
v 2.474396 0.243004 -0.045091
v 2.461701 0.243004 -0.045091
v 2.474396 0.261681 0.048806
v 2.461701 0.261681 0.048806
v 2.474396 0.227170 -0.034511
v 2.461701 0.227170 -0.034511
v 2.474396 0.288796 -0.040581
v 2.461701 0.288796 -0.040581
v 2.474396 0.288796 0.040581
v 2.461701 0.288796 0.040581
v 2.474396 0.296192 0.034511
v 2.461701 0.296192 0.034511
v 2.474396 0.221100 -0.027115
v 2.461701 0.221100 -0.027115
v 2.474396 0.216590 -0.018677
v 2.461701 0.216590 -0.018677
v 2.474396 0.309550 0.009522
v 2.461701 0.309550 0.009522
v 2.472232 0.270629 0.042047
v 2.463866 0.270629 0.042047
v 2.474396 0.261681 -0.048806
v 2.461701 0.261681 -0.048806
v 2.474396 0.213812 0.009522
v 2.461701 0.213812 0.009522
v 2.474396 0.221100 0.027115
v 2.461701 0.221100 0.027115
v 2.474396 0.310487 -0.000000
v 2.461701 0.310487 -0.000000
v 2.491177 0.252159 0.047869
v 2.501707 0.253306 0.042103
v 2.503871 0.234566 -0.040581
v 2.491177 0.234566 -0.040581
v 2.491177 0.243004 -0.045091
v 2.501707 0.245253 -0.039660
v 2.503871 0.212875 0.000000
v 2.491177 0.212875 0.000000
v 2.491177 0.261681 0.048806
v 2.501707 0.261681 0.042928
v 2.501707 0.270629 -0.042047
v 2.493341 0.270629 -0.042047
v 2.503871 0.243004 0.045091
v 2.491177 0.243004 0.045091
v 2.491177 0.227170 -0.034511
v 2.501707 0.231326 -0.030355
v 2.503871 0.280358 -0.045091
v 2.491177 0.280358 -0.045091
v 2.491177 0.288796 -0.040581
v 2.503871 0.288796 -0.040581
v 2.503871 0.234566 0.040581
v 2.491177 0.234566 0.040581
v 2.491177 0.288796 0.040581
v 2.503871 0.288796 0.040581
v 2.503871 0.306772 0.018677
v 2.491177 0.306772 0.018677
v 2.503871 0.302262 0.027115
v 2.491177 0.302262 0.027115
v 2.491177 0.296192 0.034511
v 2.503871 0.296192 0.034511
v 2.491177 0.221100 -0.027115
v 2.501707 0.225988 -0.023850
v 2.503871 0.296192 -0.034511
v 2.491177 0.296192 -0.034511
v 2.503871 0.213812 -0.009522
v 2.491177 0.213812 -0.009522
v 2.491177 0.216590 -0.018677
v 2.501707 0.222021 -0.016428
v 2.503871 0.302262 -0.027115
v 2.491177 0.302262 -0.027115
v 2.503871 0.306772 -0.018677
v 2.491177 0.306772 -0.018677
v 2.491177 0.309550 0.009522
v 2.503871 0.309550 0.009522
v 2.503871 0.280358 0.045091
v 2.491177 0.280358 0.045091
v 2.493341 0.270629 0.042047
v 2.501707 0.270629 0.042047
v 2.503871 0.252159 -0.047868
v 2.491177 0.252159 -0.047868
v 2.491177 0.261681 -0.048806
v 2.501707 0.261681 -0.042928
v 2.503871 0.216590 0.018677
v 2.491177 0.216590 0.018677
v 2.491177 0.213812 0.009522
v 2.501707 0.219578 0.008375
v 2.503871 0.227170 0.034511
v 2.491177 0.227170 0.034511
v 2.491177 0.221100 0.027115
v 2.501707 0.225988 0.023850
v 2.503871 0.309549 -0.009522
v 2.491177 0.309549 -0.009522
v 2.491177 0.310487 -0.000000
v 2.503871 0.310487 -0.000000
v 2.689393 0.288796 -0.040581
v 2.689393 0.280358 -0.045091
v 2.689393 0.221100 -0.027115
v 2.689393 0.296192 0.034511
v 2.689393 0.216590 -0.018677
v 2.689393 0.227170 -0.034511
v 2.689393 0.302262 0.027115
v 2.689393 0.302262 -0.027115
v 2.689393 0.243004 -0.045091
v 2.689393 0.306772 0.018677
v 2.689393 0.288796 0.040581
v 2.689393 0.234566 0.040581
v 2.689393 0.280358 0.045091
v 2.689393 0.296192 -0.034511
v 2.689393 0.234566 -0.040581
v 2.689393 0.306772 -0.018677
v 2.689393 0.227170 0.034511
v 2.689393 0.221100 0.027115
v 2.689393 0.216590 0.018677
v 2.689393 0.243004 0.045091
v 2.556475 0.288796 -0.040581
v 2.556475 0.280358 -0.045091
v 2.556475 0.221100 -0.027115
v 2.556475 0.296192 0.034511
v 2.556475 0.261681 0.048806
v 2.556475 0.216590 -0.018677
v 2.556475 0.252159 -0.047868
v 2.556475 0.227170 -0.034511
v 2.556475 0.309549 -0.009522
v 2.556475 0.261681 -0.048806
v 2.556475 0.302262 0.027115
v 2.556475 0.302262 -0.027115
v 2.556475 0.243004 -0.045091
v 2.556475 0.213812 -0.009522
v 2.556475 0.306772 0.018677
v 2.556475 0.288796 0.040581
v 2.556475 0.234566 0.040581
v 2.556475 0.280358 0.045091
v 2.556475 0.296192 -0.034511
v 2.556475 0.234566 -0.040581
v 2.556475 0.271203 -0.047869
v 2.556475 0.310487 -0.000000
v 2.556475 0.309550 0.009522
v 2.556475 0.252159 0.047869
v 2.556475 0.271203 0.047869
v 2.556475 0.306772 -0.018677
v 2.556475 0.227170 0.034511
v 2.556475 0.221100 0.027115
v 2.556475 0.216590 0.018677
v 2.556475 0.213812 0.009522
v 2.556475 0.243004 0.045091
v 2.556475 0.212875 0.000000
v 2.438573 0.288796 -0.040581
v 2.438573 0.280358 -0.045091
v 2.438573 0.221100 -0.027115
v 2.438573 0.296192 0.034511
v 2.438573 0.261681 0.048806
v 2.438573 0.216590 -0.018677
v 2.438573 0.252159 -0.047868
v 2.438573 0.227170 -0.034511
v 2.438573 0.309549 -0.009522
v 2.438573 0.261681 -0.048806
v 2.438573 0.302262 0.027115
v 2.438573 0.302262 -0.027115
v 2.438573 0.243004 -0.045091
v 2.438573 0.213812 -0.009522
v 2.438573 0.306772 0.018677
v 2.438573 0.288796 0.040581
v 2.438573 0.234566 0.040581
v 2.438573 0.280358 0.045091
v 2.438573 0.296192 -0.034511
v 2.438573 0.234566 -0.040581
v 2.438573 0.271203 -0.047869
v 2.438573 0.310487 -0.000000
v 2.438573 0.309550 0.009522
v 2.438573 0.252159 0.047869
v 2.438573 0.271203 0.047869
v 2.438573 0.306772 -0.018677
v 2.438573 0.227170 0.034511
v 2.438573 0.221100 0.027115
v 2.438573 0.216590 0.018677
v 2.438573 0.213812 0.009522
v 2.438573 0.243004 0.045091
v 2.438573 0.212875 0.000000
v 2.482308 0.235661 0.026020
v 2.482308 0.254502 -0.036091
v 2.482308 0.224883 0.000000
v 2.512013 0.280171 0.033113
v 2.482308 0.241237 -0.030597
v 2.482537 0.280169 0.033112
v 2.482308 0.247599 0.033997
v 2.482308 0.241237 0.030597
v 2.453560 0.280171 -0.033113
v 2.482538 0.280171 -0.033113
v 2.482308 0.225590 -0.007179
v 2.483037 0.280169 0.033112
v 2.483035 0.280171 -0.033113
v 2.512013 0.280171 -0.033113
v 2.482308 0.227684 0.014082
v 2.474396 0.275838 -0.034184
v 2.474396 0.295864 0.014159
v 2.474396 0.292446 0.020554
v 2.474396 0.287842 -0.026164
v 2.474396 0.292446 -0.020554
v 2.474396 0.295863 -0.014161
v 2.474396 0.275842 0.034182
v 2.474396 0.297969 -0.007218
v 2.482308 0.254502 0.036091
v 2.482308 0.247599 -0.033997
v 2.482308 0.261681 0.036798
v 2.482308 0.235661 -0.026020
v 2.474396 0.282238 -0.030763
v 2.474396 0.282237 0.030764
v 2.474396 0.287844 0.026163
v 2.482308 0.231084 -0.020444
v 2.482308 0.227684 -0.014082
v 2.474396 0.297970 0.007218
v 2.482308 0.261681 -0.036798
v 2.482308 0.225590 0.007179
v 2.482308 0.231084 0.020444
v 2.474396 0.298680 0.000002
v 2.483265 0.254502 0.036091
v 2.483265 0.241237 -0.030597
v 2.483265 0.247599 -0.033997
v 2.483265 0.224883 0.000000
v 2.483265 0.261681 0.036798
v 2.483265 0.247599 0.033997
v 2.483265 0.235661 -0.026020
v 2.503871 0.275840 -0.034183
v 2.491177 0.275838 -0.034184
v 2.491177 0.282238 -0.030763
v 2.503871 0.282237 -0.030764
v 2.483265 0.241237 0.030597
v 2.491177 0.282237 0.030764
v 2.503871 0.282237 0.030764
v 2.503871 0.295863 0.014161
v 2.491177 0.295864 0.014159
v 2.503871 0.292445 0.020556
v 2.491177 0.292446 0.020554
v 2.491177 0.287844 0.026163
v 2.503871 0.287844 0.026163
v 2.483265 0.231084 -0.020444
v 2.503871 0.287842 -0.026164
v 2.491177 0.287842 -0.026164
v 2.483265 0.225590 -0.007179
v 2.483265 0.227684 -0.014082
v 2.503871 0.292446 -0.020554
v 2.491177 0.292446 -0.020554
v 2.503871 0.295864 -0.014159
v 2.491177 0.295863 -0.014161
v 2.491177 0.297970 0.007218
v 2.503871 0.297970 0.007216
v 2.503871 0.275840 0.034183
v 2.491177 0.275842 0.034182
v 2.483265 0.254502 -0.036091
v 2.483265 0.261681 -0.036798
v 2.483265 0.227684 0.014082
v 2.483265 0.225590 0.007179
v 2.483265 0.235661 0.026020
v 2.483265 0.231084 0.020444
v 2.503871 0.297969 -0.007220
v 2.491177 0.297969 -0.007218
v 2.491177 0.298680 0.000002
v 2.503871 0.298680 0.000002
v 2.689393 0.282237 -0.030764
v 2.689393 0.274819 -0.034729
v 2.689393 0.230917 -0.020556
v 2.689393 0.287844 0.026163
v 2.689393 0.226952 -0.013138
v 2.689393 0.235518 -0.026163
v 2.689393 0.292445 0.020556
v 2.689393 0.292445 -0.020556
v 2.689393 0.248543 -0.034729
v 2.689393 0.296410 0.013138
v 2.689393 0.282237 0.030764
v 2.689393 0.241125 0.030764
v 2.689393 0.274819 0.034729
v 2.689393 0.287843 -0.026163
v 2.689393 0.241125 -0.030764
v 2.689393 0.296410 -0.013138
v 2.689393 0.235518 0.026163
v 2.689393 0.230917 0.020556
v 2.689393 0.226952 0.013138
v 2.689393 0.248543 0.034729
v 2.556475 0.282237 -0.030764
v 2.556475 0.275840 -0.034183
v 2.556475 0.230918 -0.020557
v 2.556475 0.287844 0.026163
v 2.556475 0.261681 0.036999
v 2.556475 0.227498 -0.014159
v 2.556475 0.254463 -0.036289
v 2.556475 0.235517 -0.026161
v 2.556475 0.297969 -0.007218
v 2.556475 0.261681 -0.036999
v 2.556475 0.292445 0.020556
v 2.556475 0.292445 -0.020556
v 2.556475 0.247522 -0.034183
v 2.556475 0.225392 -0.007218
v 2.556475 0.295864 0.014159
v 2.556475 0.282237 0.030764
v 2.556475 0.241125 0.030764
v 2.556475 0.275840 0.034183
v 2.556475 0.287843 -0.026163
v 2.556475 0.241125 -0.030764
v 2.556475 0.268899 -0.036289
v 2.556475 0.298680 -0.000000
v 2.556475 0.297970 0.007218
v 2.556475 0.254463 0.036289
v 2.556475 0.268899 0.036289
v 2.556475 0.295864 -0.014159
v 2.556475 0.235518 0.026163
v 2.556475 0.230917 0.020556
v 2.556475 0.227498 0.014159
v 2.556475 0.225392 0.007218
v 2.556475 0.247522 0.034183
v 2.556475 0.224682 0.000000
v 1.271515 0.224682 0.000000
v 1.271515 0.247522 0.034183
v 1.271515 0.225392 0.007218
v 1.271515 0.227498 0.014159
v 1.271515 0.230917 0.020556
v 1.271515 0.235518 0.026163
v 1.271515 0.295864 -0.014159
v 1.271515 0.268899 0.036289
v 1.271515 0.254463 0.036289
v 1.271515 0.297970 0.007218
v 1.271515 0.298680 -0.000000
v 1.271515 0.268899 -0.036289
v 1.271515 0.241125 -0.030764
v 1.271515 0.287843 -0.026163
v 1.271515 0.275840 0.034183
v 1.271515 0.241125 0.030764
v 1.271515 0.282237 0.030764
v 1.271515 0.295864 0.014159
v 1.271515 0.225392 -0.007218
v 1.271515 0.247522 -0.034183
v 1.271515 0.292445 -0.020556
v 1.271515 0.292445 0.020556
v 1.271515 0.261681 -0.036999
v 1.271515 0.297969 -0.007218
v 1.271515 0.235517 -0.026161
v 1.271515 0.254463 -0.036289
v 1.271515 0.227498 -0.014159
v 1.271515 0.261681 0.036999
v 1.271515 0.287844 0.026163
v 1.271515 0.230918 -0.020557
v 1.271515 0.275840 -0.034183
v 1.271515 0.282237 -0.030764
vn -0.0000 0.9239 0.3827
vn -0.0000 0.8315 0.5556
vn -0.0000 -0.9808 0.1951
vn -0.0000 -1.0000 -0.0000
vn -0.0000 0.9808 0.1951
vn -0.0000 -0.9239 0.3827
vn -0.0000 1.0000 -0.0000
vn -0.0000 -0.8315 0.5556
vn -0.0000 0.9808 -0.1951
vn -0.0000 -0.7071 0.7071
vn -0.0000 0.9239 -0.3827
vn -0.0000 -0.5556 0.8315
vn -0.0000 0.8315 -0.5556
vn -0.0000 -0.3827 0.9239
vn -0.0000 -0.1951 -0.9808
vn -0.0000 -0.0000 -1.0000
vn -0.0000 0.7071 -0.7071
vn -0.0000 -0.1951 0.9808
vn -0.0000 -0.3827 -0.9239
vn -0.0000 0.5556 -0.8315
vn -0.0000 -0.0000 1.0000
vn -0.0000 -0.5556 -0.8315
vn -0.0000 0.3827 -0.9239
vn -0.0000 0.1951 0.9808
vn -0.0000 -0.7071 -0.7071
vn -0.0000 0.1951 -0.9808
vn -0.0000 0.3827 0.9239
vn -0.0000 -0.8315 -0.5556
vn -0.0000 0.5556 0.8315
vn -0.0000 -0.9239 -0.3827
vn -0.0000 0.7071 0.7071
vn -0.0000 -0.9808 -0.1951
vn 1.0000 -0.0000 -0.0000
vn 0.2103 -0.0000 -0.9776
vn 0.2103 -0.1907 -0.9589
vn 0.2103 -0.3741 -0.9032
vn 0.2103 -0.5431 -0.8129
vn 0.2103 -0.6913 -0.6913
vn 0.2103 -0.8129 -0.5431
vn 0.2103 -0.9032 -0.3741
vn 0.2103 -0.9589 -0.1907
vn 0.2103 -0.9776 -0.0000
vn 0.2103 -0.9589 0.1907
vn 0.2103 -0.9032 0.3741
vn 0.2103 -0.8129 0.5431
vn 0.2103 -0.6913 0.6913
vn 0.2103 -0.5431 0.8129
vn 0.2103 -0.3741 0.9032
vn 0.2103 -0.1907 0.9589
vn 0.2103 -0.0000 0.9776
vn 0.2103 0.1907 0.9589
vn 0.2103 0.3741 0.9032
vn 0.2103 0.5431 0.8129
vn 0.2103 0.6913 0.6913
vn 0.2103 0.8129 0.5431
vn 0.2103 0.9032 0.3741
vn 0.2103 0.9589 0.1907
vn 0.2103 0.9776 -0.0000
vn 0.2103 0.9589 -0.1907
vn 0.2103 0.9032 -0.3741
vn 0.2103 0.8129 -0.5431
vn 0.2103 0.6913 -0.6913
vn 0.2103 0.5431 -0.8129
vn 0.2103 0.3741 -0.9032
vn 0.2103 0.1907 -0.9589
vn 0.5338 0.1650 -0.8294
vn 0.5601 0.1616 -0.8125
vn 0.5601 -0.0000 -0.8284
vn 0.5338 -0.0000 -0.8456
vn 0.5338 0.3236 -0.7812
vn 0.5601 0.3170 -0.7654
vn 0.5338 0.4698 -0.7031
vn 0.5601 0.4603 -0.6888
vn 0.5338 0.5979 -0.5979
vn 0.5601 0.5858 -0.5858
vn 0.5338 0.7031 -0.4698
vn 0.5601 0.6888 -0.4603
vn 0.5338 0.7812 -0.3236
vn 0.5601 0.7654 -0.3170
vn 0.5338 0.8294 -0.1650
vn 0.5601 0.8125 -0.1616
vn 0.5338 0.8456 -0.0000
vn 0.5601 0.8284 -0.0000
vn 0.5338 0.8294 0.1650
vn 0.5601 0.8125 0.1616
vn 0.5338 0.7812 0.3236
vn 0.5601 0.7654 0.3170
vn 0.5338 0.7031 0.4698
vn 0.5601 0.6888 0.4603
vn 0.5338 0.5979 0.5979
vn 0.5601 0.5858 0.5858
vn 0.5338 0.4698 0.7031
vn 0.5601 0.4603 0.6888
vn 0.5338 0.3236 0.7812
vn 0.5601 0.3170 0.7654
vn 0.5338 0.1650 0.8294
vn 0.5601 0.1616 0.8125
vn 0.5338 -0.0000 0.8456
vn 0.5601 -0.0000 0.8284
vn 0.5338 -0.1650 0.8294
vn 0.5601 -0.1616 0.8125
vn 0.5338 -0.3236 0.7812
vn 0.5601 -0.3170 0.7654
vn 0.5338 -0.4698 0.7031
vn 0.5601 -0.4603 0.6888
vn 0.5338 -0.5979 0.5979
vn 0.5601 -0.5858 0.5858
vn 0.5338 -0.7031 0.4698
vn 0.5601 -0.6888 0.4603
vn 0.5338 -0.7812 0.3236
vn 0.5601 -0.7654 0.3170
vn 0.5338 -0.8294 0.1650
vn 0.5601 -0.8125 0.1616
vn 0.5338 -0.8456 -0.0000
vn 0.5601 -0.8284 -0.0000
vn 0.5338 -0.8294 -0.1650
vn 0.5601 -0.8125 -0.1616
vn 0.5338 -0.7812 -0.3236
vn 0.5601 -0.7654 -0.3170
vn 0.5338 -0.7031 -0.4698
vn 0.5601 -0.6888 -0.4603
vn 0.5338 -0.5979 -0.5979
vn 0.5601 -0.5858 -0.5858
vn 0.5338 -0.4698 -0.7031
vn 0.5601 -0.4603 -0.6888
vn 0.5338 -0.3236 -0.7812
vn 0.5601 -0.3170 -0.7654
vn 0.5338 -0.1650 -0.8294
vn 0.5601 -0.1616 -0.8125
vn 0.1866 0.1917 -0.9636
vn 0.1866 -0.0000 -0.9824
vn 0.1866 -0.3760 -0.9076
vn 0.1866 -0.5458 -0.8169
vn 0.1866 -0.6947 -0.6947
vn 0.1866 -0.8169 -0.5458
vn 0.1866 -0.9076 -0.3760
vn 0.1866 -0.9636 -0.1917
vn 0.1866 -0.9824 -0.0000
vn 0.1866 -0.9636 0.1917
vn 0.1866 -0.9076 0.3760
vn 0.1866 -0.8169 0.5458
vn 0.1866 -0.6947 0.6947
vn 0.1866 -0.5458 0.8169
vn 0.1866 -0.3760 0.9076
vn 0.1866 -0.1917 0.9636
vn 0.1866 -0.0000 0.9824
vn 0.1866 0.1917 0.9635
vn 0.1866 0.3760 0.9076
vn 0.1866 0.5458 0.8169
vn 0.1866 0.6947 0.6947
vn 0.1866 0.8169 0.5458
vn 0.1866 0.9076 0.3760
vn 0.1866 0.9636 0.1917
vn 0.1866 0.9824 -0.0000
vn 0.1866 0.9635 -0.1917
vn 0.1866 0.9076 -0.3760
vn 0.1866 0.8169 -0.5458
vn 0.1866 0.6947 -0.6947
vn 0.1866 0.5458 -0.8169
vn 0.1866 0.3760 -0.9076
vn 0.1866 -0.1917 -0.9636
vn 0.7467 -0.1298 0.6524
vn 0.7467 -0.2546 0.6146
vn -1.0000 -0.0000 -0.0000
vn 0.5947 0.7427 0.3077
vn 0.5947 0.6685 0.4466
vn 0.5947 0.5685 0.5685
vn 0.5947 0.4467 0.6684
vn 0.5947 -0.1568 0.7885
vn 0.5947 -0.3077 0.7427
vn 0.7467 0.1298 0.6524
vn 0.7467 -0.0000 0.6652
vn 0.7467 -0.6146 0.2546
vn 0.7467 -0.6524 0.1298
vn 0.7467 0.6652 -0.0000
vn 0.7467 0.6524 0.1298
vn 0.5947 0.3077 0.7427
vn 0.5947 -0.3077 -0.7427
vn 0.5947 -0.1568 -0.7885
vn 0.5947 -0.3077 -0.7428
vn 0.7467 -0.1298 -0.6524
vn 0.7467 -0.0000 -0.6652
vn 0.7467 0.2546 0.6146
vn 0.7467 -0.3696 -0.5531
vn 0.7467 -0.2546 -0.6146
vn 0.5947 0.6685 -0.4466
vn 0.5947 0.7427 -0.3077
vn 0.5947 -0.6685 0.4466
vn 0.5947 -0.7427 0.3077
vn 0.7467 0.5531 0.3696
vn 0.7467 0.4704 0.4704
vn 0.5947 -0.4466 0.6685
vn 0.5947 0.1568 -0.7885
vn 0.5947 0.3077 -0.7428
vn 0.5947 -0.5685 0.5685
vn 0.7467 -0.6652 -0.0000
vn 0.7467 -0.6524 -0.1298
vn 0.5947 0.7885 -0.1568
vn 0.5947 0.8039 -0.0000
vn 0.7467 -0.6146 -0.2546
vn 0.7467 -0.5531 -0.3696
vn 0.5947 -0.7885 0.1568
vn 0.7467 0.3696 -0.5531
vn 0.7467 0.4704 -0.4704
vn 0.7467 0.1298 -0.6524
vn 0.5947 -0.0000 -0.8039
vn 0.5947 0.4466 -0.6685
vn 0.7467 0.3696 0.5531
vn 0.7467 0.6146 0.2546
vn 0.7467 0.5531 -0.3696
vn 0.7467 0.6146 -0.2546
vn 0.7467 0.6524 -0.1298
vn 0.5947 -0.7427 -0.3077
vn 0.5947 -0.6685 -0.4466
vn 0.7467 0.2546 -0.6146
vn 0.5947 -0.4466 -0.6685
vn 0.7467 -0.4704 -0.4704
vn 0.7467 -0.3696 0.5531
vn 0.7467 -0.4704 0.4704
vn 0.7467 -0.5531 0.3696
vn 0.5947 -0.8039 -0.0000
vn 0.5947 -0.7885 -0.1568
vn 0.5947 -0.5685 -0.5685
vn 0.5947 0.5685 -0.5685
vn 0.5947 0.7885 0.1568
vn 0.5947 -0.0000 0.8039
vn 0.5947 0.1568 0.7885
vn -0.9384 -0.0674 0.3389
vn -0.9384 -0.1322 0.3192
vn -0.0000 0.2272 -0.9739
vn -0.0000 -0.9108 0.4128
vn -0.0000 -0.4128 -0.9108
vn -0.0000 -0.4714 -0.8819
vn 0.9384 -0.1322 -0.3192
vn 0.9384 -0.1919 -0.2873
vn -0.0000 0.8819 0.4714
vn -0.0000 0.9108 0.4128
vn -0.9384 -0.3388 -0.0674
vn -0.9384 -0.3192 -0.1322
vn -0.0000 0.2272 0.9739
vn -0.0000 -0.8819 0.4714
vn -0.9384 -0.0674 -0.3389
vn -0.9384 -0.0000 -0.3455
vn 0.9384 -0.3192 0.1322
vn 0.9384 -0.2873 0.1920
vn 0.9384 -0.2873 -0.1920
vn 0.9384 -0.3192 -0.1322
vn -0.0000 0.4128 -0.9108
vn -0.9384 -0.1919 0.2873
vn -0.0000 -0.9952 -0.0980
vn 0.9384 -0.3388 -0.0674
vn -0.9384 -0.2443 0.2443
vn 0.9384 -0.2443 -0.2443
vn 0.9384 -0.2873 -0.1919
vn 0.9384 -0.0674 0.3389
vn 0.9384 -0.0000 0.3455
vn -0.0000 0.9108 -0.4128
vn -0.9384 -0.1920 0.2873
vn -0.9384 -0.2873 -0.1919
vn -0.9384 -0.3192 0.1322
vn -0.9384 -0.3388 0.0674
vn 0.9384 -0.2873 0.1919
vn 0.9384 -0.3455 -0.0000
vn 0.9384 -0.3389 0.0674
vn 0.9384 -0.0674 0.3388
vn -0.9384 -0.2443 -0.2443
vn -0.9384 -0.1920 -0.2873
vn -0.0000 0.4128 0.9108
vn -0.9379 0.0340 0.3453
vn -0.9384 -0.0000 0.3455
vn -0.9384 -0.0674 0.3388
vn 0.9384 -0.1920 0.2873
vn 0.9384 -0.1322 0.3192
vn -0.0000 0.0980 0.9952
vn -0.9384 -0.3389 0.0674
vn 0.9384 -0.2443 0.2443
vn 0.9379 0.0340 -0.3453
vn 0.9384 -0.0000 -0.3455
vn 0.9384 -0.1919 0.2873
vn -0.9384 -0.1322 -0.3192
vn -0.9384 -0.2873 0.1919
vn -0.0000 -0.4128 0.9108
vn 0.9384 -0.3388 0.0674
vn -0.0000 0.0980 -0.9952
vn 0.9384 -0.0674 -0.3388
vn -0.0000 -0.9108 -0.4128
vn 0.9384 -0.3389 -0.0674
vn 0.9384 -0.0674 -0.3389
vn 0.9384 -0.1920 -0.2873
vn -0.9379 0.0340 -0.3453
vn -0.0000 0.4714 0.8819
vn -0.0000 -0.4714 0.8819
vn -0.9384 -0.3455 -0.0000
vn -0.0000 -0.9952 0.0980
vn -0.0000 0.4714 -0.8819
vn -0.9384 -0.3389 -0.0674
vn 0.9379 0.0340 0.3453
vn -0.0000 -0.8819 -0.4714
vn -0.0000 0.8819 -0.4714
vn -0.9384 -0.1919 -0.2873
vn -0.0043 0.4274 -0.9040
vn -0.0043 0.4274 0.9040
vn -0.0043 -0.9040 -0.4274
vn -0.0043 -0.4274 -0.9040
vn -0.0043 0.9040 -0.4275
vn -0.0043 0.9040 0.4274
vn -0.0043 -0.9040 0.4274
vn -0.0043 -0.4275 0.9040
vt 0.190562 0.801091
vt 0.187756 0.801091
vt 0.187756 0.725545
vt 0.190562 0.725545
vt 0.991731 0.036755
vt 0.991731 0.034284
vt 0.996725 0.034284
vt 0.996725 0.036755
vt 0.154089 0.801091
vt 0.151283 0.801091
vt 0.151284 0.725545
vt 0.154090 0.725545
vt 0.193367 0.801091
vt 0.193367 0.725545
vt 0.156894 0.801091
vt 0.156895 0.725545
vt 0.196173 0.801091
vt 0.196173 0.725545
vt 0.159700 0.801091
vt 0.159701 0.725545
vt 0.198979 0.801091
vt 0.198979 0.725545
vt 0.162506 0.801091
vt 0.162506 0.725545
vt 0.201784 0.801091
vt 0.201784 0.725545
vt 0.165311 0.801091
vt 0.165312 0.725545
vt 0.204590 0.801091
vt 0.204590 0.725545
vt 0.168117 0.801091
vt 0.168117 0.725545
vt 0.221424 0.801091
vt 0.218618 0.801091
vt 0.218617 0.725545
vt 0.221423 0.725545
vt 0.207396 0.801091
vt 0.207395 0.725545
vt 0.170922 0.801091
vt 0.170923 0.725545
vt 0.224229 0.801091
vt 0.224228 0.725545
vt 0.210201 0.801091
vt 0.210201 0.725545
vt 0.173728 0.801091
vt 0.173729 0.725545
vt 0.227035 0.801091
vt 0.227034 0.725545
vt 0.213007 0.801091
vt 0.213006 0.725545
vt 0.176534 0.801091
vt 0.176534 0.725545
vt 0.229841 0.801091
vt 0.229840 0.725545
vt 0.215812 0.801091
vt 0.215812 0.725545
vt 0.179339 0.801091
vt 0.179340 0.725545
vt 0.232646 0.801091
vt 0.232645 0.725545
vt 0.182145 0.801091
vt 0.182145 0.725545
vt 0.235452 0.801091
vt 0.235451 0.725545
vt 0.184951 0.801091
vt 0.184951 0.725545
vt 0.238257 0.801091
vt 0.238256 0.725544
vt 0.241063 0.801091
vt 0.241062 0.725544
vt 0.499461 0.821601
vt 0.499461 0.824312
vt 0.497811 0.824312
vt 0.497811 0.821601
vt 0.499461 0.827023
vt 0.497811 0.827023
vt 0.499461 0.829734
vt 0.497811 0.829734
vt 0.499461 0.832445
vt 0.497811 0.832445
vt 0.499461 0.835156
vt 0.497811 0.835156
vt 0.499461 0.837867
vt 0.497811 0.837867
vt 0.499461 0.840578
vt 0.497811 0.840578
vt 0.499461 0.843288
vt 0.497811 0.843288
vt 0.499461 0.756540
vt 0.499461 0.759251
vt 0.497811 0.759251
vt 0.497811 0.756540
vt 0.499461 0.761962
vt 0.497811 0.761962
vt 0.499461 0.764672
vt 0.497811 0.764672
vt 0.499461 0.767383
vt 0.497811 0.767383
vt 0.499461 0.770094
vt 0.497811 0.770094
vt 0.499461 0.772805
vt 0.497811 0.772805
vt 0.499461 0.775516
vt 0.497811 0.775516
vt 0.499461 0.778227
vt 0.497811 0.778227
vt 0.499461 0.780938
vt 0.497811 0.780938
vt 0.499461 0.783649
vt 0.497811 0.783649
vt 0.499461 0.786360
vt 0.497811 0.786360
vt 0.499461 0.789070
vt 0.497811 0.789070
vt 0.499461 0.791781
vt 0.497811 0.791781
vt 0.499461 0.794492
vt 0.497811 0.794492
vt 0.499461 0.797203
vt 0.497811 0.797203
vt 0.499461 0.799914
vt 0.497811 0.799914
vt 0.499461 0.802625
vt 0.497811 0.802625
vt 0.499461 0.805336
vt 0.497811 0.805336
vt 0.499461 0.808047
vt 0.497811 0.808047
vt 0.499461 0.810758
vt 0.497811 0.810758
vt 0.499461 0.813469
vt 0.497811 0.813469
vt 0.499461 0.816180
vt 0.497811 0.816180
vt 0.499461 0.818890
vt 0.497811 0.818890
vt 0.991731 0.004635
vt 0.991731 0.002164
vt 0.996725 0.002164
vt 0.996725 0.004635
vt 0.991731 0.039226
vt 0.996725 0.039226
vt 0.991731 0.007106
vt 0.996725 0.007106
vt 0.991731 0.041696
vt 0.996725 0.041696
vt 0.991731 0.009577
vt 0.996725 0.009577
vt 0.991731 0.044167
vt 0.996725 0.044167
vt 0.991731 0.012047
vt 0.996725 0.012047
vt 0.991731 0.046638
vt 0.996725 0.046638
vt 0.991731 0.014518
vt 0.996725 0.014518
vt 0.991731 0.049109
vt 0.996725 0.049109
vt 0.991731 0.016989
vt 0.996725 0.016989
vt 0.991731 0.063933
vt 0.991731 0.061462
vt 0.996725 0.061462
vt 0.996725 0.063933
vt 0.991731 0.051579
vt 0.996725 0.051579
vt 0.991731 0.019460
vt 0.996725 0.019460
vt 0.991731 0.066404
vt 0.996725 0.066404
vt 0.991731 0.054050
vt 0.996725 0.054050
vt 0.991731 0.021930
vt 0.996725 0.021930
vt 0.991731 0.068875
vt 0.996725 0.068875
vt 0.991731 0.056521
vt 0.996725 0.056521
vt 0.991731 0.024401
vt 0.996725 0.024401
vt 0.991731 0.071345
vt 0.996725 0.071345
vt 0.991731 0.058992
vt 0.996725 0.058992
vt 0.991731 0.026872
vt 0.996725 0.026872
vt 0.991731 0.073816
vt 0.996725 0.073816
vt 0.991731 0.029343
vt 0.996725 0.029343
vt 0.991731 0.076287
vt 0.996725 0.076287
vt 0.991731 0.031813
vt 0.996725 0.031813
vt 0.991731 0.078758
vt 0.996725 0.078758
vt 0.991731 0.081228
vt 0.996725 0.081228
vt 0.212970 0.014145
vt 0.212970 0.002159
vt 0.216778 0.002159
vt 0.216778 0.014145
vt 0.220585 0.002159
vt 0.220585 0.014145
vt 0.224393 0.002159
vt 0.224393 0.014145
vt 0.228201 0.002159
vt 0.228201 0.014145
vt 0.232008 0.002159
vt 0.232008 0.014145
vt 0.235816 0.002159
vt 0.235816 0.014145
vt 0.239623 0.002159
vt 0.239623 0.014145
vt 0.243431 0.002159
vt 0.243431 0.014145
vt 0.121586 0.014145
vt 0.121586 0.002159
vt 0.125394 0.002159
vt 0.125394 0.014145
vt 0.129201 0.002159
vt 0.129201 0.014145
vt 0.133009 0.002159
vt 0.133009 0.014145
vt 0.136817 0.002159
vt 0.136817 0.014145
vt 0.140624 0.002159
vt 0.140624 0.014145
vt 0.144432 0.002159
vt 0.144432 0.014145
vt 0.148240 0.002159
vt 0.148240 0.014145
vt 0.152047 0.002159
vt 0.152047 0.014145
vt 0.155855 0.002159
vt 0.155855 0.014145
vt 0.159663 0.002159
vt 0.159663 0.014145
vt 0.163470 0.002159
vt 0.163470 0.014145
vt 0.167278 0.002159
vt 0.167278 0.014145
vt 0.171086 0.002159
vt 0.171086 0.014145
vt 0.174893 0.002159
vt 0.174893 0.014145
vt 0.178701 0.002159
vt 0.178701 0.014145
vt 0.182509 0.002159
vt 0.182509 0.014145
vt 0.186316 0.002159
vt 0.186316 0.014145
vt 0.190124 0.002159
vt 0.190124 0.014145
vt 0.193932 0.002159
vt 0.193932 0.014145
vt 0.197739 0.002159
vt 0.197739 0.014145
vt 0.201547 0.002159
vt 0.201547 0.014145
vt 0.205355 0.002159
vt 0.205355 0.014145
vt 0.209162 0.002159
vt 0.209162 0.014145
vt 0.209162 0.021552
vt 0.209162 0.018294
vt 0.212970 0.018294
vt 0.212970 0.021552
vt 0.205355 0.021552
vt 0.205355 0.018294
vt 0.201547 0.021552
vt 0.201547 0.018294
vt 0.197739 0.021552
vt 0.197739 0.018294
vt 0.193932 0.021552
vt 0.193932 0.018294
vt 0.190124 0.021552
vt 0.190124 0.018294
vt 0.186316 0.021552
vt 0.186316 0.018294
vt 0.182509 0.021552
vt 0.182509 0.018294
vt 0.178701 0.021552
vt 0.178701 0.018294
vt 0.174893 0.021552
vt 0.174893 0.018294
vt 0.171086 0.021552
vt 0.171086 0.018294
vt 0.167278 0.021552
vt 0.167278 0.018294
vt 0.163470 0.021552
vt 0.163470 0.018294
vt 0.159663 0.021552
vt 0.159663 0.018294
vt 0.155855 0.021552
vt 0.155855 0.018294
vt 0.152047 0.021552
vt 0.152047 0.018294
vt 0.148240 0.021552
vt 0.148240 0.018294
vt 0.144432 0.021552
vt 0.144432 0.018294
vt 0.140624 0.021552
vt 0.140624 0.018294
vt 0.136817 0.021552
vt 0.136817 0.018294
vt 0.133009 0.021552
vt 0.133009 0.018294
vt 0.129201 0.021552
vt 0.129201 0.018294
vt 0.125394 0.021552
vt 0.125394 0.018294
vt 0.121586 0.021552
vt 0.121586 0.018294
vt 0.239623 0.021552
vt 0.239623 0.018293
vt 0.243431 0.018293
vt 0.243431 0.021552
vt 0.235816 0.021552
vt 0.235816 0.018294
vt 0.232008 0.021552
vt 0.232008 0.018294
vt 0.228201 0.021552
vt 0.228201 0.018294
vt 0.224393 0.021552
vt 0.224393 0.018294
vt 0.220585 0.021552
vt 0.220585 0.018294
vt 0.216778 0.021552
vt 0.216778 0.018294
vt 0.209162 0.029240
vt 0.209162 0.025199
vt 0.212970 0.025199
vt 0.212970 0.029240
vt 0.220585 0.029240
vt 0.220585 0.025199
vt 0.224393 0.025199
vt 0.224393 0.029240
vt 0.228201 0.025199
vt 0.228201 0.029240
vt 0.232008 0.025199
vt 0.232008 0.029240
vt 0.235816 0.025199
vt 0.235816 0.029240
vt 0.239624 0.025199
vt 0.239624 0.029240
vt 0.243431 0.025199
vt 0.243431 0.029240
vt 0.121586 0.029240
vt 0.121586 0.025199
vt 0.125394 0.025199
vt 0.125394 0.029240
vt 0.129201 0.025199
vt 0.129201 0.029240
vt 0.133009 0.025199
vt 0.133009 0.029240
vt 0.136817 0.025199
vt 0.136817 0.029240
vt 0.140624 0.025199
vt 0.140624 0.029240
vt 0.144432 0.025199
vt 0.144432 0.029240
vt 0.148240 0.025199
vt 0.148240 0.029240
vt 0.152047 0.025199
vt 0.152047 0.029240
vt 0.155855 0.025199
vt 0.155855 0.029240
vt 0.159663 0.025199
vt 0.159663 0.029240
vt 0.163470 0.025199
vt 0.163470 0.029240
vt 0.167278 0.025199
vt 0.167278 0.029240
vt 0.171086 0.025199
vt 0.171086 0.029240
vt 0.174893 0.025199
vt 0.174893 0.029240
vt 0.178701 0.025199
vt 0.178701 0.029240
vt 0.182509 0.025199
vt 0.182509 0.029240
vt 0.186316 0.025199
vt 0.186316 0.029240
vt 0.190124 0.025199
vt 0.190124 0.029240
vt 0.193932 0.025199
vt 0.193932 0.029240
vt 0.197739 0.025199
vt 0.197739 0.029240
vt 0.201547 0.025199
vt 0.201547 0.029240
vt 0.205355 0.025199
vt 0.205355 0.029240
vt 0.216778 0.029240
vt 0.216778 0.025199
vt 0.989859 0.677218
vt 0.989859 0.674293
vt 0.993198 0.674293
vt 0.993198 0.677218
vt 0.989859 0.671367
vt 0.993198 0.671367
vt 0.989859 0.668442
vt 0.993198 0.668442
vt 0.989859 0.665516
vt 0.993198 0.665516
vt 0.989859 0.662591
vt 0.993198 0.662591
vt 0.989859 0.659666
vt 0.993198 0.659666
vt 0.989859 0.656741
vt 0.993198 0.656741
vt 0.989859 0.653815
vt 0.993198 0.653815
vt 0.989859 0.747426
vt 0.989859 0.744501
vt 0.993198 0.744501
vt 0.993198 0.747426
vt 0.989859 0.741575
vt 0.993198 0.741575
vt 0.989859 0.738650
vt 0.993198 0.738650
vt 0.989859 0.735725
vt 0.993198 0.735725
vt 0.989859 0.732799
vt 0.993198 0.732799
vt 0.989859 0.729874
vt 0.993198 0.729874
vt 0.989859 0.726949
vt 0.993198 0.726949
vt 0.989859 0.724023
vt 0.993198 0.724023
vt 0.989859 0.721098
vt 0.993198 0.721098
vt 0.989859 0.718173
vt 0.993198 0.718173
vt 0.989859 0.715247
vt 0.993198 0.715247
vt 0.989859 0.712322
vt 0.993198 0.712322
vt 0.989859 0.709397
vt 0.993198 0.709397
vt 0.989859 0.706471
vt 0.993198 0.706471
vt 0.989859 0.703546
vt 0.993198 0.703546
vt 0.989859 0.700621
vt 0.993198 0.700621
vt 0.989859 0.697695
vt 0.993198 0.697695
vt 0.989859 0.694770
vt 0.993198 0.694770
vt 0.989859 0.691845
vt 0.993198 0.691845
vt 0.989859 0.688919
vt 0.993198 0.688919
vt 0.989859 0.685994
vt 0.993198 0.685994
vt 0.989859 0.683069
vt 0.993198 0.683069
vt 0.989859 0.680143
vt 0.993198 0.680143
vt 0.202868 0.357307
vt 0.200038 0.357308
vt 0.200038 0.354081
vt 0.202868 0.354081
vt 0.964783 0.778674
vt 0.964783 0.775394
vt 0.969865 0.775394
vt 0.969865 0.778674
vt 0.997647 0.815084
vt 0.997647 0.818167
vt 0.994640 0.818167
vt 0.994640 0.815084
vt 0.250984 0.354081
vt 0.248154 0.354081
vt 0.248154 0.348179
vt 0.250984 0.348179
vt 0.984248 0.808676
vt 0.984248 0.805242
vt 0.986699 0.805242
vt 0.986699 0.808676
vt 0.197208 0.354081
vt 0.197208 0.348179
vt 0.200038 0.348179
vt 0.217020 0.354081
vt 0.214190 0.354081
vt 0.214190 0.348179
vt 0.217020 0.348179
vt 0.896027 0.181068
vt 0.875830 0.181068
vt 0.875830 0.177502
vt 0.896027 0.177502
vt 0.964783 0.811482
vt 0.964783 0.808201
vt 0.969865 0.808201
vt 0.969865 0.811482
vt 0.972373 0.808201
vt 0.972373 0.811482
vt 0.969865 0.804921
vt 0.969865 0.801640
vt 0.972373 0.801640
vt 0.972373 0.804921
vt 0.984248 0.829280
vt 0.984248 0.825846
vt 0.986699 0.825846
vt 0.986699 0.829280
vt 0.997647 0.864412
vt 0.997647 0.867495
vt 0.994640 0.867495
vt 0.994640 0.864412
vt 0.964783 0.847571
vt 0.964783 0.844290
vt 0.969865 0.844290
vt 0.969865 0.847571
vt 0.896027 0.227428
vt 0.875831 0.227428
vt 0.875831 0.223862
vt 0.896027 0.223862
vt 0.997647 0.848997
vt 0.997647 0.852080
vt 0.994640 0.852080
vt 0.994640 0.848997
vt 0.964783 0.801640
vt 0.964783 0.798359
vt 0.969865 0.798359
vt 0.997647 0.793503
vt 0.997647 0.796586
vt 0.994640 0.796586
vt 0.994640 0.793503
vt 0.969865 0.788517
vt 0.969865 0.785236
vt 0.972373 0.785236
vt 0.972373 0.788517
vt 0.997647 0.839748
vt 0.997647 0.842831
vt 0.994640 0.842831
vt 0.994640 0.839748
vt 0.208529 0.357307
vt 0.205699 0.357307
vt 0.205699 0.354081
vt 0.208529 0.354081
vt 0.984248 0.894524
vt 0.984248 0.891090
vt 0.986699 0.891090
vt 0.986699 0.894524
vt 0.231172 0.354081
vt 0.228342 0.354081
vt 0.228342 0.348179
vt 0.231172 0.348179
vt 0.211359 0.354081
vt 0.211359 0.348179
vt 0.245324 0.721086
vt 0.245324 0.357307
vt 0.248154 0.357307
vt 0.248154 0.721086
vt 0.188717 0.357308
vt 0.185886 0.357308
vt 0.185886 0.354081
vt 0.188717 0.354081
vt 0.211360 0.721086
vt 0.211359 0.357307
vt 0.214190 0.357307
vt 0.214190 0.721086
vt 0.964783 0.795078
vt 0.964783 0.791797
vt 0.969865 0.791797
vt 0.969865 0.795078
vt 0.896027 0.173936
vt 0.875830 0.173936
vt 0.875830 0.170370
vt 0.896027 0.170370
vt 0.228342 0.357307
vt 0.225511 0.357307
vt 0.225511 0.354081
vt 0.972373 0.798359
vt 0.964783 0.768832
vt 0.964783 0.765551
vt 0.969865 0.765551
vt 0.969865 0.768832
vt 0.969865 0.850851
vt 0.972373 0.847571
vt 0.972373 0.850851
vt 0.253815 0.357307
vt 0.250984 0.357307
vt 0.253815 0.354081
vt 0.984248 0.822412
vt 0.986699 0.822412
vt 0.270797 0.354081
vt 0.267966 0.354081
vt 0.267966 0.348179
vt 0.270797 0.348179
vt 0.997647 0.799669
vt 0.994640 0.799669
vt 0.896027 0.216730
vt 0.875830 0.216730
vt 0.875830 0.213164
vt 0.896027 0.213164
vt 0.964783 0.857413
vt 0.964783 0.854132
vt 0.969865 0.854132
vt 0.969865 0.857413
vt 0.997647 0.882910
vt 0.997647 0.885993
vt 0.994640 0.885993
vt 0.994640 0.882910
vt 0.964783 0.841009
vt 0.969865 0.841009
vt 0.259475 0.357307
vt 0.256645 0.357307
vt 0.256645 0.354081
vt 0.259475 0.354081
vt 0.964783 0.772113
vt 0.969865 0.772113
vt 0.896027 0.238126
vt 0.875831 0.238126
vt 0.875831 0.234560
vt 0.896027 0.234560
vt 0.239663 0.354081
vt 0.236833 0.354081
vt 0.236833 0.348179
vt 0.239663 0.348179
vt 0.964783 0.814763
vt 0.969865 0.814763
vt 0.964783 0.785236
vt 0.964783 0.781955
vt 0.969865 0.781955
vt 0.969865 0.827886
vt 0.969865 0.824605
vt 0.972373 0.824605
vt 0.972373 0.827886
vt 0.234002 0.354081
vt 0.234002 0.348179
vt 0.972373 0.772113
vt 0.972373 0.775394
vt 0.997647 0.876744
vt 0.997647 0.879827
vt 0.994640 0.879827
vt 0.994640 0.876744
vt 0.273627 0.354081
vt 0.273627 0.348179
vt 0.208529 0.721086
vt 0.205699 0.721086
vt 0.228342 0.721086
vt 0.225511 0.721086
vt 0.997647 0.812001
vt 0.994640 0.812001
vt 0.997647 0.802752
vt 0.997647 0.805835
vt 0.994640 0.805835
vt 0.994640 0.802752
vt 0.997647 0.845914
vt 0.994640 0.845914
vt 0.964783 0.827886
vt 0.964783 0.824605
vt 0.997647 0.855163
vt 0.997647 0.858246
vt 0.994640 0.858246
vt 0.994640 0.855163
vt 0.896027 0.252391
vt 0.875831 0.252391
vt 0.875831 0.248825
vt 0.896027 0.248825
vt 0.194377 0.354081
vt 0.194377 0.348179
vt 0.896027 0.245259
vt 0.875831 0.245259
vt 0.875831 0.241693
vt 0.896027 0.241693
vt 0.219850 0.357307
vt 0.217020 0.357307
vt 0.219850 0.354081
vt 0.972373 0.781955
vt 0.222681 0.357307
vt 0.222681 0.721086
vt 0.219851 0.721086
vt 0.969865 0.837728
vt 0.972373 0.837728
vt 0.972373 0.841009
vt 0.997647 0.827416
vt 0.997647 0.830499
vt 0.994640 0.830499
vt 0.994640 0.827416
vt 0.896027 0.209597
vt 0.875830 0.209597
vt 0.875830 0.206031
vt 0.896027 0.206031
vt 0.964783 0.818044
vt 0.969865 0.818044
vt 0.964783 0.837728
vt 0.972373 0.778674
vt 0.273627 0.357307
vt 0.270797 0.357307
vt 0.969865 0.821324
vt 0.972373 0.818044
vt 0.972373 0.821324
vt 0.984248 0.801808
vt 0.984248 0.798374
vt 0.986699 0.798374
vt 0.986699 0.801808
vt 0.267966 0.357307
vt 0.265136 0.357307
vt 0.265136 0.354081
vt 0.253815 0.348179
vt 0.972373 0.768832
vt 0.964783 0.867255
vt 0.964783 0.863974
vt 0.969865 0.863974
vt 0.969865 0.867255
vt 0.242493 0.357307
vt 0.239663 0.357307
vt 0.242493 0.354081
vt 0.191547 0.354081
vt 0.191547 0.348179
vt 0.896027 0.188201
vt 0.875830 0.188201
vt 0.875830 0.184634
vt 0.896027 0.184634
vt 0.997647 0.873661
vt 0.994640 0.873661
vt 0.964783 0.821324
vt 0.997647 0.808918
vt 0.994640 0.808918
vt 0.191547 0.721086
vt 0.188717 0.721086
vt 0.191547 0.357308
vt 0.188717 0.348179
vt 0.896027 0.270222
vt 0.875831 0.270222
vt 0.875831 0.266656
vt 0.896027 0.266656
vt 0.972373 0.844290
vt 0.984248 0.856751
vt 0.984248 0.853317
vt 0.986699 0.853317
vt 0.986699 0.856751
vt 0.969865 0.834447
vt 0.972373 0.834447
vt 0.964783 0.860694
vt 0.969865 0.860694
vt 0.984248 0.877354
vt 0.984248 0.873920
vt 0.986699 0.873920
vt 0.986699 0.877354
vt 0.997647 0.870578
vt 0.994640 0.870578
vt 0.222681 0.354081
vt 0.273627 0.721086
vt 0.270797 0.721086
vt 0.896027 0.220296
vt 0.875830 0.220296
vt 0.984248 0.832714
vt 0.986699 0.832714
vt 0.231172 0.721086
vt 0.231172 0.357307
vt 0.896027 0.198899
vt 0.875830 0.198899
vt 0.875830 0.195333
vt 0.896027 0.195333
vt 0.217021 0.721086
vt 0.896027 0.230994
vt 0.875831 0.230994
vt 0.964783 0.788517
vt 0.236833 0.357307
vt 0.234002 0.357307
vt 0.972373 0.860694
vt 0.972373 0.863974
vt 0.984248 0.860185
vt 0.986699 0.860185
vt 0.205699 0.348179
vt 0.208529 0.348179
vt 0.234003 0.721086
vt 0.984248 0.794940
vt 0.984248 0.791506
vt 0.986699 0.791506
vt 0.986699 0.794940
vt 0.245324 0.354081
vt 0.964783 0.831167
vt 0.969865 0.831167
vt 0.984248 0.887656
vt 0.986699 0.887656
vt 0.984248 0.836148
vt 0.986699 0.836148
vt 0.265136 0.348179
vt 0.242493 0.348179
vt 0.245324 0.348179
vt 0.964783 0.850851
vt 0.183056 0.354081
vt 0.183056 0.348179
vt 0.185886 0.348179
vt 0.896027 0.191767
vt 0.875830 0.191767
vt 0.984248 0.884222
vt 0.986699 0.884222
vt 0.896027 0.202465
vt 0.875830 0.202465
vt 0.183056 0.357308
vt 0.984248 0.818978
vt 0.986699 0.818978
vt 0.984248 0.846449
vt 0.984248 0.843015
vt 0.986699 0.843015
vt 0.986699 0.846449
vt 0.253815 0.721086
vt 0.250985 0.721086
vt 0.202868 0.348179
vt 0.964783 0.834447
vt 0.259476 0.721086
vt 0.256645 0.721086
vt 0.997647 0.836665
vt 0.994640 0.836665
vt 0.972373 0.854132
vt 0.262306 0.354081
vt 0.259475 0.348179
vt 0.262306 0.348179
vt 0.984248 0.863619
vt 0.986699 0.863619
vt 0.997647 0.833582
vt 0.994640 0.833582
vt 0.265136 0.721086
vt 0.262306 0.721086
vt 0.262306 0.357307
vt 0.236833 0.721086
vt 0.256645 0.348179
vt 0.197208 0.357308
vt 0.194377 0.357308
vt 0.194378 0.721086
vt 0.984248 0.839581
vt 0.986699 0.839581
vt 0.875830 0.166804
vt 0.896027 0.166804
vt 0.984248 0.849883
vt 0.986699 0.849883
vt 0.997647 0.861329
vt 0.994640 0.861329
vt 0.197208 0.721086
vt 0.200038 0.721086
vt 0.964783 0.804921
vt 0.896027 0.163238
vt 0.875830 0.163238
vt 0.875830 0.159671
vt 0.896027 0.159671
vt 0.242494 0.721086
vt 0.896027 0.263089
vt 0.875831 0.263089
vt 0.875831 0.259523
vt 0.896027 0.259523
vt 0.997647 0.821250
vt 0.994640 0.821250
vt 0.984248 0.901391
vt 0.984248 0.897957
vt 0.986699 0.897957
vt 0.986699 0.901391
vt 0.997647 0.824333
vt 0.994640 0.824333
vt 0.984248 0.870486
vt 0.986699 0.870486
vt 0.185887 0.721086
vt 0.183056 0.721086
vt 0.972373 0.765551
vt 0.984248 0.815544
vt 0.984248 0.812110
vt 0.986699 0.812110
vt 0.986699 0.815544
vt 0.969865 0.870536
vt 0.972373 0.867255
vt 0.972373 0.870536
vt 0.202869 0.721086
vt 0.964783 0.870536
vt 0.972373 0.857413
vt 0.984248 0.867053
vt 0.986699 0.867053
vt 0.972373 0.831167
vt 0.972373 0.814763
vt 0.984248 0.880788
vt 0.986699 0.880788
vt 0.896027 0.273788
vt 0.875831 0.273788
vt 0.219850 0.348179
vt 0.222681 0.348179
vt 0.239663 0.721086
vt 0.875831 0.255957
vt 0.896027 0.255957
vt 0.267967 0.721086
vt 0.997647 0.790420
vt 0.994640 0.790420
vt 0.225511 0.348179
vt 0.972373 0.791797
vt 0.972373 0.795078
vt 0.997647 0.889076
vt 0.994640 0.889076
vt 0.442643 0.819031
vt 0.442643 0.815560
vt 0.493482 0.815560
vt 0.493482 0.819031
vt 0.442643 0.780843
vt 0.442643 0.777371
vt 0.493482 0.777371
vt 0.493482 0.780843
vt 0.442643 0.812088
vt 0.442643 0.808616
vt 0.493482 0.808616
vt 0.493482 0.812088
vt 0.442643 0.773899
vt 0.442643 0.770428
vt 0.493482 0.770428
vt 0.493482 0.773899
vt 0.442643 0.805144
vt 0.493482 0.805145
vt 0.442643 0.846805
vt 0.442643 0.843333
vt 0.493482 0.843333
vt 0.493482 0.846805
vt 0.442643 0.864163
vt 0.442643 0.860691
vt 0.493482 0.860691
vt 0.493482 0.864163
vt 0.442643 0.787786
vt 0.442643 0.784314
vt 0.493482 0.784314
vt 0.493482 0.787786
vt 0.442643 0.760013
vt 0.442643 0.756541
vt 0.493482 0.756541
vt 0.493482 0.760013
vt 0.442643 0.836390
vt 0.442643 0.832918
vt 0.493482 0.832918
vt 0.493482 0.836390
vt 0.442643 0.839861
vt 0.493482 0.839861
vt 0.442643 0.857220
vt 0.442643 0.853748
vt 0.493482 0.853748
vt 0.493482 0.857220
vt 0.442643 0.867635
vt 0.493482 0.867635
vt 0.442643 0.850276
vt 0.493482 0.850276
vt 0.442643 0.794729
vt 0.442643 0.791258
vt 0.493482 0.791258
vt 0.493482 0.794729
vt 0.442643 0.829446
vt 0.442643 0.825974
vt 0.493482 0.825974
vt 0.493482 0.829446
vt 0.442643 0.798201
vt 0.493482 0.798201
vt 0.442643 0.763484
vt 0.493482 0.763484
vt 0.442643 0.801673
vt 0.493482 0.801673
vt 0.442643 0.822503
vt 0.493482 0.822503
vt 0.442643 0.766956
vt 0.493482 0.766956
vt 0.955441 0.410282
vt 0.955441 0.407366
vt 0.959342 0.407366
vt 0.959342 0.410282
vt 0.930481 0.650662
vt 0.930481 0.647384
vt 0.933955 0.647384
vt 0.933955 0.650662
vt 0.930481 0.624437
vt 0.930481 0.621158
vt 0.933955 0.621158
vt 0.933955 0.624437
vt 0.930481 0.611324
vt 0.930481 0.608046
vt 0.933955 0.608046
vt 0.933955 0.611324
vt 0.955441 0.363634
vt 0.955441 0.360718
vt 0.959342 0.360718
vt 0.959342 0.363634
vt 0.930481 0.676888
vt 0.930481 0.673609
vt 0.933955 0.673609
vt 0.933955 0.676888
vt 0.955441 0.375296
vt 0.955441 0.372380
vt 0.959342 0.372380
vt 0.959342 0.375296
vt 0.955441 0.386958
vt 0.955441 0.384042
vt 0.959342 0.384042
vt 0.959342 0.386958
vt 0.955441 0.421944
vt 0.955441 0.419028
vt 0.959342 0.419028
vt 0.959342 0.421944
vt 0.955441 0.346141
vt 0.955441 0.343225
vt 0.959342 0.343225
vt 0.959342 0.346141
vt 0.955441 0.427775
vt 0.955441 0.424860
vt 0.959342 0.424860
vt 0.959342 0.427775
vt 0.955441 0.340310
vt 0.959342 0.340310
vt 0.955441 0.337394
vt 0.959342 0.337394
vt 0.955441 0.357803
vt 0.959342 0.357803
vt 0.930481 0.614602
vt 0.933955 0.614602
vt 0.930481 0.637549
vt 0.930481 0.634271
vt 0.933955 0.634271
vt 0.933955 0.637549
vt 0.930481 0.670331
vt 0.933955 0.670331
vt 0.930481 0.630993
vt 0.930481 0.627715
vt 0.933955 0.627715
vt 0.933955 0.630993
vt 0.930481 0.663775
vt 0.930481 0.660497
vt 0.933955 0.660497
vt 0.933955 0.663775
vt 0.930481 0.693278
vt 0.930481 0.690000
vt 0.933955 0.690000
vt 0.933955 0.693278
vt 0.955441 0.381127
vt 0.955441 0.378211
vt 0.959342 0.378211
vt 0.959342 0.381127
vt 0.930481 0.686722
vt 0.933955 0.686722
vt 0.955441 0.416113
vt 0.959342 0.416113
vt 0.930481 0.696557
vt 0.933955 0.696557
vt 0.955441 0.404451
vt 0.959342 0.404451
vt 0.930481 0.699835
vt 0.933955 0.699835
vt 0.930481 0.712948
vt 0.930481 0.709669
vt 0.933955 0.709669
vt 0.933955 0.712948
vt 0.955441 0.349056
vt 0.959342 0.349056
vt 0.930481 0.706391
vt 0.930481 0.703113
vt 0.933955 0.703113
vt 0.933955 0.706391
vt 0.955441 0.354887
vt 0.959342 0.354887
vt 0.955441 0.398620
vt 0.955441 0.395704
vt 0.959342 0.395704
vt 0.959342 0.398620
vt 0.930481 0.683444
vt 0.933955 0.683444
vt 0.955441 0.401535
vt 0.959342 0.401535
vt 0.955441 0.369465
vt 0.955441 0.366549
vt 0.959342 0.366549
vt 0.959342 0.369465
vt 0.955441 0.392789
vt 0.959342 0.392789
vt 0.955441 0.351972
vt 0.959342 0.351972
vt 0.930481 0.680166
vt 0.933955 0.680166
vt 0.955441 0.413198
vt 0.959342 0.413198
vt 0.955441 0.389873
vt 0.959342 0.389873
vt 0.930481 0.653940
vt 0.933955 0.653940
vt 0.930481 0.617880
vt 0.933955 0.617880
vt 0.930481 0.657218
vt 0.933955 0.657218
vt 0.930481 0.644106
vt 0.933955 0.644106
vt 0.955441 0.334479
vt 0.959342 0.334479
vt 0.930481 0.667053
vt 0.933955 0.667053
vt 0.930481 0.640828
vt 0.933955 0.640828
vt 0.837179 0.455904
vt 0.837179 0.628005
vt 0.834176 0.628030
vt 0.834175 0.455928
vt 0.831172 0.628054
vt 0.831172 0.455953
vt 0.828168 0.628079
vt 0.828168 0.455977
vt 0.825165 0.628103
vt 0.825165 0.456002
vt 0.873222 0.455610
vt 0.873223 0.627712
vt 0.870219 0.627736
vt 0.870219 0.455635
vt 0.867215 0.627761
vt 0.867215 0.455659
vt 0.864212 0.627785
vt 0.864212 0.455684
vt 0.861208 0.627810
vt 0.861208 0.455708
vt 0.858205 0.627834
vt 0.858204 0.455733
vt 0.855201 0.627858
vt 0.855201 0.455757
vt 0.852197 0.627883
vt 0.852197 0.455781
vt 0.849194 0.627907
vt 0.849193 0.455806
vt 0.846190 0.627932
vt 0.846190 0.455831
vt 0.843186 0.627956
vt 0.843186 0.455855
vt 0.840183 0.627981
vt 0.840183 0.455879
vt 0.586274 0.296650
vt 0.583639 0.296650
vt 0.583639 0.294830
vt 0.586274 0.294830
vt 0.021062 0.765055
vt 0.021062 0.768045
vt 0.017850 0.768045
vt 0.017850 0.765055
vt 0.012606 0.720420
vt 0.017850 0.720420
vt 0.017850 0.723346
vt 0.012606 0.723346
vt 0.021062 0.735269
vt 0.037502 0.735269
vt 0.037502 0.738220
vt 0.021062 0.738220
vt 0.580996 0.296650
vt 0.583639 0.299639
vt 0.580996 0.299639
vt 0.021062 0.705806
vt 0.037502 0.705806
vt 0.037502 0.708741
vt 0.021062 0.708741
vt 0.012606 0.759113
vt 0.012606 0.762064
vt 0.009394 0.762064
vt 0.009394 0.759113
vt 0.990851 0.509214
vt 0.990851 0.506389
vt 0.993642 0.506389
vt 0.993642 0.509214
vt 0.012606 0.729327
vt 0.017850 0.729327
vt 0.017850 0.732317
vt 0.012606 0.732317
vt 0.021062 0.741211
vt 0.017850 0.741211
vt 0.017850 0.738220
vt 0.037502 0.776888
vt 0.079043 0.776888
vt 0.079043 0.779824
vt 0.037502 0.779824
vt 0.012606 0.768045
vt 0.017850 0.771035
vt 0.012606 0.771035
vt 0.816017 0.494232
vt 0.816017 0.496868
vt 0.814191 0.496868
vt 0.814191 0.494232
vt 0.079043 0.738220
vt 0.079043 0.741210
vt 0.037502 0.741211
vt 0.533679 0.432712
vt 0.533679 0.429878
vt 0.536467 0.429878
vt 0.536467 0.432712
vt 0.021062 0.711650
vt 0.037502 0.711650
vt 0.037502 0.714558
vt 0.021062 0.714558
vt 0.079043 0.708741
vt 0.079043 0.711650
vt 0.990851 0.492285
vt 0.990851 0.495110
vt 0.989150 0.495110
vt 0.989150 0.492285
vt 0.017850 0.735269
vt 0.012606 0.735269
vt 0.021062 0.702879
vt 0.037502 0.702879
vt 0.002166 0.699953
vt 0.009394 0.699953
vt 0.009394 0.702879
vt 0.002166 0.702879
vt 0.009394 0.705806
vt 0.002166 0.705806
vt 0.017850 0.726337
vt 0.012606 0.726337
vt 0.021062 0.723346
vt 0.037502 0.723346
vt 0.037502 0.726337
vt 0.021062 0.726337
vt 0.012606 0.744201
vt 0.012606 0.747191
vt 0.009394 0.747191
vt 0.009394 0.744201
vt 0.533679 0.427071
vt 0.533679 0.424264
vt 0.536467 0.424264
vt 0.536467 0.427071
vt 0.012606 0.702879
vt 0.017850 0.702879
vt 0.017850 0.705806
vt 0.012606 0.705806
vt 0.079043 0.705806
vt 0.819015 0.491604
vt 0.819015 0.488976
vt 0.820841 0.488976
vt 0.820841 0.491604
vt 0.538165 0.429878
vt 0.538165 0.432712
vt 0.993642 0.497943
vt 0.993642 0.495110
vt 0.995342 0.495110
vt 0.995342 0.497943
vt 0.017850 0.744201
vt 0.017850 0.747191
vt 0.037502 0.765055
vt 0.037502 0.768045
vt 0.533679 0.421431
vt 0.531980 0.424264
vt 0.531980 0.421431
vt 0.037502 0.756161
vt 0.079043 0.756161
vt 0.079043 0.759113
vt 0.037502 0.759113
vt 0.819015 0.502090
vt 0.819015 0.504726
vt 0.816017 0.504726
vt 0.816017 0.502090
vt 0.002166 0.765055
vt 0.009394 0.765055
vt 0.009394 0.768045
vt 0.002166 0.768045
vt 0.990851 0.514925
vt 0.993642 0.514925
vt 0.993642 0.516935
vt 0.990851 0.516935
vt 0.816017 0.507354
vt 0.814191 0.507354
vt 0.814191 0.504726
vt 0.531980 0.427071
vt 0.816017 0.499479
vt 0.814191 0.502090
vt 0.814191 0.499479
vt 0.021062 0.753171
vt 0.021062 0.756161
vt 0.017850 0.756161
vt 0.017850 0.753171
vt 0.002166 0.726337
vt 0.009394 0.726337
vt 0.009394 0.729327
vt 0.002166 0.729327
vt 0.536467 0.418606
vt 0.536467 0.415782
vt 0.538165 0.415782
vt 0.538165 0.418606
vt 0.990851 0.497943
vt 0.533679 0.418606
vt 0.536467 0.421431
vt 0.021062 0.750181
vt 0.037502 0.750181
vt 0.037502 0.753171
vt 0.002166 0.756161
vt 0.009394 0.756161
vt 0.002166 0.759113
vt 0.816017 0.491604
vt 0.816017 0.488976
vt 0.037502 0.782732
vt 0.079043 0.782732
vt 0.079043 0.785640
vt 0.037502 0.785640
vt 0.021062 0.747191
vt 0.017850 0.750181
vt 0.021062 0.779824
vt 0.021062 0.782732
vt 0.573116 0.296650
vt 0.575759 0.296650
vt 0.575759 0.299639
vt 0.573116 0.299639
vt 0.580996 0.294830
vt 0.012606 0.738220
vt 0.009394 0.738220
vt 0.009394 0.735269
vt 0.989150 0.497943
vt 0.533679 0.435537
vt 0.531980 0.435537
vt 0.531980 0.432712
vt 0.819015 0.507354
vt 0.021062 0.771035
vt 0.037502 0.771035
vt 0.037502 0.773962
vt 0.021062 0.773962
vt 0.002166 0.771035
vt 0.009394 0.771035
vt 0.009394 0.773962
vt 0.002166 0.773962
vt 0.021062 0.729327
vt 0.079043 0.735269
vt 0.012606 0.788576
vt 0.017850 0.788576
vt 0.017850 0.791502
vt 0.012606 0.791502
vt 0.575759 0.301459
vt 0.573116 0.301459
vt 0.820841 0.502090
vt 0.820841 0.504726
vt 0.021062 0.744201
vt 0.536467 0.438361
vt 0.536467 0.435537
vt 0.538165 0.435537
vt 0.538165 0.438361
vt 0.990851 0.512038
vt 0.989150 0.512038
vt 0.989150 0.509214
vt 0.586274 0.299639
vt 0.588909 0.299639
vt 0.588909 0.301459
vt 0.586274 0.301459
vt 0.819015 0.499479
vt 0.819015 0.496868
vt 0.820841 0.496868
vt 0.820841 0.499479
vt 0.012606 0.741211
vt 0.009394 0.741211
vt 0.012606 0.711650
vt 0.017850 0.711650
vt 0.017850 0.714558
vt 0.012606 0.714558
vt 0.012606 0.776888
vt 0.017850 0.776888
vt 0.017850 0.779824
vt 0.012606 0.779824
vt 0.009394 0.732317
vt 0.037502 0.729327
vt 0.037502 0.732317
vt 0.021062 0.732317
vt 0.591602 0.296650
vt 0.588909 0.296650
vt 0.588909 0.294830
vt 0.591602 0.294830
vt 0.021062 0.776888
vt 0.533679 0.415782
vt 0.531980 0.418606
vt 0.531980 0.415782
vt 0.012606 0.773962
vt 0.017850 0.773962
vt 0.538165 0.421431
vt 0.538165 0.424264
vt 0.012606 0.765055
vt 0.012606 0.750181
vt 0.012606 0.753171
vt 0.009394 0.753171
vt 0.009394 0.750181
vt 0.533679 0.412895
vt 0.531980 0.412895
vt 0.533679 0.438361
vt 0.079043 0.732317
vt 0.536467 0.412895
vt 0.591602 0.299639
vt 0.021062 0.762064
vt 0.017850 0.762064
vt 0.570481 0.296650
vt 0.570481 0.294830
vt 0.573116 0.294830
vt 0.009394 0.708741
vt 0.002166 0.708741
vt 0.538165 0.427071
vt 0.993642 0.512038
vt 0.995342 0.512038
vt 0.995342 0.514925
vt 0.012606 0.756161
vt 0.017850 0.759113
vt 0.583639 0.301459
vt 0.580996 0.301459
vt 0.017850 0.794429
vt 0.012606 0.794429
vt 0.819015 0.494232
vt 0.820841 0.494232
vt 0.578378 0.296650
vt 0.575759 0.294830
vt 0.578378 0.294830
vt 0.021062 0.717493
vt 0.037502 0.717493
vt 0.037502 0.720420
vt 0.021062 0.720420
vt 0.037502 0.744201
vt 0.570481 0.299639
vt 0.570481 0.301459
vt 0.012606 0.717493
vt 0.017850 0.717493
vt 0.816017 0.486291
vt 0.814191 0.488976
vt 0.814191 0.486291
vt 0.993642 0.492285
vt 0.009394 0.776888
vt 0.002166 0.776888
vt 0.002166 0.714558
vt 0.009394 0.714558
vt 0.009394 0.717493
vt 0.002166 0.717493
vt 0.002166 0.747191
vt 0.002166 0.750181
vt 0.814191 0.491604
vt 0.002166 0.720420
vt 0.009394 0.720420
vt 0.009394 0.723346
vt 0.002166 0.723346
vt 0.531980 0.429878
vt 0.021062 0.788576
vt 0.037502 0.788576
vt 0.037502 0.791502
vt 0.021062 0.791502
vt 0.002166 0.732317
vt 0.002166 0.735269
vt 0.990851 0.500749
vt 0.993642 0.500749
vt 0.995342 0.492285
vt 0.995342 0.500749
vt 0.567846 0.299639
vt 0.567846 0.301459
vt 0.037502 0.794429
vt 0.021062 0.794429
vt 0.990851 0.503556
vt 0.993642 0.503556
vt 0.995342 0.509214
vt 0.002166 0.762064
vt 0.995342 0.503556
vt 0.995342 0.506389
vt 0.567846 0.296650
vt 0.989150 0.506389
vt 0.816017 0.509981
vt 0.814191 0.509981
vt 0.989150 0.514925
vt 0.002166 0.744201
vt 0.079043 0.729327
vt 0.578378 0.299639
vt 0.578378 0.301459
vt 0.037502 0.762064
vt 0.819015 0.486291
vt 0.012606 0.699953
vt 0.017850 0.699953
vt 0.079043 0.714558
vt 0.079043 0.717493
vt 0.567846 0.294830
vt 0.017850 0.708741
vt 0.012606 0.708741
vt 0.819015 0.509981
vt 0.593477 0.296650
vt 0.593477 0.299639
vt 0.012606 0.782732
vt 0.017850 0.782732
vt 0.017850 0.785640
vt 0.012606 0.785640
vt 0.079043 0.762064
vt 0.079043 0.765055
vt 0.820841 0.486291
vt 0.002166 0.741211
vt 0.021062 0.785640
vt 0.820841 0.507354
vt 0.591602 0.301459
vt 0.533679 0.410885
vt 0.536467 0.410885
vt 0.002166 0.738220
vt 0.002166 0.753171
vt 0.002166 0.782732
vt 0.009394 0.782732
vt 0.009394 0.785640
vt 0.002166 0.785640
vt 0.002166 0.779824
vt 0.009394 0.779824
vt 0.009394 0.711650
vt 0.002166 0.711650
vt 0.021062 0.759113
vt 0.037502 0.747191
vt 0.820841 0.509981
vt 0.538165 0.412895
vt 0.079043 0.788576
vt 0.989150 0.500749
vt 0.531980 0.438361
vt 0.079043 0.753171
vt 0.989150 0.503556
vt 0.816017 0.484421
vt 0.819015 0.484421
vt 0.993642 0.489461
vt 0.995342 0.489461
vt 0.021062 0.699953
vt 0.037502 0.699953
vt 0.002166 0.788576
vt 0.009394 0.788576
vt 0.009394 0.791502
vt 0.002166 0.791502
vt 0.990851 0.489461
vt 0.989150 0.489461
vt 0.009394 0.794429
vt 0.002166 0.794429
vt 0.119128 0.610168
vt 0.115193 0.610122
vt 0.115192 0.384626
vt 0.119127 0.384672
vt 0.142737 0.610447
vt 0.138802 0.610401
vt 0.138802 0.384905
vt 0.142737 0.384951
vt 0.214143 0.034254
vt 0.214143 0.036492
vt 0.173128 0.036492
vt 0.173128 0.033897
vt 0.235922 0.335652
vt 0.235922 0.333414
vt 0.276936 0.333057
vt 0.276936 0.335652
vt 0.547569 0.562925
vt 0.545331 0.562925
vt 0.545331 0.521902
vt 0.547569 0.521902
vt 0.178152 0.610865
vt 0.174217 0.610819
vt 0.174217 0.385323
vt 0.178152 0.385370
vt 0.064038 0.609518
vt 0.060103 0.609471
vt 0.060103 0.383975
vt 0.064038 0.384022
vt 0.549808 0.562925
vt 0.550165 0.521902
vt 0.083713 0.609750
vt 0.079778 0.609704
vt 0.079778 0.384207
vt 0.083713 0.384254
vt 0.751694 0.166801
vt 0.749457 0.166801
vt 0.749457 0.125792
vt 0.751695 0.125792
vt 0.214143 0.038731
vt 0.214143 0.040968
vt 0.173128 0.040968
vt 0.173128 0.038730
vt 0.123063 0.610215
vt 0.123062 0.384719
vt 0.056168 0.609425
vt 0.056168 0.383929
vt 0.235922 0.337890
vt 0.276936 0.337890
vt 0.150607 0.610540
vt 0.146672 0.610493
vt 0.146672 0.384998
vt 0.150607 0.385044
vt 0.130932 0.610308
vt 0.126998 0.610261
vt 0.126997 0.384766
vt 0.130932 0.384812
vt 0.162412 0.610679
vt 0.158477 0.610633
vt 0.158477 0.385137
vt 0.162412 0.385184
vt 0.235922 0.340128
vt 0.276936 0.340129
vt 0.091583 0.609843
vt 0.087648 0.609797
vt 0.087648 0.384301
vt 0.091583 0.384347
vt 0.052233 0.609379
vt 0.052233 0.383882
vt 0.075843 0.609657
vt 0.075843 0.384161
vt 0.170282 0.610772
vt 0.166347 0.610726
vt 0.166347 0.385230
vt 0.170282 0.385277
vt 0.095518 0.609890
vt 0.095518 0.384394
vt 0.099453 0.609936
vt 0.099453 0.384440
vt 0.071908 0.609611
vt 0.067973 0.609564
vt 0.067973 0.384068
vt 0.071908 0.384115
vt 0.134867 0.610354
vt 0.134867 0.384858
vt 0.235922 0.342367
vt 0.276936 0.342724
vt 0.107323 0.610029
vt 0.103388 0.609982
vt 0.103387 0.384486
vt 0.107322 0.384533
vt 0.543092 0.562925
vt 0.540853 0.562925
vt 0.540496 0.521902
vt 0.543092 0.521902
vt 0.747219 0.166801
vt 0.744981 0.166801
vt 0.744624 0.125792
vt 0.747219 0.125792
vt 0.154542 0.610586
vt 0.154542 0.385091
vt 0.111258 0.610075
vt 0.111257 0.384579
vt 0.214143 0.043206
vt 0.173128 0.043563
vt 0.753932 0.166801
vt 0.754290 0.125792
vt 0.995410 0.153132
vt 0.995410 0.155933
vt 0.991953 0.155933
vt 0.991953 0.153132
vt 0.719677 0.321734
vt 0.719677 0.318972
vt 0.723085 0.318972
vt 0.723085 0.321734
vt 0.719677 0.316211
vt 0.723085 0.316211
vt 0.301485 0.198741
vt 0.298680 0.198741
vt 0.298680 0.195354
vt 0.301485 0.195354
vt 0.719677 0.313449
vt 0.719677 0.310688
vt 0.723085 0.310688
vt 0.723085 0.313449
vt 0.207838 0.051390
vt 0.205036 0.051390
vt 0.205036 0.047932
vt 0.207838 0.047932
vt 0.162642 0.037723
vt 0.159815 0.038581
vt 0.159104 0.035005
vt 0.161247 0.034355
vt 0.295875 0.198741
vt 0.295875 0.195354
vt 0.956437 0.161117
vt 0.956437 0.163878
vt 0.953030 0.163878
vt 0.953030 0.161117
vt 0.956437 0.169401
vt 0.956437 0.172162
vt 0.953030 0.172162
vt 0.953030 0.169401
vt 0.342336 0.768832
vt 0.301353 0.768832
vt 0.301353 0.765209
vt 0.342338 0.765191
vt 0.995410 0.158735
vt 0.991953 0.158735
vt 0.213480 0.051390
vt 0.210641 0.051390
vt 0.210641 0.047932
vt 0.213480 0.047932
vt 0.567748 0.619572
vt 0.567748 0.660554
vt 0.564108 0.660555
vt 0.564125 0.619572
vt 0.438093 0.812412
vt 0.438094 0.853362
vt 0.434473 0.853362
vt 0.434456 0.812410
vt 0.756474 0.004995
vt 0.756474 0.007792
vt 0.753022 0.007792
vt 0.753022 0.004995
vt 0.319188 0.081035
vt 0.316321 0.081035
vt 0.316321 0.077497
vt 0.319188 0.077497
vt 0.995410 0.161563
vt 0.991953 0.161563
vt 0.321918 0.079922
vt 0.322082 0.077497
vt 0.956437 0.166640
vt 0.953030 0.166640
vt 0.153935 0.038581
vt 0.151107 0.037723
vt 0.152503 0.034355
vt 0.154646 0.035005
vt 0.156875 0.038870
vt 0.156875 0.035225
vt 0.756474 0.010589
vt 0.753022 0.010589
vt 0.293130 0.198741
vt 0.290385 0.198741
vt 0.290385 0.195354
vt 0.293130 0.195354
vt 0.920985 0.383799
vt 0.920985 0.342772
vt 0.924630 0.342770
vt 0.924612 0.383799
vt 0.756474 0.002162
vt 0.753022 0.002162
vt 0.965918 0.602995
vt 0.965918 0.644020
vt 0.962273 0.644022
vt 0.962291 0.602995
vt 0.202197 0.051390
vt 0.202197 0.047932
vt 0.995410 0.150304
vt 0.991953 0.150304
vt 0.777865 0.798029
vt 0.736873 0.798029
vt 0.736873 0.794405
vt 0.777866 0.794387
vt 0.940395 0.768447
vt 0.940395 0.809441
vt 0.936753 0.809442
vt 0.936771 0.768447
vt 0.313454 0.081035
vt 0.313454 0.077497
vt 0.756474 0.013423
vt 0.753022 0.013423
vt 0.941474 0.866470
vt 0.941474 0.907479
vt 0.937849 0.907479
vt 0.937832 0.866468
vt 0.310561 0.081035
vt 0.310561 0.077497
s 1
usemtl Material.001
f 255/343/148 254/344/149 318/345/149 319/346/148
f 287/347/148 286/348/149 350/349/149 351/350/148
f 242/351/150 241/352/151 305/353/151 306/354/150
f 256/355/152 255/343/148 319/346/148 320/356/152
f 243/357/153 242/351/150 306/354/150 307/358/153
f 257/359/154 256/355/152 320/356/152 321/360/154
f 244/361/155 243/357/153 307/358/153 308/362/155
f 258/363/156 257/359/154 321/360/154 322/364/156
f 245/365/157 244/361/155 308/362/155 309/366/157
f 259/367/158 258/363/156 322/364/156 323/368/158
f 246/369/159 245/365/157 309/366/157 310/370/159
f 260/371/160 259/367/158 323/368/158 324/372/160
f 247/373/161 246/369/159 310/370/159 311/374/161
f 233/375/162 234/376/163 298/377/163 297/378/162
f 261/379/164 260/371/160 324/372/160 325/380/164
f 248/381/165 247/373/161 311/374/161 312/382/165
f 235/383/166 233/375/162 297/378/162 299/384/166
f 262/385/167 261/379/164 325/380/164 326/386/167
f 249/387/168 248/381/165 312/382/165 313/388/168
f 236/389/169 235/383/166 299/384/166 300/390/169
f 263/391/170 262/385/167 326/386/167 327/392/170
f 250/393/171 249/387/168 313/388/168 314/394/171
f 237/395/172 236/389/169 300/390/169 301/396/172
f 264/397/173 263/391/170 327/392/170 328/398/173
f 251/399/174 250/393/171 314/394/171 315/400/174
f 238/401/175 237/395/172 301/396/172 302/402/175
f 234/376/163 264/397/173 328/398/173 298/377/163
f 252/403/176 251/399/174 315/400/174 316/404/176
f 239/405/177 238/401/175 302/402/175 303/406/177
f 253/407/178 252/403/176 316/404/176 317/408/178
f 240/409/179 239/405/177 303/406/177 304/410/179
f 254/344/149 253/407/178 317/408/178 318/345/149
f 241/411/151 240/409/179 304/410/179 305/412/151
f 266/413/180 265/414/180 297/415/180 298/416/180
f 265/414/180 267/417/180 299/418/180 297/415/180
f 267/417/180 268/419/180 300/420/180 299/418/180
f 268/419/180 269/421/180 301/422/180 300/420/180
f 269/421/180 270/423/180 302/424/180 301/422/180
f 270/423/180 271/425/180 303/426/180 302/424/180
f 271/425/180 272/427/180 304/428/180 303/426/180
f 272/427/180 273/429/180 305/430/180 304/428/180
f 273/431/180 274/432/180 306/433/180 305/434/180
f 274/432/180 275/435/180 307/436/180 306/433/180
f 275/435/180 276/437/180 308/438/180 307/436/180
f 276/437/180 277/439/180 309/440/180 308/438/180
f 277/439/180 278/441/180 310/442/180 309/440/180
f 278/441/180 279/443/180 311/444/180 310/442/180
f 279/443/180 280/445/180 312/446/180 311/444/180
f 280/445/180 281/447/180 313/448/180 312/446/180
f 281/447/180 282/449/180 314/450/180 313/448/180
f 282/449/180 283/451/180 315/452/180 314/450/180
f 283/451/180 284/453/180 316/454/180 315/452/180
f 284/453/180 285/455/180 317/456/180 316/454/180
f 285/455/180 286/457/180 318/458/180 317/456/180
f 286/457/180 287/459/180 319/460/180 318/458/180
f 287/459/180 288/461/180 320/462/180 319/460/180
f 288/461/180 289/463/180 321/464/180 320/462/180
f 289/463/180 290/465/180 322/466/180 321/464/180
f 290/465/180 291/467/180 323/468/180 322/466/180
f 291/467/180 292/469/180 324/470/180 323/468/180
f 292/469/180 293/471/180 325/472/180 324/470/180
f 293/471/180 294/473/180 326/474/180 325/472/180
f 294/473/180 295/475/180 327/476/180 326/474/180
f 295/475/180 296/477/180 328/478/180 327/476/180
f 296/477/180 266/413/180 298/416/180 328/478/180
f 274/479/150 273/480/151 337/481/151 338/482/150
f 288/483/152 287/347/148 351/350/148 352/484/152
f 275/485/153 274/479/150 338/482/150 339/486/153
f 289/487/154 288/483/152 352/484/152 353/488/154
f 276/489/155 275/485/153 339/486/153 340/490/155
f 290/491/156 289/487/154 353/488/154 354/492/156
f 277/493/157 276/489/155 340/490/155 341/494/157
f 291/495/158 290/491/156 354/492/156 355/496/158
f 278/497/159 277/493/157 341/494/157 342/498/159
f 292/499/160 291/495/158 355/496/158 356/500/160
f 279/501/161 278/497/159 342/498/159 343/502/161
f 265/503/162 266/504/163 330/505/163 329/506/162
f 293/507/164 292/499/160 356/500/160 357/508/164
f 280/509/165 279/501/161 343/502/161 344/510/165
f 267/511/166 265/503/162 329/506/162 331/512/166
f 294/513/167 293/507/164 357/508/164 358/514/167
f 281/515/168 280/509/165 344/510/165 345/516/168
f 268/517/169 267/511/166 331/512/166 332/518/169
f 295/519/170 294/513/167 358/514/167 359/520/170
f 282/521/171 281/515/168 345/516/168 346/522/171
f 269/523/172 268/517/169 332/518/169 333/524/172
f 296/525/173 295/519/170 359/520/170 360/526/173
f 283/527/174 282/521/171 346/522/171 347/528/174
f 270/529/175 269/523/172 333/524/172 334/530/175
f 266/504/163 296/525/173 360/526/173 330/505/163
f 284/531/176 283/527/174 347/528/174 348/532/176
f 271/533/177 270/529/175 334/530/175 335/534/177
f 285/535/178 284/531/176 348/532/176 349/536/178
f 272/537/179 271/533/177 335/534/177 336/538/179
f 286/348/149 285/535/178 349/536/178 350/349/149
f 273/539/151 272/537/179 336/538/179 337/540/151
f 425/541/181 554/542/163 553/543/162 426/544/182
f 426/544/182 553/543/162 555/545/166 427/546/183
f 427/546/183 555/545/166 556/547/169 428/548/184
f 428/548/184 556/547/169 557/549/172 429/550/185
f 429/550/185 557/549/172 558/551/175 430/552/186
f 430/552/186 558/551/175 559/553/177 431/554/187
f 431/554/187 559/553/177 560/555/179 432/556/188
f 432/556/188 560/555/179 561/557/151 433/558/189
f 433/559/189 561/560/151 562/561/150 434/562/190
f 434/562/190 562/561/150 563/563/153 435/564/191
f 435/564/191 563/563/153 564/565/155 436/566/192
f 436/566/192 564/565/155 565/567/157 437/568/193
f 437/568/193 565/567/157 566/569/159 438/570/194
f 438/570/194 566/569/159 567/571/161 439/572/195
f 439/572/195 567/571/161 568/573/165 440/574/196
f 440/574/196 568/573/165 569/575/168 441/576/197
f 441/576/197 569/575/168 570/577/171 442/578/198
f 442/578/198 570/577/171 571/579/174 443/580/199
f 443/580/199 571/579/174 572/581/176 444/582/200
f 444/582/200 572/581/176 573/583/178 445/584/201
f 445/584/201 573/583/178 574/585/149 446/586/202
f 446/586/202 574/585/149 575/587/148 447/588/203
f 447/588/203 575/587/148 576/589/152 448/590/204
f 448/590/204 576/589/152 577/591/154 449/592/205
f 449/592/205 577/591/154 578/593/156 450/594/206
f 450/594/206 578/593/156 579/595/158 451/596/207
f 451/596/207 579/595/158 580/597/160 452/598/208
f 452/598/208 580/597/160 581/599/164 453/600/209
f 453/600/209 581/599/164 582/601/167 454/602/210
f 454/602/210 582/601/167 583/603/170 455/604/211
f 455/604/211 583/603/170 584/605/173 456/606/212
f 456/606/212 584/605/173 554/542/163 425/541/181
f 552/607/213 487/608/214 488/609/215 489/610/216
f 550/611/217 486/612/218 487/608/214 552/607/213
f 548/613/219 485/614/220 486/612/218 550/611/217
f 546/615/221 484/616/222 485/614/220 548/613/219
f 544/617/223 483/618/224 484/616/222 546/615/221
f 542/619/225 482/620/226 483/618/224 544/617/223
f 540/621/227 481/622/228 482/620/226 542/619/225
f 538/623/229 480/624/230 481/622/228 540/621/227
f 536/625/231 479/626/232 480/624/230 538/623/229
f 534/627/233 478/628/234 479/626/232 536/625/231
f 532/629/235 477/630/236 478/628/234 534/627/233
f 530/631/237 476/632/238 477/630/236 532/629/235
f 528/633/239 475/634/240 476/632/238 530/631/237
f 526/635/241 474/636/242 475/634/240 528/633/239
f 524/637/243 473/638/244 474/636/242 526/635/241
f 522/639/245 472/640/246 473/638/244 524/637/243
f 520/641/247 471/642/248 472/640/246 522/639/245
f 518/643/249 470/644/250 471/642/248 520/641/247
f 516/645/251 469/646/252 470/644/250 518/643/249
f 514/647/253 468/648/254 469/646/252 516/645/251
f 512/649/255 467/650/256 468/648/254 514/647/253
f 510/651/257 466/652/258 467/650/256 512/649/255
f 508/653/259 465/654/260 466/652/258 510/651/257
f 506/655/261 464/656/262 465/654/260 508/653/259
f 504/657/263 463/658/264 464/659/262 506/660/261
f 502/661/265 462/662/266 463/658/264 504/657/263
f 500/663/267 461/664/268 462/662/266 502/661/265
f 498/665/269 460/666/270 461/664/268 500/663/267
f 496/667/271 459/668/272 460/666/270 498/665/269
f 494/669/273 458/670/274 459/668/272 496/667/271
f 492/671/275 457/672/276 458/670/274 494/669/273
f 489/610/216 488/609/215 457/672/276 492/671/275
f 487/608/214 456/606/212 425/541/181 488/609/215
f 486/612/218 455/604/211 456/606/212 487/608/214
f 485/614/220 454/602/210 455/604/211 486/612/218
f 484/616/222 453/600/209 454/602/210 485/614/220
f 483/618/224 452/598/208 453/600/209 484/616/222
f 482/620/226 451/596/207 452/598/208 483/618/224
f 481/622/228 450/594/206 451/596/207 482/620/226
f 480/624/230 449/592/205 450/594/206 481/622/228
f 479/626/232 448/590/204 449/592/205 480/624/230
f 478/628/234 447/588/203 448/590/204 479/626/232
f 477/630/236 446/586/202 447/588/203 478/628/234
f 476/632/238 445/584/201 446/586/202 477/630/236
f 475/634/240 444/582/200 445/584/201 476/632/238
f 474/636/242 443/580/199 444/582/200 475/634/240
f 473/638/244 442/578/198 443/580/199 474/636/242
f 472/640/246 441/576/197 442/578/198 473/638/244
f 471/642/248 440/574/196 441/576/197 472/640/246
f 470/644/250 439/572/195 440/574/196 471/642/248
f 469/646/252 438/570/194 439/572/195 470/644/250
f 468/648/254 437/568/193 438/570/194 469/646/252
f 467/650/256 436/566/192 437/568/193 468/648/254
f 466/652/258 435/564/191 436/566/192 467/650/256
f 465/654/260 434/562/190 435/564/191 466/652/258
f 464/656/262 433/559/189 434/562/190 465/654/260
f 463/658/264 432/556/188 433/558/189 464/659/262
f 462/662/266 431/554/187 432/556/188 463/658/264
f 461/664/268 430/552/186 431/554/187 462/662/266
f 460/666/270 429/550/185 430/552/186 461/664/268
f 459/668/272 428/548/184 429/550/185 460/666/270
f 458/670/274 427/546/183 428/548/184 459/668/272
f 457/672/276 426/544/182 427/546/183 458/670/274
f 488/609/215 425/541/181 426/544/182 457/672/276
f 423/673/173 551/674/277 490/675/278 361/676/163
f 365/677/166 493/678/279 495/679/280 367/680/169
f 367/680/169 495/679/280 497/681/281 369/682/172
f 369/682/172 497/681/281 499/683/282 371/684/175
f 371/684/175 499/683/282 501/685/283 373/686/177
f 373/686/177 501/685/283 503/687/284 375/688/179
f 375/688/179 503/687/284 505/689/285 377/690/151
f 377/691/151 505/692/285 507/693/286 379/694/150
f 379/694/150 507/693/286 509/695/287 381/696/153
f 381/696/153 509/695/287 511/697/288 383/698/155
f 383/698/155 511/697/288 513/699/289 385/700/157
f 385/700/157 513/699/289 515/701/290 387/702/159
f 387/702/159 515/701/290 517/703/291 389/704/161
f 389/704/161 517/703/291 519/705/292 391/706/165
f 391/706/165 519/705/292 521/707/293 393/708/168
f 393/708/168 521/707/293 523/709/294 395/710/171
f 395/710/171 523/709/294 525/711/295 397/712/174
f 397/712/174 525/711/295 527/713/296 399/714/176
f 399/714/176 527/713/296 529/715/297 401/716/178
f 401/716/178 529/715/297 531/717/298 403/718/149
f 403/718/149 531/717/298 533/719/299 405/720/148
f 405/720/148 533/719/299 535/721/300 407/722/152
f 407/722/152 535/721/300 537/723/301 409/724/154
f 409/724/154 537/723/301 539/725/302 411/726/156
f 411/726/156 539/725/302 541/727/303 413/728/158
f 413/728/158 541/727/303 543/729/304 415/730/160
f 415/730/160 543/729/304 545/731/305 417/732/164
f 417/732/164 545/731/305 547/733/306 419/734/167
f 419/734/167 547/733/306 549/735/307 421/736/170
f 421/736/170 549/735/307 551/674/277 423/673/173
f 363/737/162 491/738/308 493/678/279 365/677/166
f 552/607/213 489/610/216 490/675/278 551/674/277
f 550/611/217 552/607/213 551/674/277 549/735/307
f 548/613/219 550/611/217 549/735/307 547/733/306
f 546/615/221 548/613/219 547/733/306 545/731/305
f 544/617/223 546/615/221 545/731/305 543/729/304
f 542/619/225 544/617/223 543/729/304 541/727/303
f 540/621/227 542/619/225 541/727/303 539/725/302
f 538/623/229 540/621/227 539/725/302 537/723/301
f 536/625/231 538/623/229 537/723/301 535/721/300
f 534/627/233 536/625/231 535/721/300 533/719/299
f 532/629/235 534/627/233 533/719/299 531/717/298
f 530/631/237 532/629/235 531/717/298 529/715/297
f 528/633/239 530/631/237 529/715/297 527/713/296
f 526/635/241 528/633/239 527/713/296 525/711/295
f 524/637/243 526/635/241 525/711/295 523/709/294
f 522/639/245 524/637/243 523/709/294 521/707/293
f 520/641/247 522/639/245 521/707/293 519/705/292
f 518/643/249 520/641/247 519/705/292 517/703/291
f 516/645/251 518/643/249 517/703/291 515/701/290
f 514/647/253 516/645/251 515/701/290 513/699/289
f 512/649/255 514/647/253 513/699/289 511/697/288
f 510/651/257 512/649/255 511/697/288 509/695/287
f 508/653/259 510/651/257 509/695/287 507/693/286
f 506/655/261 508/653/259 507/693/286 505/692/285
f 504/657/263 506/660/261 505/689/285 503/687/284
f 502/661/265 504/657/263 503/687/284 501/685/283
f 500/663/267 502/661/265 501/685/283 499/683/282
f 498/665/269 500/663/267 499/683/282 497/681/281
f 496/667/271 498/665/269 497/681/281 495/679/280
f 494/669/273 496/667/271 495/679/280 493/678/279
f 492/671/275 494/669/273 493/678/279 491/738/308
f 489/610/216 492/671/275 491/738/308 490/675/278
f 361/676/163 490/675/278 491/738/308 363/737/162
f 362/739/180 364/740/180 553/741/180 554/742/180
f 364/740/180 366/743/180 555/744/180 553/741/180
f 366/743/180 368/745/180 556/746/180 555/744/180
f 368/745/180 370/747/180 557/748/180 556/746/180
f 370/747/180 372/749/180 558/750/180 557/748/180
f 372/749/180 374/751/180 559/752/180 558/750/180
f 374/751/180 376/753/180 560/754/180 559/752/180
f 376/753/180 378/755/180 561/756/180 560/754/180
f 378/757/180 380/758/180 562/759/180 561/760/180
f 380/758/180 382/761/180 563/762/180 562/759/180
f 382/761/180 384/763/180 564/764/180 563/762/180
f 384/763/180 386/765/180 565/766/180 564/764/180
f 386/765/180 388/767/180 566/768/180 565/766/180
f 388/767/180 390/769/180 567/770/180 566/768/180
f 390/769/180 392/771/180 568/772/180 567/770/180
f 392/771/180 394/773/180 569/774/180 568/772/180
f 394/773/180 396/775/180 570/776/180 569/774/180
f 396/775/180 398/777/180 571/778/180 570/776/180
f 398/777/180 400/779/180 572/780/180 571/778/180
f 400/779/180 402/781/180 573/782/180 572/780/180
f 402/781/180 404/783/180 574/784/180 573/782/180
f 404/783/180 406/785/180 575/786/180 574/784/180
f 406/785/180 408/787/180 576/788/180 575/786/180
f 408/787/180 410/789/180 577/790/180 576/788/180
f 410/789/180 412/791/180 578/792/180 577/790/180
f 412/791/180 414/793/180 579/794/180 578/792/180
f 414/793/180 416/795/180 580/796/180 579/794/180
f 416/795/180 418/797/180 581/798/180 580/796/180
f 418/797/180 420/799/180 582/800/180 581/798/180
f 420/799/180 422/801/180 583/802/180 582/800/180
f 422/801/180 424/803/180 584/804/180 583/802/180
f 424/803/180 362/739/180 554/742/180 584/804/180
f 696/805/309 695/806/310 727/807/310 728/808/309
f 757/809/157 756/810/155 788/811/155 789/812/157
f 761/813/311 762/814/311 870/815/311 835/816/311
f 714/817/163 744/818/173 810/819/173 809/820/163
f 592/821/180 594/822/180 653/823/180 652/824/180
f 727/807/161 726/825/159 844/826/159 863/827/161
f 733/828/178 732/829/176 821/830/176 820/831/178
f 589/832/166 651/833/166 652/834/169 591/835/169
f 767/836/148 766/837/149 798/838/149 799/839/148
f 799/839/312 798/838/313 848/840/313 839/841/312
f 797/842/314 796/843/315 838/844/315 860/845/314
f 644/846/180 646/847/180 679/848/180 678/849/180
f 746/850/311 745/851/311 822/852/311 809/853/311
f 745/854/162 746/855/163 778/856/163 777/857/162
f 627/858/149 670/859/149 671/860/148 629/861/148
f 772/862/311 773/863/311 832/864/311 855/865/311
f 764/866/176 763/867/174 795/868/174 796/843/176
f 754/869/311 755/870/311 872/871/311 858/872/311
f 792/873/316 791/874/317 812/875/317 819/876/316
f 769/877/311 770/878/311 840/879/311 841/880/311
f 698/881/318 697/882/319 729/883/319 730/884/318
f 606/885/180 608/886/180 660/887/180 659/888/180
f 738/889/156 737/890/154 841/891/154 840/892/156
f 732/829/176 731/893/174 868/894/174 821/830/176
f 646/895/170 711/896/170 712/897/173 648/898/173
f 691/899/320 690/900/321 722/901/321 723/902/320
f 622/903/174 699/904/174 700/905/176 624/906/176
f 762/907/171 761/908/168 793/909/168 794/910/171
f 593/911/172 653/912/172 654/913/175 595/914/175
f 705/915/322 704/916/323 736/917/323 737/890/322
f 763/867/174 762/907/171 794/910/171 795/868/174
f 796/843/315 795/868/324 834/918/324 838/844/315
f 754/919/150 753/920/151 785/921/151 786/922/150
f 779/923/325 777/857/326 853/924/326 843/925/327
f 681/926/328 682/927/329 714/817/329 713/928/328
f 646/847/180 648/929/180 680/930/180 679/848/180
f 720/931/179 719/932/177 826/933/177 825/934/179
f 755/870/311 756/935/311 871/936/311 872/871/311
f 699/904/330 698/881/318 730/884/318 731/893/330
f 633/937/154 673/938/154 674/939/156 635/940/156
f 749/941/172 748/942/169 780/943/169 781/944/172
f 751/945/311 752/946/311 825/947/311 826/948/311
f 746/855/163 776/949/173 808/950/173 778/856/163
f 684/951/331 683/952/332 715/953/332 716/954/331
f 756/810/155 755/955/153 787/956/153 788/811/155
f 621/957/174 667/958/174 668/959/176 623/960/176
f 741/961/164 740/962/160 855/963/160 832/964/164
f 768/965/152 767/836/148 799/839/148 800/966/152
f 759/967/161 758/968/159 790/969/159 791/874/161
f 804/970/333 803/971/334 817/972/334 846/973/333
f 739/974/158 738/889/156 840/892/156 856/975/158
f 788/811/335 787/956/336 814/976/336 815/977/335
f 749/978/311 750/979/311 823/980/311 824/981/311
f 721/982/151 720/931/179 825/934/179 859/983/151
f 620/984/171 618/985/168 697/882/168 698/881/171
f 634/986/154 632/987/152 704/916/152 705/915/154
f 760/988/311 761/813/311 835/816/311 836/989/311
f 757/990/311 758/991/311 844/992/311 845/993/311
f 770/878/311 771/994/311 856/995/311 840/879/311
f 772/996/160 771/997/158 803/971/158 804/970/160
f 774/998/311 775/999/311 847/1000/311 831/1001/311
f 622/903/174 620/984/171 698/881/171 699/904/174
f 613/1002/161 663/1003/161 664/1004/165 615/1005/165
f 726/825/159 725/1006/157 845/1007/157 844/826/159
f 617/1008/168 665/1009/168 666/1010/171 619/1011/171
f 702/1012/337 701/1013/338 733/828/338 734/1014/337
f 791/874/317 790/969/339 837/1015/339 812/875/317
f 703/1016/148 630/1017/148 628/1018/149 702/1012/149
f 615/1005/165 664/1004/165 665/1009/168 617/1008/168
f 808/950/340 807/1019/341 862/1020/341 829/1021/340
f 765/1022/311 766/1023/311 867/1024/311 820/1025/311
f 637/1026/158 675/1027/158 676/1028/160 639/1029/160
f 769/1030/154 768/965/152 800/966/152 801/1031/154
f 776/949/173 775/1032/170 807/1019/170 808/950/173
f 790/969/339 789/812/342 816/1033/342 837/1015/339
f 689/1034/343 688/1035/344 720/931/344 721/982/343
f 802/1036/345 801/1031/346 828/1037/346 850/1038/345
f 596/1039/180 598/1040/180 655/1041/180 654/1042/180
f 687/1043/347 686/1044/348 718/1045/348 719/932/347
f 713/928/162 714/817/163 809/820/163 822/1046/162
f 787/956/336 786/922/349 813/1047/349 814/976/336
f 752/1048/179 751/1049/177 783/1050/177 784/1051/179
f 710/1052/350 709/1053/351 741/961/351 742/1054/350
f 725/1006/157 724/1055/155 871/1056/155 845/1007/157
f 585/1057/163 650/1058/163 649/1059/162 587/1060/162
f 748/1061/311 749/978/311 824/981/311 865/1062/311
f 770/1063/156 769/1030/154 801/1031/154 802/1036/156
f 759/1064/311 760/988/311 836/989/311 863/1065/311
f 608/1066/155 606/1067/153 691/899/153 692/1068/155
f 683/952/332 681/926/328 713/928/328 715/953/332
f 682/927/329 712/897/352 744/818/352 714/817/329
f 724/1055/155 723/902/153 872/1069/153 871/1056/155
f 603/1070/150 658/1071/150 659/1072/153 605/1073/153
f 778/856/353 808/950/340 829/1021/340 849/1074/353
f 628/1075/180 630/1076/180 671/1077/180 670/1078/180
f 807/1019/341 806/1079/354 864/1080/354 862/1020/341
f 751/1049/177 750/1081/175 782/1082/175 783/1050/177
f 616/1083/180 618/1084/180 665/1085/180 664/1086/180
f 777/857/326 778/856/353 849/1074/353 853/924/326
f 747/1087/311 748/1061/311 865/1062/311 866/1088/311
f 700/905/355 699/904/330 731/893/330 732/829/355
f 704/916/323 703/1016/356 735/1089/356 736/917/323
f 602/1090/151 600/1091/179 688/1035/179 689/1034/151
f 631/1092/152 672/1093/152 673/938/154 633/937/154
f 642/1094/180 644/846/180 678/849/180 677/1095/180
f 636/1096/156 634/986/154 705/915/154 706/1097/156
f 643/1098/167 678/1099/167 679/1100/170 645/1101/170
f 702/1012/149 628/1018/149 626/1102/178 701/1013/178
f 745/851/311 747/1087/311 866/1088/311 822/852/311
f 625/1103/178 669/1104/178 670/859/149 627/858/149
f 760/1105/165 759/967/161 791/874/161 792/873/165
f 701/1013/338 700/905/355 732/829/355 733/828/338
f 708/1106/357 707/1107/358 739/974/358 740/962/357
f 758/968/159 757/809/157 789/812/157 790/969/159
f 706/1097/359 705/915/322 737/890/322 738/889/359
f 783/1050/360 782/1082/361 861/1108/361 854/1109/360
f 626/1110/180 628/1075/180 670/1078/180 669/1111/180
f 623/960/176 668/959/176 669/1104/178 625/1103/178
f 697/882/319 696/805/309 728/808/309 729/883/319
f 730/884/171 729/883/168 835/1112/168 870/1113/171
f 638/1114/158 636/1096/156 706/1097/156 707/1107/158
f 600/1115/180 602/1116/180 657/1117/180 656/1118/180
f 712/897/352 711/896/362 743/1119/362 744/818/352
f 773/1120/164 772/996/160 804/970/160 805/1121/164
f 608/886/180 610/1122/180 661/1123/180 660/887/180
f 640/1124/180 642/1094/180 677/1095/180 676/1125/180
f 719/932/177 718/1045/175 823/1126/175 826/933/177
f 743/1119/170 742/1054/167 831/1127/167 847/1128/170
f 748/942/169 747/1129/166 779/923/166 780/943/169
f 722/901/150 721/1130/151 859/1131/151 858/1132/150
f 709/1053/351 708/1106/357 740/962/357 741/961/351
f 647/1133/173 680/1134/173 650/1058/163 585/1057/163
f 707/1107/358 706/1097/359 738/889/359 739/974/358
f 610/1122/180 612/1135/180 662/1136/180 661/1123/180
f 711/896/362 710/1052/350 742/1054/350 743/1119/362
f 641/1137/164 677/1138/164 678/1099/167 643/1098/167
f 750/1081/175 749/941/172 781/944/172 782/1082/175
f 619/1011/171 666/1010/171 667/958/174 621/957/174
f 690/900/321 689/1139/343 721/1130/343 722/901/321
f 648/929/180 586/1140/180 650/1141/180 680/930/180
f 634/1142/180 636/1143/180 674/1144/180 673/1145/180
f 594/822/180 596/1039/180 654/1042/180 653/823/180
f 681/926/162 588/1146/162 586/1147/163 682/927/163
f 728/808/165 727/807/161 863/827/161 836/1148/165
f 774/1149/167 773/1120/164 805/1121/164 806/1079/167
f 629/861/148 671/860/148 672/1093/152 631/1092/152
f 592/1150/169 590/1151/166 683/952/166 684/951/169
f 635/940/156 674/939/156 675/1027/158 637/1026/158
f 768/1152/311 769/877/311 841/880/311 851/1153/311
f 780/943/363 779/923/325 843/925/327 830/1154/363
f 717/1155/172 716/954/169 865/1156/169 824/1157/172
f 624/1158/180 626/1110/180 669/1111/180 668/1159/180
f 740/962/160 739/974/158 856/975/158 855/963/160
f 766/1023/311 767/1160/311 869/1161/311 867/1024/311
f 596/1162/175 594/1163/172 685/1164/172 686/1044/175
f 686/1044/348 685/1164/364 717/1155/364 718/1045/348
f 638/1114/158 707/1107/158 708/1106/160 640/1165/160
f 598/1040/180 600/1115/180 656/1118/180 655/1041/180
f 715/953/166 713/928/162 822/1046/162 866/1166/166
f 694/1167/365 693/1168/366 725/1006/366 726/825/365
f 630/1017/148 703/1016/148 704/916/152 632/987/152
f 693/1168/157 610/1169/157 608/1066/155 692/1068/155
f 638/1170/180 640/1124/180 676/1125/180 675/1171/180
f 729/883/168 728/808/165 836/1148/165 835/1112/168
f 595/914/175 654/913/175 655/1172/177 597/1173/177
f 798/838/313 797/842/314 860/845/314 848/840/313
f 632/1174/180 634/1142/180 673/1145/180 672/1175/180
f 731/893/174 730/884/171 870/1113/171 868/894/174
f 776/1176/311 746/850/311 809/853/311 810/1177/311
f 612/1178/159 694/1167/159 695/806/161 614/1179/161
f 594/1163/172 592/1150/169 684/951/169 685/1164/172
f 766/837/149 765/1180/178 797/842/178 798/838/149
f 599/1181/179 656/1182/179 657/1183/151 601/1184/151
f 789/812/342 788/811/335 815/977/335 816/1033/342
f 803/971/334 802/1036/345 850/1038/345 817/972/334
f 771/997/158 770/1063/156 802/1036/156 803/971/158
f 711/896/170 646/895/170 644/1185/167 710/1052/167
f 607/1186/155 660/1187/155 661/1188/157 609/1189/157
f 688/1035/344 687/1043/347 719/932/347 720/931/344
f 742/1054/167 741/961/164 832/964/164 831/1127/167
f 762/814/311 763/1190/311 868/1191/311 870/815/311
f 602/1192/180 604/1193/180 658/1194/180 657/1195/180
f 630/1076/180 632/1174/180 672/1175/180 671/1077/180
f 763/1190/311 764/1196/311 821/1197/311 868/1191/311
f 590/1151/166 588/1146/162 681/926/162 683/952/166
f 618/1084/180 620/1198/180 666/1199/180 665/1085/180
f 771/994/311 772/862/311 855/865/311 856/995/311
f 604/1200/150 602/1201/151 689/1139/151 690/900/150
f 645/1101/170 679/1100/170 680/1134/173 647/1133/173
f 693/1168/366 692/1068/367 724/1055/367 725/1006/366
f 786/922/349 785/921/368 811/1202/368 813/1047/349
f 758/991/311 759/1064/311 863/1065/311 844/992/311
f 694/1167/159 612/1178/159 610/1169/157 693/1168/157
f 588/1203/180 590/1204/180 651/1205/180 649/1206/180
f 586/1140/180 588/1203/180 649/1206/180 650/1141/180
f 586/1147/163 648/898/173 712/897/173 682/927/163
f 785/1207/368 784/1051/369 842/1208/369 811/1209/368
f 685/1164/364 684/951/331 716/954/331 717/1155/364
f 761/908/168 760/1105/165 792/873/165 793/909/168
f 616/1210/165 696/805/165 697/882/168 618/985/168
f 750/979/311 751/945/311 826/948/311 823/980/311
f 753/1211/151 752/1048/179 784/1051/179 785/1207/151
f 765/1180/178 764/866/176 796/843/176 797/842/178
f 590/1204/180 592/821/180 652/824/180 651/1205/180
f 605/1073/153 659/1072/153 660/1187/155 607/1186/155
f 723/902/153 722/901/150 858/1132/150 872/1069/153
f 775/1032/170 774/1149/167 806/1079/167 807/1019/170
f 782/1082/361 781/944/370 852/1212/370 861/1108/361
f 622/1213/180 624/1158/180 668/1159/180 667/1214/180
f 806/1079/354 805/1121/371 833/1215/371 864/1080/354
f 691/899/153 606/1067/153 604/1200/150 690/900/150
f 747/1129/166 745/854/162 777/857/162 779/923/166
f 800/966/372 799/839/312 839/841/312 827/1216/372
f 612/1135/180 614/1217/180 663/1218/180 662/1136/180
f 604/1193/180 606/885/180 659/888/180 658/1194/180
f 620/1198/180 622/1213/180 667/1214/180 666/1199/180
f 756/935/311 757/990/311 845/993/311 871/936/311
f 773/863/311 774/998/311 831/1001/311 832/864/311
f 601/1219/151 657/1220/151 658/1071/150 603/1070/150
f 735/1089/148 734/1014/149 867/1221/149 869/1222/148
f 591/835/169 652/834/169 653/912/172 593/911/172
f 709/1053/164 642/1223/164 640/1165/160 708/1106/160
f 636/1143/180 638/1170/180 675/1171/180 674/1144/180
f 775/999/311 776/1176/311 810/1177/311 847/1000/311
f 609/1189/157 661/1188/157 662/1224/159 611/1225/159
f 600/1091/179 598/1226/177 687/1043/177 688/1035/179
f 764/1196/311 765/1022/311 820/1025/311 821/1197/311
f 753/1227/311 754/869/311 858/872/311 859/1228/311
f 805/1121/371 804/970/333 846/973/333 833/1215/371
f 692/1068/367 691/899/320 723/902/320 724/1055/367
f 734/1014/149 733/828/178 820/831/178 867/1221/149
f 597/1173/177 655/1172/177 656/1182/179 599/1181/179
f 710/1052/167 644/1185/167 642/1223/164 709/1053/164
f 744/818/173 743/1119/170 847/1128/170 810/819/173
f 781/944/370 780/943/363 830/1154/363 852/1212/370
f 687/1043/177 598/1226/177 596/1162/175 686/1044/175
f 736/917/152 735/1089/148 869/1222/148 851/1229/152
f 793/909/373 792/873/316 819/876/316 857/1230/373
f 794/910/374 793/909/373 857/1230/373 818/1231/374
f 703/1016/356 702/1012/337 734/1014/337 735/1089/356
f 737/890/154 736/917/152 851/1229/152 841/891/154
f 801/1031/346 800/966/372 827/1216/372 828/1037/346
f 624/906/176 700/905/176 701/1013/178 626/1102/178
f 767/1160/311 768/1152/311 851/1153/311 869/1161/311
f 795/868/324 794/910/374 818/1231/374 834/918/324
f 587/1060/162 649/1059/162 651/833/166 589/832/166
f 716/954/169 715/953/166 866/1166/166 865/1156/169
f 611/1225/159 662/1224/159 663/1003/161 613/1002/161
f 639/1029/160 676/1028/160 677/1138/164 641/1137/164
f 718/1045/175 717/1155/172 824/1157/172 823/1126/175
f 784/1051/369 783/1050/360 854/1109/360 842/1208/369
f 614/1217/180 616/1083/180 664/1086/180 663/1218/180
f 752/946/311 753/1232/311 859/1233/311 825/947/311
f 614/1179/161 695/806/161 696/805/165 616/1210/165
f 695/806/310 694/1167/365 726/825/365 727/807/310
f 755/955/153 754/919/150 786/922/150 787/956/153
f 952/1234/158 951/1235/156 997/1236/156 995/1237/158
f 983/1238/165 991/1239/161 971/1240/161 970/1241/165
f 973/1242/154 972/1243/152 969/1244/152 968/1245/154
f 980/1246/159 956/1247/157 978/1248/157 976/1249/159
f 972/1243/152 950/1250/148 999/1251/148 969/1244/152
f 938/1252/166 937/1253/162 967/1254/162 966/1255/166
f 957/1256/179 954/1257/177 962/1258/177 944/1259/179
f 945/1260/171 961/1261/168 974/1262/168 986/1263/171
f 960/1264/150 958/1265/151 943/1266/151 979/1267/150
f 987/1268/173 985/1269/170 1000/1270/170 964/1271/173
f 937/1253/162 977/1272/163 963/1273/163 967/1254/162
f 953/1274/175 975/1275/172 941/1276/172 996/1277/175
f 958/1278/151 957/1256/179 944/1259/179 943/1279/151
f 975/1275/172 993/1280/169 942/1281/169 941/1276/172
f 988/1282/176 946/1283/174 992/1284/174 948/1285/176
f 991/1239/161 980/1246/159 976/1249/159 971/1240/161
f 984/1286/167 990/1287/164 939/1288/164 998/1289/167
f 977/1272/163 987/1268/173 964/1271/173 963/1273/163
f 951/1235/156 973/1242/154 968/1245/154 997/1236/156
f 989/1290/178 988/1282/176 948/1285/176 947/1291/178
f 959/1292/153 960/1264/150 979/1267/150 982/1293/153
f 985/1269/170 984/1286/167 998/1289/167 1000/1270/170
f 946/1283/174 945/1260/171 986/1263/171 992/1284/174
f 954/1257/177 953/1274/175 996/1277/175 962/1258/177
f 961/1261/168 983/1238/165 970/1241/165 974/1262/168
f 950/1250/148 949/1294/149 965/1295/149 999/1251/148
f 949/1294/149 989/1290/178 947/1291/178 965/1295/149
f 990/1287/164 994/1296/160 940/1297/160 939/1288/164
f 993/1280/169 938/1252/166 966/1255/166 942/1281/169
f 955/1298/155 959/1292/153 982/1293/153 981/1299/155
f 994/1296/160 952/1234/158 995/1237/158 940/1297/160
f 956/1247/157 955/1298/155 981/1299/155 978/1248/157
f 894/1300/311 886/1301/311 937/1302/311 938/1303/311
f 932/1304/180 933/1305/180 939/1306/180 940/1307/180
f 908/1308/180 909/1309/180 941/1310/180 942/1311/180
f 912/1312/180 913/1313/180 943/1314/180 944/1315/180
f 900/1316/311 892/1317/311 945/1318/311 946/1319/311
f 924/1320/180 925/1321/180 947/1322/180 948/1323/180
f 896/1324/311 898/1325/311 949/1326/311 950/1327/311
f 880/1328/311 873/1329/311 951/1330/311 952/1331/311
f 881/1332/311 899/1333/311 953/1334/311 954/1335/311
f 890/1336/311 884/1337/311 955/1338/311 956/1339/311
f 904/1340/311 897/1341/311 957/1342/311 958/1343/311
f 884/1337/311 888/1344/311 959/1345/311 955/1338/311
f 888/1344/311 889/1346/311 960/1347/311 959/1345/311
f 892/1317/311 901/1348/311 961/1349/311 945/1318/311
f 911/1350/180 912/1312/180 944/1315/180 962/1351/180
f 936/1352/180 906/1353/180 963/1354/180 964/1355/180
f 925/1321/180 926/1356/180 965/1357/180 947/1322/180
f 905/1358/180 907/1359/180 966/1360/180 967/1361/180
f 928/1362/180 929/1363/180 968/1364/180 969/1365/180
f 919/1366/180 920/1367/180 970/1368/180 971/1369/180
f 895/1370/311 903/1371/311 972/1372/311 973/1373/311
f 920/1367/180 921/1374/180 974/1375/180 970/1368/180
f 899/1333/311 893/1376/311 975/1377/311 953/1334/311
f 918/1378/180 919/1366/180 971/1369/180 976/1379/180
f 886/1301/311 902/1380/311 977/1381/311 937/1302/311
f 917/1382/180 918/1378/180 976/1379/180 978/1383/180
f 913/1384/180 914/1385/180 979/1386/180 943/1387/180
f 885/1388/311 890/1336/311 956/1339/311 980/1389/311
f 915/1390/180 916/1391/180 981/1392/180 982/1393/180
f 901/1348/311 875/1394/311 983/1395/311 961/1349/311
f 891/1396/311 877/1397/311 984/1398/311 985/1399/311
f 921/1374/180 922/1400/180 986/1401/180 974/1375/180
f 902/1380/311 878/1402/311 987/1403/311 977/1381/311
f 883/1404/311 879/1405/311 988/1406/311 989/1407/311
f 906/1353/180 905/1358/180 967/1361/180 963/1354/180
f 877/1397/311 882/1408/311 990/1409/311 984/1398/311
f 875/1394/311 887/1410/311 991/1411/311 983/1395/311
f 923/1412/180 924/1320/180 948/1323/180 992/1413/180
f 893/1376/311 874/1414/311 993/1415/311 975/1377/311
f 897/1341/311 881/1332/311 954/1335/311 957/1342/311
f 882/1408/311 876/1416/311 994/1417/311 990/1409/311
f 931/1418/180 932/1304/180 940/1307/180 995/1419/180
f 910/1420/180 911/1350/180 962/1351/180 996/1421/180
f 907/1359/180 908/1308/180 942/1311/180 966/1360/180
f 929/1363/180 930/1422/180 997/1423/180 968/1364/180
f 873/1329/311 895/1370/311 973/1373/311 951/1330/311
f 879/1405/311 900/1316/311 946/1319/311 988/1406/311
f 933/1305/180 934/1424/180 998/1425/180 939/1306/180
f 914/1385/180 915/1390/180 982/1393/180 979/1386/180
f 898/1325/311 883/1404/311 989/1407/311 949/1326/311
f 916/1391/180 917/1382/180 978/1383/180 981/1392/180
f 887/1410/311 885/1388/311 980/1389/311 991/1411/311
f 889/1346/311 904/1426/311 958/1427/311 960/1347/311
f 909/1309/180 910/1420/180 996/1421/180 941/1310/180
f 878/1402/311 891/1396/311 985/1399/311 987/1403/311
f 927/1428/180 928/1362/180 969/1365/180 999/1429/180
f 934/1424/180 935/1430/180 1000/1431/180 998/1425/180
f 930/1422/180 931/1418/180 995/1419/180 997/1423/180
f 876/1416/311 880/1328/311 952/1331/311 994/1417/311
f 903/1371/311 896/1324/311 950/1327/311 972/1372/311
f 935/1430/180 936/1352/180 964/1355/180 1000/1431/180
f 926/1356/180 927/1428/180 999/1429/180 965/1357/180
f 874/1414/311 894/1300/311 938/1303/311 993/1415/311
f 922/1400/180 923/1412/180 992/1413/180 986/1401/180
f 1001/1432/163 1002/1433/163 1004/1434/166 1003/1435/166
f 1003/1435/166 1004/1434/166 1006/1436/172 1005/1437/172
f 1005/1437/172 1006/1436/172 1008/1438/177 1007/1439/177
f 1007/1439/177 1008/1438/177 1010/1440/151 1009/1441/151
f 1009/1442/151 1010/1443/151 1012/1444/153 1011/1445/153
f 1011/1445/153 1012/1444/153 1014/1446/157 1013/1447/157
f 1013/1447/157 1014/1446/157 1016/1448/161 1015/1449/161
f 1015/1449/161 1016/1448/161 1018/1450/168 1017/1451/168
f 1017/1451/168 1018/1450/168 1020/1452/174 1019/1453/174
f 1019/1453/174 1020/1452/174 1022/1454/178 1021/1455/178
f 1021/1455/178 1022/1454/178 1024/1456/148 1023/1457/148
f 1023/1457/148 1024/1456/148 1026/1458/154 1025/1459/154
f 1025/1459/154 1026/1458/154 1028/1460/158 1027/1461/158
f 1027/1461/158 1028/1460/158 1030/1462/164 1029/1463/164
f 1029/1463/164 1030/1462/164 1032/1464/170 1031/1465/170
f 1031/1465/170 1032/1464/170 1002/1433/163 1001/1432/163
f 1174/1466/375 1095/1467/376 1185/1468/376 1094/1469/375
f 1189/1470/170 1098/1471/377 1092/1472/377 1190/1473/170
f 1143/1474/165 1173/1475/165 1181/1476/168 1147/1477/168
f 1202/1478/178 1260/1479/178 1267/1480/149 1199/1481/149
f 1096/1482/159 1095/1467/161 1080/1483/161 1108/1484/159
f 1225/1485/153 1285/1486/378 1284/1487/155 1056/1488/155
f 1126/1489/164 1151/1490/167 1152/1491/167 1125/1492/164
f 1136/1493/162 1051/1494/166 1069/1495/166 1071/1496/162
f 1134/1497/174 1218/1498/174 1195/1499/176 1153/1500/176
f 1199/1481/149 1197/1501/148 1198/1502/148 1200/1503/149
f 1269/1504/379 1245/1505/380 1251/1506/169 1276/1507/169
f 1079/1508/377 1092/1472/377 1223/1509/163 1165/1510/163
f 1063/1511/381 1049/1512/382 1176/1513/382 1177/1514/381
f 1267/1480/149 1243/1515/149 1246/1516/383 1271/1517/384
f 1138/1518/153 1101/1519/155 1036/1520/155 1035/1521/153
f 1229/1522/157 1283/1523/157 1273/1524/159 1193/1525/159
f 1284/1487/155 1254/1526/155 1253/1527/157 1283/1523/157
f 1128/1528/385 1103/1529/386 1159/1530/386 1082/1531/385
f 1153/1500/176 1195/1499/176 1201/1532/178 1155/1533/178
f 1033/1534/150 1286/1535/150 1285/1486/378 1225/1485/153
f 1320/1536/151 1111/1537/151 1168/1538/150 1318/1539/150
f 1318/1539/150 1168/1538/150 1137/1540/153 1317/1541/153
f 1147/1477/168 1181/1476/168 1089/1542/387 1054/1543/387
f 1085/1544/168 1261/1545/168 1281/1546/171 1047/1547/387
f 1161/1548/152 1171/1549/154 1172/1550/154 1162/1551/152
f 1140/1552/157 1120/1553/159 1106/1554/159 1105/1555/157
f 1167/1556/150 1227/1557/150 1226/1558/153 1102/1559/153
f 1285/1486/378 1255/1560/388 1254/1526/155 1284/1487/155
f 1091/1561/389 1224/1562/390 1097/1563/390 1221/1564/389
f 1035/1521/391 1036/1520/392 1170/1565/392 1137/1566/391
f 1086/1567/393 1087/1568/394 1160/1569/394 1158/1570/393
f 1161/1548/152 1215/1571/152 1235/1572/154 1171/1549/154
f 1189/1470/170 1258/1573/395 1277/1574/173 1098/1471/377
f 1116/1575/376 1120/1553/396 1065/1576/396 1064/1577/376
f 1268/1578/160 1244/1579/160 1250/1580/164 1275/1581/164
f 1204/1582/175 1210/1583/177 1040/1584/177 1053/1585/175
f 1290/1586/170 1117/1587/170 1078/1588/377 1309/1589/173
f 1114/1590/397 1113/1591/397 1078/1592/397 1079/1593/397
f 1040/1584/394 1041/1594/398 1208/1595/398 1209/1596/394
f 1101/1519/155 1140/1552/157 1105/1555/157 1036/1520/155
f 1120/1553/396 1140/1552/399 1043/1597/399 1065/1576/396
f 1052/1598/400 1053/1585/401 1203/1599/401 1187/1600/400
f 1213/1601/158 1211/1602/160 1212/1603/160 1214/1604/158
f 1313/1605/171 1073/1606/387 1133/1607/174 1306/1608/174
f 1046/1609/402 1072/1610/403 1148/1611/403 1144/1612/402
f 1104/1613/175 1103/1529/177 1087/1568/177 1086/1567/175
f 1116/1575/161 1061/1614/165 1046/1609/165 1076/1615/161
f 1233/1616/156 1265/1617/156 1282/1618/404 1213/1601/158
f 1300/1619/160 1129/1620/160 1125/1492/164 1307/1621/164
f 1224/1562/163 1091/1561/162 1062/1622/162 1093/1623/163
f 1264/1624/172 1242/1625/172 1239/1626/175 1259/1627/175
f 1236/1628/154 1233/1616/156 1234/1629/156 1235/1572/154
f 1175/1630/169 1276/1507/169 1264/1624/172 1068/1631/172
f 1037/1632/153 1232/1633/155 1100/1634/155 1099/1635/153
f 1095/1467/376 1096/1482/405 1193/1636/405 1185/1468/376
f 1155/1533/178 1124/1637/149 1123/1638/149 1156/1639/178
f 1053/1585/401 1040/1584/394 1209/1596/394 1203/1599/401
f 1103/1529/386 1104/1613/406 1157/1640/406 1159/1530/386
f 1138/1518/407 1039/1641/408 1167/1642/408 1102/1643/407
f 1210/1583/177 1058/1644/179 1041/1594/179 1040/1584/177
f 1097/1645/163 1266/1646/163 1263/1647/162 1221/1648/162
f 1298/1649/163 1166/1650/163 1135/1651/162 1295/1652/162
f 1047/1547/387 1217/1653/174 1218/1498/174 1089/1542/387
f 1260/1479/178 1240/1654/178 1243/1515/149 1267/1480/149
f 1159/1655/177 1209/1656/177 1208/1657/179 1082/1658/179
f 1099/1635/391 1100/1634/409 1231/1659/409 1226/1660/391
f 1210/1583/386 1204/1582/406 1067/1661/406 1042/1662/386
f 1216/1663/152 1236/1628/154 1235/1572/154 1215/1571/152
f 1075/1664/410 1038/1665/411 1168/1666/411 1111/1667/410
f 1136/1493/389 1059/1668/390 1165/1669/390 1044/1670/389
f 1081/1671/412 1088/1672/403 1181/1673/403 1173/1674/412
f 1188/1675/413 1077/1676/414 1175/1677/414 1068/1678/413
f 1124/1637/149 1122/1679/148 1121/1680/148 1123/1638/149
f 1043/1681/157 1230/1682/157 1194/1683/159 1065/1684/159
f 1095/1467/161 1174/1466/165 1081/1671/165 1080/1483/161
f 1145/1685/166 1177/1686/166 1176/1687/169 1050/1688/169
f 1134/1497/174 1153/1500/176 1154/1689/176 1133/1607/174
f 1217/1653/174 1274/1690/415 1272/1691/176 1196/1692/176
f 1220/1693/416 1182/1694/417 1085/1695/417 1047/1696/416
f 1221/1648/162 1263/1647/162 1269/1504/379 1090/1697/166
f 1174/1466/165 1182/1694/168 1088/1672/168 1081/1671/165
f 1060/1698/417 1061/1614/418 1143/1699/418 1147/1700/417
f 1044/1701/162 1222/1702/162 1177/1686/166 1145/1685/166
f 1106/1554/419 1076/1615/420 1115/1703/420 1119/1704/419
f 1118/1705/170 1079/1508/377 1078/1588/377 1117/1587/170
f 1142/1706/156 1132/1707/158 1131/1708/158 1141/1709/156
f 1163/1710/416 1060/1698/417 1147/1700/417 1054/1711/416
f 1309/1589/173 1078/1588/377 1166/1650/163 1298/1649/163
f 1112/1712/151 1039/1641/150 1038/1665/150 1075/1664/151
f 1090/1697/166 1269/1504/379 1276/1507/169 1175/1630/169
f 1272/1691/176 1247/1713/176 1240/1654/178 1260/1479/178
f 1182/1694/417 1174/1466/375 1094/1469/375 1085/1695/417
f 1060/1698/168 1163/1710/421 1164/1714/421 1072/1610/168
f 1182/1694/168 1220/1693/421 1219/1715/421 1088/1672/168
f 1192/1716/167 1189/1470/170 1190/1473/170 1191/1717/167
f 1037/1632/407 1228/1718/422 1033/1719/422 1225/1720/407
f 1317/1541/153 1137/1540/153 1170/1721/155 1316/1722/155
f 1036/1520/392 1105/1555/423 1139/1723/423 1170/1565/392
f 1113/1591/424 1070/1724/425 1166/1725/425 1078/1726/424
f 1047/1547/387 1281/1546/171 1274/1690/415 1217/1653/174
f 1130/1727/160 1212/1603/160 1206/1728/164 1126/1489/164
f 1108/1484/426 1080/1483/420 1186/1729/420 1194/1730/426
f 1082/1658/179 1208/1657/179 1180/1731/151 1045/1732/151
f 1178/1733/427 1091/1561/389 1221/1564/389 1090/1734/427
f 1276/1507/169 1251/1506/169 1242/1625/172 1264/1624/172
f 1151/1490/167 1118/1705/170 1117/1587/170 1152/1491/167
f 1217/1653/174 1196/1692/176 1195/1499/176 1218/1498/174
f 1055/1735/399 1232/1633/428 1056/1736/428 1229/1737/399
f 1185/1738/161 1287/1739/429 1280/1740/165 1094/1741/165
f 1130/1727/160 1126/1489/164 1125/1492/164 1129/1620/160
f 1197/1501/148 1271/1517/384 1279/1742/152 1216/1663/152
f 1066/1743/430 1099/1635/391 1226/1660/391 1227/1744/430
f 1038/1665/411 1035/1521/391 1137/1566/391 1168/1666/411
f 1064/1745/161 1186/1746/161 1173/1475/165 1143/1474/165
f 1080/1483/420 1081/1671/412 1173/1674/412 1186/1729/420
f 1233/1616/156 1213/1601/158 1214/1604/158 1234/1629/156
f 1076/1615/420 1046/1609/402 1144/1612/402 1115/1703/420
f 1184/1747/424 1093/1623/425 1223/1748/425 1092/1749/424
f 1103/1529/177 1128/1528/179 1074/1750/179 1087/1568/177
f 1295/1652/162 1135/1651/162 1146/1751/166 1301/1752/166
f 1114/1590/431 1059/1668/163 1070/1724/163 1113/1591/431
f 1188/1675/172 1204/1582/175 1053/1585/175 1052/1598/172
f 1305/1753/159 1119/1754/159 1115/1755/161 1319/1756/161
f 1310/1757/154 1172/1550/154 1141/1709/156 1297/1758/156
f 1093/1623/425 1062/1622/432 1222/1759/432 1223/1748/425
f 1312/1760/165 1144/1761/165 1148/1762/168 1293/1763/168
f 1054/1543/387 1134/1497/174 1133/1607/174 1073/1606/387
f 1101/1519/428 1138/1518/407 1102/1643/407 1169/1764/428
f 1042/1765/177 1262/1766/433 1270/1767/179 1207/1768/179
f 1304/1769/176 1154/1689/176 1156/1639/178 1292/1770/178
f 1155/1533/178 1201/1532/178 1200/1503/149 1124/1637/149
f 1034/1771/172 1104/1613/175 1086/1567/175 1084/1772/172
f 1087/1568/394 1074/1750/434 1127/1773/434 1160/1569/394
f 1120/1553/159 1116/1575/161 1076/1615/161 1106/1554/159
f 1124/1637/149 1200/1503/149 1198/1502/148 1122/1679/148
f 1084/1772/400 1086/1567/393 1158/1570/393 1150/1774/400
f 1048/1775/410 1066/1743/430 1227/1744/430 1180/1776/410
f 1132/1707/158 1130/1727/160 1129/1620/160 1131/1708/158
f 1207/1768/179 1270/1767/179 1288/1777/151 1179/1778/151
f 1118/1705/170 1190/1473/170 1092/1472/377 1079/1508/377
f 1110/1779/169 1034/1771/172 1084/1772/172 1083/1780/169
f 1070/1724/425 1071/1496/435 1135/1781/435 1166/1725/425
f 1061/1614/165 1060/1698/168 1072/1610/168 1046/1609/165
f 1091/1561/162 1178/1733/166 1063/1511/166 1062/1622/162
f 1232/1633/428 1037/1632/407 1225/1720/407 1056/1736/428
f 1319/1756/161 1115/1755/161 1144/1761/165 1312/1760/165
f 1153/1500/176 1155/1533/178 1156/1639/178 1154/1689/176
f 1307/1621/164 1125/1492/164 1152/1491/167 1289/1782/167
f 1126/1489/164 1206/1728/164 1191/1717/167 1151/1490/167
f 1069/1495/381 1083/1780/436 1109/1783/436 1146/1784/381
f 1057/1785/151 1228/1718/150 1066/1743/150 1048/1775/151
f 1051/1494/427 1136/1493/389 1044/1670/389 1145/1786/427
f 1293/1763/168 1148/1762/168 1073/1606/387 1313/1605/171
f 1041/1594/398 1048/1787/410 1180/1788/410 1208/1595/398
f 1196/1692/176 1272/1691/176 1260/1479/178 1202/1478/178
f 1059/1668/390 1114/1590/437 1079/1789/437 1165/1669/390
f 1311/1790/152 1162/1551/152 1172/1550/154 1310/1757/154
f 1274/1690/415 1249/1791/438 1247/1713/176 1272/1691/176
f 1107/1792/423 1108/1484/426 1194/1730/426 1230/1793/423
f 1192/1716/167 1257/1794/167 1258/1573/395 1189/1470/170
f 1183/1795/431 1224/1562/163 1093/1623/163 1184/1747/431
f 1171/1549/154 1235/1572/154 1234/1629/156 1142/1706/156
f 1045/1796/151 1180/1797/151 1227/1557/150 1167/1556/150
f 1273/1524/159 1248/1798/159 1256/1799/439 1287/1739/429
f 1228/1718/422 1057/1785/440 1179/1800/440 1033/1719/422
f 1102/1559/153 1226/1558/153 1231/1801/155 1169/1802/155
f 1058/1644/179 1057/1803/151 1048/1787/151 1041/1594/179
f 1098/1471/377 1277/1574/173 1266/1646/163 1097/1645/163
f 1219/1715/441 1220/1693/441 1047/1804/441 1089/1805/441
f 1077/1676/414 1178/1733/427 1090/1734/427 1175/1677/414
f 1149/1806/172 1187/1807/172 1203/1808/175 1157/1809/175
f 1257/1794/167 1237/1810/167 1238/1811/442 1258/1573/395
f 1224/1562/390 1183/1795/437 1098/1812/437 1097/1563/390
f 1228/1718/150 1037/1632/153 1099/1635/153 1066/1743/150
f 1054/1543/387 1089/1542/387 1218/1498/174 1134/1497/174
f 1094/1741/165 1280/1740/165 1261/1545/168 1085/1544/168
f 1204/1582/406 1188/1675/413 1068/1678/413 1067/1661/406
f 1289/1782/167 1152/1491/167 1117/1587/170 1290/1586/170
f 1303/1813/148 1121/1680/148 1162/1551/152 1311/1790/152
f 1157/1809/175 1203/1808/175 1209/1656/177 1159/1655/177
f 1283/1523/157 1253/1527/157 1248/1798/159 1273/1524/159
f 1068/1631/172 1264/1624/172 1259/1627/175 1067/1814/175
f 1169/1802/155 1231/1801/155 1230/1682/157 1043/1681/157
f 1232/1633/155 1055/1735/157 1107/1792/157 1100/1634/155
f 1058/1644/443 1210/1583/386 1042/1662/386 1207/1815/443
f 1050/1688/169 1176/1687/169 1187/1807/172 1149/1806/172
f 1088/1672/403 1219/1715/444 1089/1816/444 1181/1673/403
f 1164/1714/441 1163/1710/441 1054/1817/441 1073/1818/441
f 1083/1780/436 1084/1772/400 1150/1774/400 1109/1783/436
f 1292/1770/178 1156/1639/178 1123/1638/149 1299/1819/149
f 1297/1758/156 1141/1709/156 1131/1708/158 1314/1820/158
f 1178/1733/166 1077/1676/169 1049/1512/169 1063/1511/166
f 1275/1581/164 1250/1580/164 1237/1810/167 1257/1794/167
f 1122/1679/148 1161/1548/152 1162/1551/152 1121/1680/148
f 1296/1821/172 1150/1822/172 1158/1823/175 1291/1824/175
f 1062/1622/432 1063/1511/381 1177/1514/381 1222/1759/432
f 1308/1825/169 1109/1826/169 1150/1822/172 1296/1821/172
f 1049/1512/382 1052/1598/400 1187/1600/400 1176/1513/382
f 1316/1722/155 1170/1721/155 1139/1827/157 1315/1828/157
f 1096/1482/405 1055/1735/399 1229/1737/399 1193/1636/405
f 1100/1634/409 1107/1792/423 1230/1793/423 1231/1659/409
f 1205/1829/164 1275/1581/164 1257/1794/167 1192/1716/167
f 1151/1490/167 1191/1717/167 1190/1473/170 1118/1705/170
f 1077/1676/169 1188/1675/172 1052/1598/172 1049/1512/169
f 1199/1481/149 1267/1480/149 1271/1517/384 1197/1501/148
f 1236/1628/154 1278/1830/154 1265/1617/156 1233/1616/156
f 1205/1829/164 1192/1716/167 1191/1717/167 1206/1728/164
f 1067/1814/175 1259/1627/175 1262/1766/433 1042/1765/177
f 1059/1668/163 1136/1493/162 1071/1496/162 1070/1724/163
f 1306/1608/174 1133/1607/174 1154/1689/176 1304/1769/176
f 1165/1510/163 1223/1509/163 1222/1702/162 1044/1701/162
f 1057/1803/440 1058/1644/443 1207/1815/443 1179/1831/440
f 1072/1610/403 1164/1714/444 1073/1832/444 1148/1611/403
f 1259/1627/175 1239/1626/175 1241/1833/445 1262/1766/433
f 1122/1679/148 1198/1502/148 1215/1571/152 1161/1548/152
f 1314/1820/158 1131/1708/158 1129/1620/160 1300/1619/160
f 1104/1613/406 1034/1771/413 1149/1834/413 1157/1640/406
f 1039/1641/150 1138/1518/153 1035/1521/153 1038/1665/150
f 1071/1496/435 1069/1495/381 1146/1784/381 1135/1781/435
f 1051/1494/166 1110/1779/169 1083/1780/169 1069/1495/166
f 1140/1552/399 1101/1519/428 1169/1764/428 1043/1597/399
f 1039/1641/408 1112/1712/440 1045/1835/440 1167/1642/408
f 1211/1602/160 1205/1829/164 1206/1728/164 1212/1603/160
f 1197/1501/148 1216/1663/152 1215/1571/152 1198/1502/148
f 1216/1663/152 1279/1742/152 1278/1830/154 1236/1628/154
f 1196/1692/176 1202/1478/178 1201/1532/178 1195/1499/176
f 1142/1706/156 1234/1629/156 1214/1604/158 1132/1707/158
f 1202/1478/178 1199/1481/149 1200/1503/149 1201/1532/178
f 1282/1618/404 1252/1836/446 1244/1579/160 1268/1578/160
f 1034/1771/413 1110/1779/447 1050/1837/447 1149/1834/413
f 1183/1795/397 1184/1747/397 1092/1838/397 1098/1839/397
f 1055/1735/157 1096/1482/159 1108/1484/159 1107/1792/157
f 1211/1602/160 1268/1578/160 1275/1581/164 1205/1829/164
f 1301/1752/166 1146/1751/166 1109/1826/169 1308/1825/169
f 1110/1779/447 1051/1494/427 1145/1786/427 1050/1837/447
f 1074/1750/434 1075/1840/410 1111/1841/410 1127/1773/434
f 1061/1614/418 1116/1575/376 1064/1577/376 1143/1699/418
f 1065/1684/159 1194/1683/159 1186/1746/161 1064/1745/161
f 1179/1842/151 1288/1843/151 1286/1535/150 1033/1534/150
f 1294/1844/177 1160/1845/177 1127/1846/179 1302/1847/179
f 1056/1488/155 1284/1487/155 1283/1523/157 1229/1522/157
f 1171/1549/154 1142/1706/156 1141/1709/156 1172/1550/154
f 1105/1555/423 1106/1554/419 1119/1704/419 1139/1723/423
f 1299/1819/149 1123/1638/149 1121/1680/148 1303/1813/148
f 1112/1848/440 1128/1528/385 1082/1531/385 1045/1849/440
f 1291/1824/175 1158/1823/175 1160/1845/177 1294/1844/177
f 1302/1847/179 1127/1846/179 1111/1850/151 1320/1851/151
f 1193/1525/159 1273/1524/159 1287/1739/429 1185/1738/161
f 1315/1828/157 1139/1827/157 1119/1754/159 1305/1753/159
f 1213/1601/158 1282/1618/404 1268/1578/160 1211/1602/160
f 1132/1707/158 1214/1604/158 1212/1603/160 1130/1727/160
f 1128/1528/179 1112/1848/151 1075/1840/151 1074/1750/179
f 1429/1852/150 1442/1853/151 1463/1854/151 1476/1855/150
f 1441/1856/165 1422/1857/161 1483/1858/161 1464/1859/165
f 1433/1860/438 1440/1861/176 1415/1862/176 1409/1863/438
f 1431/1864/175 1435/1865/445 1410/1866/445 1407/1867/175
f 1448/1868/160 1447/1869/164 1417/1870/164 1418/1871/160
f 1452/1872/154 1434/1873/152 1471/1874/152 1453/1875/154
f 1448/1876/160 1449/1877/158 1456/1878/158 1457/1879/160
f 1449/1880/446 1448/1868/160 1418/1871/160 1419/1881/446
f 1425/1882/163 1444/1883/173 1461/1884/173 1480/1885/163
f 1432/1886/155 1439/1887/157 1414/1888/157 1408/1889/155
f 1428/1890/178 1423/1891/149 1403/1892/149 1406/1893/178
f 1446/1894/153 1429/1852/150 1476/1855/150 1459/1895/153
f 1449/1877/158 1450/1896/156 1455/1897/156 1456/1878/158
f 1424/1898/172 1431/1864/175 1407/1867/175 1404/1899/172
f 1427/1900/171 1430/1901/168 1475/1902/168 1478/1903/171
f 1439/1904/157 1432/1905/155 1473/1906/155 1466/1907/157
f 1428/1908/178 1440/1909/176 1465/1910/176 1477/1911/178
f 1436/1912/169 1424/1898/172 1404/1899/172 1411/1913/169
f 1438/1914/166 1445/1915/162 1460/1916/162 1467/1917/166
f 1445/1915/162 1425/1882/163 1480/1885/163 1460/1916/162
f 1450/1896/156 1452/1918/154 1453/1919/154 1455/1897/156
f 1440/1861/176 1428/1890/178 1406/1893/178 1415/1862/176
f 1444/1883/173 1451/1920/170 1454/1921/170 1461/1884/173
f 1426/1922/148 1423/1923/149 1482/1924/149 1479/1925/148
f 1436/1926/169 1438/1914/166 1467/1917/166 1469/1927/169
f 1424/1928/172 1436/1926/169 1469/1927/169 1481/1929/172
f 1434/1873/152 1426/1922/148 1479/1925/148 1471/1874/152
f 1437/1930/167 1447/1931/164 1458/1932/164 1468/1933/167
f 1421/1934/159 1439/1904/157 1466/1907/157 1484/1935/159
f 1438/1936/380 1436/1912/169 1411/1913/169 1413/1937/380
f 1451/1920/170 1437/1930/167 1468/1933/167 1454/1921/170
f 1435/1938/177 1431/1939/175 1474/1940/175 1470/1941/177
f 1437/1942/167 1451/1943/442 1420/1944/442 1412/1945/167
f 1421/1946/159 1422/1947/439 1402/1948/439 1401/1949/159
f 1430/1901/168 1441/1856/165 1464/1859/165 1475/1902/168
f 1447/1869/164 1437/1942/167 1412/1945/167 1417/1870/164
f 1440/1909/176 1433/1950/174 1472/1951/174 1465/1910/176
f 1439/1887/157 1421/1946/159 1401/1949/159 1414/1888/157
f 1443/1952/179 1435/1938/177 1470/1941/177 1462/1953/179
f 1431/1939/175 1424/1928/172 1481/1929/172 1474/1940/175
f 1447/1931/164 1448/1876/160 1457/1879/160 1458/1932/164
f 1423/1891/149 1426/1954/383 1405/1955/383 1403/1892/149
f 1442/1853/151 1443/1952/179 1462/1953/179 1463/1854/151
f 1422/1857/161 1421/1934/159 1484/1935/159 1483/1858/161
f 1432/1905/155 1446/1894/153 1459/1895/153 1473/1906/155
f 1446/1956/388 1432/1886/155 1408/1889/155 1416/1957/388
f 1423/1923/149 1428/1908/178 1477/1911/178 1482/1924/149
f 1433/1950/174 1427/1900/171 1478/1903/171 1472/1951/174
f 1239/1958/180 1242/1959/180 1406/1960/180 1403/1961/180
f 1285/1962/180 1286/1963/180 1450/1964/180 1449/1965/180
f 1286/1963/180 1288/1966/180 1452/1967/180 1450/1964/180
f 1274/1968/180 1281/1969/180 1445/1970/180 1438/1971/180
f 1270/1972/180 1262/1973/180 1426/1974/180 1434/1975/180
f 1240/1976/180 1247/1977/180 1411/1978/180 1404/1979/180
f 1269/1980/180 1263/1981/180 1427/1982/180 1433/1983/180
f 1281/1969/180 1261/1984/180 1425/1985/180 1445/1970/180
f 1282/1986/180 1265/1987/180 1429/1988/180 1446/1989/180
f 1279/1990/180 1271/1991/180 1435/1992/180 1443/1993/180
f 1271/1994/448 1246/1995/448 1410/1996/448 1435/1997/448
f 1242/1959/180 1251/1998/180 1415/1999/180 1406/1960/180
f 1246/2000/180 1243/2001/180 1407/2002/180 1410/2003/180
f 1252/2004/449 1282/2005/449 1446/2006/449 1416/2007/449
f 1258/2008/450 1238/2009/450 1402/2010/450 1422/2011/450
f 1237/2012/180 1250/2013/180 1414/2014/180 1401/2015/180
f 1248/2016/180 1253/2017/180 1417/2018/180 1412/2019/180
f 1251/1998/180 1245/2020/180 1409/2021/180 1415/1999/180
f 1256/2022/180 1248/2016/180 1412/2019/180 1420/2023/180
f 1265/1987/180 1278/2024/180 1442/2025/180 1429/1988/180
f 1277/2026/180 1258/2027/180 1422/2028/180 1441/2029/180
f 1263/1981/180 1266/2030/180 1430/2031/180 1427/1982/180
f 1250/2013/180 1244/2032/180 1408/2033/180 1414/2014/180
f 1280/2034/180 1287/2035/180 1451/2036/180 1444/2037/180
f 1243/2001/180 1240/1976/180 1404/1979/180 1407/2002/180
f 1266/2030/180 1277/2026/180 1441/2029/180 1430/2031/180
f 1288/1966/180 1270/1972/180 1434/1975/180 1452/1967/180
f 1278/2024/180 1279/1990/180 1443/1993/180 1442/2025/180
f 1261/1984/180 1280/2034/180 1444/2037/180 1425/1985/180
f 1255/2038/451 1285/2039/451 1449/2040/451 1419/2041/451
f 1238/2042/180 1237/2012/180 1401/2015/180 1402/2043/180
f 1245/2044/452 1269/2045/452 1433/2046/452 1409/2047/452
f 1247/1977/180 1249/2048/180 1413/2049/180 1411/1978/180
f 1241/2050/180 1239/1958/180 1403/1961/180 1405/2051/180
f 1287/2052/453 1256/2053/453 1420/2054/453 1451/2055/453
f 1249/2056/454 1274/2057/454 1438/2058/454 1413/2059/454
f 1253/2017/180 1254/2060/180 1418/2061/180 1417/2018/180
f 1244/2032/180 1252/2062/180 1416/2063/180 1408/2033/180
f 1262/2064/455 1241/2065/455 1405/2066/455 1426/2067/455
f 1254/2060/180 1255/2068/180 1419/2069/180 1418/2061/180
o AK_Chassis02_lp
v -0.273954 0.267733 0.068021
v 0.221100 0.267733 0.068021
v -0.273954 0.431072 0.036491
v 0.221100 0.431072 0.036491
v 0.221100 0.382615 0.050225
v 0.221100 0.377582 0.053867
v -0.273954 0.382615 0.050225
v -0.273954 0.377582 0.053867
v -0.273954 0.367132 0.068021
v -0.273954 0.375451 0.059703
v -0.273954 0.372976 0.065547
v 0.221100 0.375451 0.059703
v 0.221100 0.367132 0.068021
v 0.221100 0.372976 0.065546
v -0.120603 0.136508 0.079104
v -0.120612 0.122039 0.086650
v -0.128908 0.123351 0.086799
v -0.135060 0.135927 0.086650
v -0.133421 0.127689 0.086799
v -0.120607 0.128055 0.080639
v -0.129050 0.136169 0.080639
v -0.128904 0.127871 0.082282
v -0.120603 0.223300 0.079104
v -0.120603 0.237759 0.086650
v -0.128903 0.236117 0.086799
v -0.129052 0.223300 0.080639
v -0.120603 0.231749 0.080639
v -0.128903 0.231600 0.082282
v -0.135063 0.223300 0.086650
v -0.133420 0.231600 0.086799
v 0.296908 0.153044 0.079103
v 0.296917 0.138577 0.086650
v 0.305213 0.140545 0.086799
v 0.305355 0.153375 0.080639
v 0.296912 0.144591 0.080639
v 0.305210 0.145065 0.082282
v 0.311365 0.153608 0.086650
v 0.309727 0.145241 0.086799
v 0.296908 0.223300 0.079103
v 0.296908 0.237759 0.086650
v 0.305208 0.236117 0.086799
v 0.311368 0.223300 0.086650
v 0.309725 0.231600 0.086799
v 0.296908 0.231749 0.080639
v 0.305358 0.223300 0.080639
v 0.305208 0.231600 0.082282
v 0.330279 0.112407 0.097318
v -0.205686 0.292080 0.097318
v 0.221101 0.292080 0.097318
v -0.205686 0.318857 0.097318
v -0.610712 0.312986 0.097318
v -0.652808 0.270552 0.097318
v -1.089535 0.270552 0.097318
v -1.106168 0.049278 0.097318
v -1.096453 0.288030 0.097318
v -1.106168 0.286023 0.097318
v 0.330279 0.292080 0.097318
v -1.106168 0.221526 0.097318
v -1.106168 0.160533 0.097318
v -1.106168 0.286023 0.041235
v -1.106168 0.221526 0.041235
v -1.146333 0.286023 0.041235
v -1.184289 0.286023 0.015693
v -1.175300 0.286023 0.028967
v -1.162026 0.286023 0.037956
v -1.146333 0.221526 0.041235
v -1.162026 0.221526 0.037956
v -1.175300 0.221526 0.028967
v -1.184289 0.221526 0.015693
v -0.120603 0.136508 -0.079103
v -0.120612 0.122039 -0.086650
v -0.128908 0.123351 -0.086799
v -0.135060 0.135927 -0.086650
v -0.133421 0.127689 -0.086799
v -0.120607 0.128055 -0.080639
v -0.129050 0.136169 -0.080639
v -0.128904 0.127871 -0.082282
v -0.120603 0.223300 -0.079103
v -0.120603 0.237759 -0.086650
v -0.128903 0.236117 -0.086799
v -0.129052 0.223300 -0.080639
v -0.120603 0.231749 -0.080639
v -1.187568 0.286023 0.000000
v -0.610712 0.312986 0.000000
v -0.652808 0.270552 0.000000
v -1.089535 0.270552 0.000000
v -0.205686 0.318857 0.000000
v -0.205686 0.292080 0.000000
v 0.330279 0.112407 0.000000
v -1.106168 0.049277 0.000000
v 0.330279 0.369857 0.000000
v 0.221101 0.292080 0.000000
v 0.221101 0.383637 0.000000
v -0.128903 0.231600 -0.082282
v -1.096502 0.288020 0.000000
v -1.106168 0.286023 0.000000
v -0.135063 0.223300 -0.086650
v -1.106168 0.160565 0.000000
v -1.106168 0.221526 0.000000
v -1.187568 0.221526 0.000000
v -0.133420 0.231600 -0.086799
v 0.296908 0.153044 -0.079104
v 0.296917 0.138577 -0.086650
v 0.305213 0.140545 -0.086799
v 0.305355 0.153375 -0.080639
v 0.296912 0.144591 -0.080639
v 0.305209 0.145065 -0.082282
v 0.311365 0.153608 -0.086650
v 0.330279 0.369857 0.059152
v 0.330279 0.331389 0.097318
v 0.330279 0.366946 0.070348
v 0.330279 0.360838 0.080195
v 0.330279 0.352598 0.088370
v 0.330279 0.342673 0.094430
v 0.221101 0.345168 0.097318
v 0.221101 0.383637 0.059152
v 0.221101 0.356452 0.094430
v 0.221101 0.366378 0.088370
v 0.221101 0.374618 0.080195
v 0.221101 0.380725 0.070348
v 0.309727 0.145241 -0.086799
v 0.296908 0.223300 -0.079104
v 0.296908 0.237759 -0.086650
v 0.305208 0.236117 -0.086799
v 0.311368 0.223300 -0.086650
v 0.309725 0.231600 -0.086799
v 0.296908 0.231749 -0.080639
v 0.305358 0.223300 -0.080639
v 0.305208 0.231600 -0.082282
v 0.330279 0.112407 -0.097318
v -0.205686 0.292080 -0.097318
v 0.221101 0.292080 -0.097318
v -0.426779 0.079136 0.097318
v -0.426779 0.079135 0.000000
v -0.205686 0.318857 -0.097318
v -0.293243 0.085005 0.097318
v -0.293243 0.085004 0.000000
v -0.610712 0.312986 -0.097318
v -0.652808 0.270552 -0.097318
v -0.417340 0.048273 0.000000
v -0.417340 0.048274 0.097318
v -0.304924 0.053051 0.097318
v -0.304924 0.053050 0.000000
v -1.089535 0.270552 -0.097318
v 0.311372 0.145153 0.097318
v 0.312904 0.153665 0.097318
v 0.311368 0.231749 0.097318
v 0.312904 0.223300 0.097318
v 0.305366 0.138905 0.097318
v 0.305358 0.237759 0.097318
v 0.296921 0.137037 0.097318
v 0.296908 0.239295 0.097318
v -0.120616 0.120499 0.097318
v -0.120603 0.239295 0.097318
v -0.129052 0.237759 0.097318
v -0.135063 0.231749 0.097318
v -0.136599 0.223300 0.097318
v -0.135067 0.127471 0.097318
v -0.129061 0.121698 0.097318
v -0.136599 0.135862 0.097318
v -1.106168 0.049278 -0.097318
v -1.096453 0.288030 -0.097318
v -1.106168 0.286023 -0.097318
v 0.330279 0.292080 -0.097318
v -1.106168 0.221526 -0.097318
v -1.106168 0.160533 -0.097318
v -1.106168 0.286023 -0.041235
v -1.106168 0.221526 -0.041235
v -1.146333 0.286023 -0.041235
v -1.184289 0.286023 -0.015693
v -1.175300 0.286023 -0.028967
v -1.162026 0.286023 -0.037956
v -1.146333 0.221526 -0.041235
v -1.162026 0.221526 -0.037956
v -1.175300 0.221526 -0.028967
v -1.184289 0.221526 -0.015693
v 0.330279 0.369857 -0.059152
v 0.330279 0.331389 -0.097318
v 0.330279 0.366946 -0.070348
v 0.330279 0.360838 -0.080195
v 0.330279 0.352598 -0.088370
v 0.330279 0.342673 -0.094430
v 0.221101 0.345168 -0.097318
v 0.221101 0.383637 -0.059152
v 0.221101 0.356452 -0.094430
v 0.221101 0.366378 -0.088370
v 0.221101 0.374618 -0.080195
v 0.221101 0.380725 -0.070348
v -0.426779 0.079136 -0.097318
v -0.293243 0.085005 -0.097318
v -0.417340 0.048274 -0.097318
v -0.304924 0.053051 -0.097318
v 0.311372 0.145153 -0.097318
v 0.312904 0.153665 -0.097318
v 0.311368 0.231749 -0.097318
v 0.312904 0.223300 -0.097318
v 0.305366 0.138905 -0.097318
v 0.305358 0.237759 -0.097318
v 0.296921 0.137037 -0.097318
v 0.296908 0.239295 -0.097318
v -0.120616 0.120499 -0.097318
v -0.120603 0.239295 -0.097318
v -0.129052 0.237759 -0.097318
v -0.135063 0.231749 -0.097318
v -0.136599 0.223300 -0.097318
v -0.135067 0.127471 -0.097318
v -0.129061 0.121698 -0.097318
v -0.136599 0.135862 -0.097318
v -0.019296 0.142533 0.070197
v -0.019296 0.142533 -0.070197
v 0.076872 0.076259 0.070197
v 0.061925 0.157480 0.070197
v 0.076872 0.076259 -0.070197
v 0.061925 0.157480 -0.070197
v -0.010067 0.092385 0.070197
v 0.026725 0.067030 0.070197
v -0.004378 0.081981 0.070197
v 0.004408 0.074018 0.070197
v 0.014977 0.068642 0.070197
v 0.026725 0.067030 -0.070197
v -0.010067 0.092385 -0.070197
v 0.014977 0.068642 -0.070197
v 0.004408 0.074018 -0.070197
v -0.004378 0.081981 -0.070197
v -0.259228 0.065047 0.078184
v -0.259228 0.109491 0.078184
v -0.259228 0.065047 -0.078184
v -0.259228 0.109491 -0.078184
v -0.031000 0.109491 0.078184
v -0.031000 0.109491 -0.078184
v -0.052622 0.065047 0.078184
v -0.031000 0.086670 0.078184
v -0.042610 0.069037 0.078184
v -0.034989 0.076658 0.078184
v -0.031000 0.086670 -0.078184
v -0.052622 0.065047 -0.078184
v -0.034989 0.076658 -0.078184
v -0.042610 0.069037 -0.078184
v -0.920801 0.060402 -0.088376
v -0.920801 0.060402 0.088398
v -0.777846 0.066828 0.088398
v -0.777846 0.066828 -0.088376
v -1.045455 0.054798 -0.027854
v -1.045455 0.054798 0.027875
v -0.714916 0.069657 0.027875
v -0.714916 0.069657 -0.027854
v -0.775605 0.034010 -0.066309
v -0.917951 0.034010 0.066319
v -0.917951 0.034010 -0.066309
v -1.021883 0.034010 0.027869
v -0.775605 0.034010 0.066319
v -1.021883 0.034010 -0.027860
v -0.734573 0.034010 -0.027859
v -0.734573 0.034010 0.027870
v -1.045455 0.054798 0.047422
v -1.016061 0.056119 0.079656
v -1.035593 0.055241 0.067954
v -1.016061 0.056119 -0.079635
v -1.045455 0.054798 -0.047401
v -1.035593 0.055241 -0.067933
v -0.744430 0.068330 0.088398
v -0.714916 0.069657 0.058861
v -0.724818 0.069212 0.078488
v -0.714916 0.069657 -0.058840
v -0.744430 0.068330 -0.088376
v -0.724818 0.069212 -0.078467
v -0.747349 0.034010 -0.066309
v -0.734573 0.034010 -0.053578
v -0.738848 0.034010 -0.062026
v -1.007458 0.034010 0.058127
v -1.021883 0.034010 0.042375
v -1.017054 0.034010 0.052396
v -1.021883 0.034010 -0.042366
v -1.007457 0.034010 -0.058118
v -1.017054 0.034010 -0.052386
v -0.734573 0.034010 0.053589
v -0.747349 0.034010 0.066319
v -0.738848 0.034010 0.062036
v -0.918958 0.034010 0.088392
v -0.775605 0.034010 0.088392
v -1.043956 0.034010 0.027869
v -1.043956 0.034010 -0.027860
v -0.918958 0.034010 -0.088382
v -0.775605 0.034010 -0.088382
v -0.712500 0.034010 0.027870
v -0.712500 0.034010 -0.027859
v -1.034062 0.034010 0.067948
v -1.014467 0.034010 0.079651
v -1.043956 0.034010 0.047416
v -1.034062 0.034010 -0.067939
v -1.043956 0.034010 -0.047407
v -1.014467 0.034010 -0.079642
v -0.712500 0.034010 -0.058846
v -0.722432 0.034010 -0.078472
v -0.742104 0.034010 -0.088382
v -0.742104 0.034010 0.088392
v -0.722432 0.034010 0.078483
v -0.712500 0.034010 0.058856
v -0.714916 0.069657 0.000011
v -0.712500 0.034010 0.000005
v -0.734573 0.034010 0.000005
vn -0.0000 0.2727 0.9621
vn -0.0000 0.4361 0.8999
vn -0.0000 0.9304 0.3666
vn -0.0000 0.7977 0.6030
vn -0.0000 0.7071 0.7071
vn -0.0000 0.1990 0.9800
vn -0.0000 -0.0000 1.0000
vn 0.0876 0.0912 0.9920
vn -0.0948 0.0911 0.9913
vn -0.0912 -0.0912 0.9916
vn 0.0912 -0.0912 0.9916
vn 0.0542 0.9878 0.1462
vn 0.0531 0.8950 0.4428
vn 0.3969 0.8234 0.4056
vn 0.4283 0.8923 0.1424
vn 0.8070 0.4292 0.4056
vn 0.8747 0.4633 0.1424
vn 0.9849 0.0933 0.1462
vn 0.8923 0.0885 0.4428
vn 0.4067 0.4232 0.8096
vn 0.4560 0.0876 0.8856
vn 0.0695 0.4591 0.8856
vn 0.0925 -0.9850 0.1454
vn 0.4540 -0.8799 0.1399
vn 0.4210 -0.8130 0.4022
vn 0.0877 -0.8929 0.4416
vn 0.4191 -0.4191 0.8054
vn 0.0870 -0.4585 0.8844
vn 0.4585 -0.0870 0.8844
vn 0.8130 -0.4210 0.4022
vn 0.8929 -0.0877 0.4416
vn 0.9850 -0.0925 0.1455
vn 0.8799 -0.4540 0.1399
vn -0.1302 0.9808 0.1451
vn -0.4789 0.8669 0.1382
vn -0.4443 0.8019 0.3994
vn -0.1217 0.8893 0.4408
vn -0.4310 0.4143 0.8016
vn -0.1043 0.4571 0.8833
vn -0.4609 0.0862 0.8833
vn -0.8189 0.4122 0.3994
vn -0.8935 0.0864 0.4407
vn -0.9852 0.0913 0.1451
vn -0.8852 0.4442 0.1382
vn -0.0925 -0.9850 0.1454
vn -0.0877 -0.8929 0.4416
vn -0.4210 -0.8130 0.4022
vn -0.4540 -0.8799 0.1399
vn -0.8130 -0.4210 0.4022
vn -0.8799 -0.4540 0.1399
vn -0.9850 -0.0925 0.1455
vn -0.8929 -0.0877 0.4416
vn -0.4191 -0.4191 0.8054
vn -0.4585 -0.0870 0.8844
vn -0.0870 -0.4585 0.8844
vn -1.0000 -0.0000 -0.0000
vn 0.0145 0.1151 0.9932
vn 0.0170 0.1348 0.9907
vn -0.4609 0.0862 -0.8833
vn -0.8935 0.0864 -0.4407
vn -0.8189 0.4122 -0.3994
vn -0.4310 0.4143 -0.8016
vn -0.0145 0.9999 -0.0000
vn 0.9293 0.3693 -0.0003
vn 0.9293 0.3693 -0.0000
vn -0.0000 1.0000 -0.0000
vn 1.0000 -0.0000 -0.0000
vn -0.7099 0.7043 -0.0000
vn 0.0439 -0.9990 -0.0000
vn 0.1252 0.9921 -0.0000
vn -0.1028 -0.0000 0.9947
vn -0.1017 0.9948 -0.0000
vn -0.1355 0.9908 -0.0000
vn -0.2023 0.9793 -0.0000
vn -0.0000 -1.0000 -0.0000
vn -0.3900 -0.0000 0.9208
vn -0.7071 -0.0000 0.7071
vn -0.9208 -0.0000 0.3900
vn -0.8929 -0.0877 -0.4416
vn -0.4585 -0.0870 -0.8844
vn -0.4191 -0.4191 -0.8054
vn -0.8130 -0.4210 -0.4022
vn -0.8852 0.4442 -0.1382
vn -0.4789 0.8669 -0.1382
vn -0.4443 0.8019 -0.3994
vn -0.4210 -0.8130 -0.4022
vn 0.4283 0.8923 -0.1424
vn 0.8747 0.4633 -0.1424
vn 0.8070 0.4292 -0.4056
vn 0.3969 0.8234 -0.4056
vn 0.0876 0.0912 -0.9920
vn 0.0695 0.4591 -0.8856
vn 0.4067 0.4232 -0.8096
vn 0.4560 0.0876 -0.8856
vn 0.0877 -0.8929 -0.4416
vn 0.0870 -0.4585 -0.8844
vn 0.4191 -0.4191 -0.8054
vn 0.4210 -0.8130 -0.4022
vn 0.8923 0.0885 -0.4428
vn 0.0542 0.9878 -0.1462
vn 0.0531 0.8950 -0.4428
vn 0.9849 0.0933 -0.1462
vn 0.0912 -0.0912 -0.9916
vn 0.4585 -0.0870 -0.8844
vn -0.0912 -0.0912 -0.9916
vn -0.0948 0.0911 -0.9913
vn -0.9852 0.0913 -0.1451
vn 0.9850 -0.0925 -0.1455
vn 0.8799 -0.4540 -0.1399
vn 0.8130 -0.4210 -0.4022
vn 0.8929 -0.0877 -0.4416
vn 0.0925 -0.9850 -0.1454
vn 0.4540 -0.8799 -0.1399
vn -0.1217 0.8893 -0.4408
vn -0.1043 0.4571 -0.8833
vn -0.1302 0.9808 -0.1451
vn 0.1212 0.9607 0.2498
vn 0.1155 0.9148 0.3870
vn 0.1150 0.9112 0.3956
vn 0.0987 0.7821 0.6152
vn 0.0978 0.7750 0.6243
vn 0.0783 0.6207 0.7802
vn 0.0769 0.6092 0.7892
vn 0.0503 0.3983 0.9159
vn 0.0477 0.3782 0.9245
vn -0.0870 -0.4585 -0.8844
vn -0.9850 -0.0925 -0.1455
vn -0.8799 -0.4540 -0.1399
vn -0.4540 -0.8799 -0.1399
vn -0.0925 -0.9850 -0.1454
vn -0.0877 -0.8929 -0.4416
vn 0.0425 -0.9991 -0.0000
vn -0.9563 -0.2925 -0.0000
vn 0.9392 -0.3433 -0.0000
vn -0.0000 -0.0000 -1.0000
vn 0.0170 0.1348 -0.9907
vn 0.0145 0.1151 -0.9932
vn 0.9293 0.3693 0.0003
vn -0.1028 -0.0000 -0.9947
vn -0.3900 -0.0000 -0.9208
vn -0.7071 -0.0000 -0.7071
vn -0.9208 -0.0000 -0.3900
vn 0.1212 0.9607 -0.2498
vn 0.1150 0.9112 -0.3956
vn 0.1155 0.9148 -0.3870
vn 0.0978 0.7750 -0.6243
vn 0.0987 0.7821 -0.6152
vn 0.0769 0.6092 -0.7892
vn 0.0783 0.6207 -0.7802
vn 0.0477 0.3782 -0.9245
vn 0.0503 0.3983 -0.9159
vn 0.9835 0.1810 -0.0000
vn -0.9424 -0.3346 -0.0000
vn -0.9835 -0.1810 -0.0000
vn 0.0228 -0.9997 -0.0000
vn -0.2988 -0.9543 -0.0000
vn -0.5675 -0.8234 -0.0000
vn -0.7854 -0.6190 -0.0000
vn 0.1810 -0.9835 -0.0000
vn 0.9821 -0.1885 -0.0000
vn 0.1885 -0.9821 -0.0000
vn 0.5499 -0.8352 -0.0000
vn 0.8352 -0.5499 -0.0000
vn 0.9977 0.0676 -0.0000
vn -0.0436 -0.0033 0.9990
vn -0.0000 -0.0002 1.0000
vn -0.0463 -0.0035 0.9989
vn -0.9974 -0.0719 -0.0000
vn 0.9711 0.0659 -0.2294
vn 0.9704 0.0658 -0.2324
vn -0.0000 0.0002 -1.0000
vn -0.0436 -0.0029 -0.9990
vn -0.0463 -0.0031 -0.9989
vn -0.9720 -0.0700 -0.2244
vn -0.9727 -0.0701 -0.2213
vn -0.9720 -0.0702 0.2243
vn -0.9727 -0.0702 0.2213
vn 0.2405 0.0165 -0.9705
vn 0.2280 0.0156 -0.9735
vn -0.3003 -0.0213 -0.9536
vn -0.3129 -0.0222 -0.9495
vn 0.2406 0.0162 0.9705
vn 0.2280 0.0153 0.9736
vn 0.9711 0.0658 0.2294
vn 0.9704 0.0658 0.2324
vn -0.3003 -0.0218 0.9536
vn -0.3129 -0.0227 0.9495
vn -0.7390 -0.0535 0.6716
vn -0.7309 -0.0529 0.6805
vn -0.7391 -0.0531 -0.6715
vn -0.7308 -0.0525 -0.6805
vn 0.7122 0.0484 -0.7003
vn 0.7032 0.0478 -0.7093
vn 0.7123 0.0482 0.7003
vn 0.7032 0.0476 0.7094
vt 0.504376 0.724435
vt 0.504376 0.575652
vt 0.519513 0.575652
vt 0.519513 0.724435
vt 0.524706 0.575630
vt 0.524706 0.724413
vt 0.522110 0.724424
vt 0.522109 0.575641
vt 0.527303 0.575620
vt 0.527303 0.724402
vt 0.529900 0.575609
vt 0.529900 0.724392
vt 0.559773 0.724392
vt 0.559773 0.575609
vt 0.840768 0.841860
vt 0.844949 0.713922
vt 0.866109 0.713801
vt 0.866962 0.841777
vt 0.832017 0.843451
vt 0.835538 0.842379
vt 0.836441 0.844824
vt 0.833264 0.846652
vt 0.837746 0.846082
vt 0.835673 0.849247
vt 0.838943 0.850640
vt 0.840141 0.847046
vt 0.838205 0.844358
vt 0.840613 0.844409
vt 0.838199 0.841949
vt 0.875754 0.843431
vt 0.874405 0.846730
vt 0.871206 0.844685
vt 0.872194 0.842259
vt 0.869456 0.844257
vt 0.869530 0.841838
vt 0.867030 0.844320
vt 0.869915 0.846041
vt 0.867437 0.846990
vt 0.868558 0.850640
vt 0.871805 0.849263
vt 0.836169 0.712154
vt 0.837648 0.708904
vt 0.840822 0.711050
vt 0.839716 0.713423
vt 0.842579 0.711463
vt 0.842347 0.713865
vt 0.844989 0.711334
vt 0.842203 0.709656
vt 0.844672 0.708693
vt 0.843610 0.705023
vt 0.840347 0.706381
vt 0.874857 0.712087
vt 0.871327 0.713266
vt 0.870325 0.710826
vt 0.873473 0.708901
vt 0.868924 0.709573
vt 0.870930 0.706335
vt 0.867642 0.704999
vt 0.866534 0.708611
vt 0.868589 0.711332
vt 0.866160 0.711243
vt 0.868670 0.713723
vt 0.080497 0.936034
vt 0.110526 0.936034
vt 0.110526 0.952415
vt 0.109635 0.955897
vt 0.107765 0.958959
vt 0.105242 0.961502
vt 0.102204 0.963387
vt 0.098749 0.964285
vt 0.080497 0.964285
vt 0.337943 0.348508
vt 0.334773 0.316043
vt 0.346462 0.314901
vt 0.353730 0.346967
vt 0.697053 0.788311
vt 0.699694 0.788626
vt 0.698733 0.791095
vt 0.696926 0.790720
vt 0.280925 0.321103
vt 0.314678 0.323189
vt 0.293734 0.325152
vt 0.291223 0.325852
vt 0.289510 0.327833
vt 0.289177 0.330424
vt 0.294701 0.455416
vt 0.295285 0.457955
vt 0.297180 0.459618
vt 0.299750 0.459867
vt 0.332721 0.758456
vt 0.298165 0.761328
vt 0.289898 0.549535
vt 0.288334 0.508456
vt 0.169549 0.641568
vt 0.169549 0.671595
vt 0.044569 0.671595
vt 0.044569 0.641568
vt 0.997749 0.085786
vt 0.997749 0.115810
vt 0.991947 0.115810
vt 0.991950 0.085786
vt 0.610910 0.870076
vt 0.610910 0.852770
vt 0.630812 0.852770
vt 0.630812 0.870076
vt 0.596043 0.613090
vt 0.626072 0.613090
vt 0.626072 0.747851
vt 0.596043 0.747851
vt 0.986178 0.002162
vt 0.986178 0.032194
vt 0.977915 0.032194
vt 0.977915 0.002162
vt 0.974115 0.650218
vt 0.974115 0.680253
vt 0.955668 0.680253
vt 0.955668 0.650218
vt 0.500050 0.751968
vt 0.470022 0.751968
vt 0.470022 0.559387
vt 0.500050 0.559387
vt 0.557759 0.852770
vt 0.592089 0.852770
vt 0.592099 0.882800
vt 0.557759 0.882800
vt 0.720481 0.753790
vt 0.690453 0.753790
vt 0.690453 0.622102
vt 0.720481 0.622102
vt 0.466112 0.929188
vt 0.466112 0.963141
vt 0.447862 0.963141
vt 0.447862 0.929188
vt 0.297002 0.343131
vt 0.316897 0.343131
vt 0.316897 0.355521
vt 0.297002 0.355521
vt 0.797006 0.979572
vt 0.809728 0.979572
vt 0.797006 0.982617
vt 0.827031 0.982633
vt 0.827031 0.979572
vt 0.610910 0.882800
vt 0.797006 0.954458
vt 0.801848 0.955470
vt 0.805943 0.958243
vt 0.808716 0.962339
vt 0.809728 0.967180
vt 0.308796 0.989665
vt 0.296073 0.989665
vt 0.296073 0.977273
vt 0.297085 0.972431
vt 0.299858 0.968335
vt 0.303954 0.965562
vt 0.308796 0.964550
vt 0.316897 0.360466
vt 0.297002 0.360466
vt 0.316897 0.365412
vt 0.297002 0.365411
vt 0.316897 0.370357
vt 0.297002 0.370357
vt 0.316897 0.375302
vt 0.297002 0.375302
vt 0.699759 0.766767
vt 0.697128 0.767143
vt 0.697037 0.764715
vt 0.698795 0.764378
vt 0.702009 0.792948
vt 0.699489 0.795649
vt 0.697340 0.792476
vt 0.697542 0.762978
vt 0.561749 0.800138
vt 0.559150 0.797729
vt 0.562317 0.795653
vt 0.563576 0.796958
vt 0.566540 0.792629
vt 0.566452 0.795198
vt 0.564042 0.795193
vt 0.563990 0.792783
vt 0.566146 0.761172
vt 0.566561 0.763821
vt 0.564122 0.763945
vt 0.563759 0.762182
vt 0.561351 0.793257
vt 0.564953 0.801384
vt 0.566022 0.797861
vt 0.557753 0.794457
vt 0.566629 0.766406
vt 0.564076 0.766351
vt 0.694570 0.767195
vt 0.694466 0.788352
vt 0.703364 0.789684
vt 0.557753 0.764801
vt 0.559152 0.761553
vt 0.562368 0.763463
vt 0.561404 0.765939
vt 0.564983 0.757625
vt 0.561707 0.758968
vt 0.694968 0.793584
vt 0.694525 0.790954
vt 0.696240 0.797130
vt 0.363625 0.312487
vt 0.370893 0.344552
vt 0.367500 0.345210
vt 0.360232 0.313144
vt 0.364080 0.345750
vt 0.356813 0.313685
vt 0.360643 0.346213
vt 0.353375 0.314148
vt 0.357192 0.346615
vt 0.349924 0.314549
vt 0.694646 0.764634
vt 0.703370 0.765657
vt 0.702031 0.762370
vt 0.699464 0.759830
vt 0.696278 0.758449
vt 0.695102 0.761978
vt 0.912710 0.632555
vt 0.912710 0.662584
vt 0.833269 0.662584
vt 0.833269 0.644332
vt 0.834168 0.640877
vt 0.836052 0.637838
vt 0.838595 0.635316
vt 0.841657 0.633446
vt 0.845139 0.632555
vt 0.857269 0.632555
vt 0.435672 0.768861
vt 0.405643 0.768861
vt 0.405643 0.559026
vt 0.435672 0.559026
vt 0.280201 0.547419
vt 0.278833 0.512841
vt 0.381319 0.950203
vt 0.351291 0.950203
vt 0.351291 0.915485
vt 0.381319 0.915485
vt 0.282627 0.984560
vt 0.252599 0.984560
vt 0.252599 0.974602
vt 0.282627 0.974602
vt 0.973147 0.364508
vt 0.973147 0.334475
vt 0.983647 0.334475
vt 0.983647 0.364508
vt 0.327207 0.458064
vt 0.329825 0.457355
vt 0.331634 0.455172
vt 0.332064 0.451659
vt 0.319927 0.327531
vt 0.319227 0.325041
vt 0.317254 0.323409
vt 0.351606 0.480313
vt 0.359828 0.479718
vt 0.367032 0.604203
vt 0.354835 0.618314
vt 0.365656 0.750688
vt 0.371125 0.752352
vt 0.370758 0.755346
vt 0.351208 0.756944
vt 0.062245 0.964285
vt 0.058790 0.963387
vt 0.055752 0.961502
vt 0.053229 0.958959
vt 0.051359 0.955897
vt 0.050468 0.952415
vt 0.050468 0.936034
vt 0.804718 0.415165
vt 0.820504 0.416707
vt 0.813237 0.448772
vt 0.801548 0.447631
vt 0.747701 0.442572
vt 0.755105 0.255219
vt 0.756669 0.214139
vt 0.764932 0.002341
vt 0.799489 0.005213
vt 0.766523 0.303807
vt 0.763952 0.304056
vt 0.762057 0.305719
vt 0.761474 0.308258
vt 0.755953 0.433250
vt 0.756285 0.435841
vt 0.757998 0.437822
vt 0.760509 0.438522
vt 0.781453 0.440485
vt 0.169549 0.701621
vt 0.044569 0.701622
vt 0.997749 0.145835
vt 0.991950 0.145835
vt 0.610910 0.895524
vt 0.630812 0.895524
vt 0.630812 0.912829
vt 0.610910 0.912829
vt 0.656101 0.613090
vt 0.656101 0.747851
vt 0.986178 0.062226
vt 0.977915 0.062226
vt 0.974115 0.710288
vt 0.955668 0.710288
vt 0.439993 0.751968
vt 0.439993 0.559387
vt 0.557759 0.912829
vt 0.592089 0.912829
vt 0.660425 0.753790
vt 0.660425 0.622102
vt 0.484363 0.929188
vt 0.484363 0.963141
vt 0.297002 0.407474
vt 0.297002 0.395084
vt 0.316897 0.395084
vt 0.316897 0.407474
vt 0.784284 0.979572
vt 0.766981 0.982633
vt 0.766981 0.979572
vt 0.784284 0.967180
vt 0.785296 0.962339
vt 0.788069 0.958243
vt 0.792165 0.955470
vt 0.313638 0.965562
vt 0.317734 0.968335
vt 0.320507 0.972431
vt 0.321518 0.977273
vt 0.321518 0.989665
vt 0.297002 0.390138
vt 0.316897 0.390138
vt 0.297002 0.385193
vt 0.316897 0.385193
vt 0.297002 0.380248
vt 0.316897 0.380248
vt 0.830400 0.451186
vt 0.827007 0.450529
vt 0.834274 0.418463
vt 0.837667 0.419120
vt 0.823588 0.449988
vt 0.830855 0.417923
vt 0.820151 0.449525
vt 0.827417 0.417460
vt 0.816700 0.449124
vt 0.823967 0.417058
vt 0.912710 0.692613
vt 0.857269 0.692613
vt 0.845139 0.692613
vt 0.841657 0.691722
vt 0.838595 0.689852
vt 0.836052 0.687330
vt 0.834168 0.684291
vt 0.833269 0.680836
vt 0.375615 0.768861
vt 0.375615 0.559026
vt 0.745605 0.250834
vt 0.746971 0.216255
vt 0.321263 0.950203
vt 0.321263 0.915485
vt 0.222570 0.984561
vt 0.222570 0.974602
vt 0.983647 0.394542
vt 0.973147 0.394542
vt 0.817976 0.006724
vt 0.837526 0.008322
vt 0.837894 0.011316
vt 0.832425 0.012980
vt 0.821606 0.145356
vt 0.833803 0.159466
vt 0.826602 0.283954
vt 0.818380 0.283359
vt 0.784029 0.440264
vt 0.786002 0.438633
vt 0.786703 0.436142
vt 0.798837 0.312015
vt 0.798407 0.308502
vt 0.796598 0.306319
vt 0.793980 0.305609
vt 0.918226 0.983144
vt 0.892741 0.983144
vt 0.892741 0.957658
vt 0.908476 0.957658
vt 0.911951 0.958804
vt 0.914859 0.961026
vt 0.917081 0.963933
vt 0.918226 0.967409
vt 0.564107 0.709687
vt 0.589587 0.709687
vt 0.589587 0.753003
vt 0.564107 0.753003
vt 0.849347 0.433977
vt 0.850492 0.430503
vt 0.852714 0.427596
vt 0.855620 0.425375
vt 0.859095 0.424230
vt 0.874825 0.424230
vt 0.874825 0.449708
vt 0.849347 0.449708
vt 0.573208 0.960614
vt 0.557475 0.960614
vt 0.557475 0.917295
vt 0.573208 0.917295
vt 0.587843 0.917295
vt 0.587843 0.960614
vt 0.584184 0.960614
vt 0.584184 0.917295
vt 0.580526 0.960614
vt 0.580526 0.917295
vt 0.576867 0.960614
vt 0.576867 0.917295
vt 0.603576 0.917295
vt 0.603576 0.960614
vt 0.380325 0.830093
vt 0.380325 0.816378
vt 0.428579 0.816378
vt 0.428579 0.830093
vt 0.033293 0.393416
vt 0.034525 0.390326
vt 0.036876 0.387975
vt 0.039966 0.386744
vt 0.047008 0.386744
vt 0.047008 0.457170
vt 0.033293 0.457170
vt 0.177713 0.366561
vt 0.177713 0.380274
vt 0.107298 0.380274
vt 0.107298 0.373233
vt 0.108529 0.370144
vt 0.110880 0.367792
vt 0.113969 0.366561
vt 0.428579 0.903827
vt 0.428579 0.910869
vt 0.380325 0.910869
vt 0.380325 0.903827
vt 0.380325 0.893849
vt 0.428579 0.893849
vt 0.428579 0.897175
vt 0.380325 0.897175
vt 0.428579 0.900501
vt 0.380325 0.900501
vt 0.905661 0.101646
vt 0.916686 0.101692
vt 0.916651 0.110291
vt 0.905626 0.110244
vt 0.912004 0.304272
vt 0.915185 0.348394
vt 0.905034 0.348433
vt 0.903840 0.304290
vt 0.909239 0.237464
vt 0.909234 0.254661
vt 0.902803 0.254661
vt 0.902807 0.237464
vt 0.916612 0.119853
vt 0.905586 0.119806
vt 0.915195 0.143731
vt 0.912016 0.187853
vt 0.903852 0.187835
vt 0.905044 0.143692
vt 0.909240 0.231432
vt 0.902808 0.231432
vt 0.909233 0.260692
vt 0.902801 0.260693
vt 0.915938 0.133419
vt 0.905323 0.133374
vt 0.909897 0.217372
vt 0.903057 0.217373
vt 0.915928 0.358705
vt 0.905313 0.358751
vt 0.916605 0.372272
vt 0.916648 0.381834
vt 0.905622 0.381881
vt 0.905580 0.372319
vt 0.909885 0.274752
vt 0.903045 0.274752
vt 0.902882 0.267722
vt 0.909451 0.267722
vt 0.902892 0.224402
vt 0.909461 0.224402
vt 0.916376 0.126636
vt 0.905489 0.126590
vt 0.916368 0.365488
vt 0.905481 0.365535
vt 0.768243 0.811650
vt 0.724326 0.811650
vt 0.724326 0.804840
vt 0.768554 0.804840
vt 0.800308 0.840706
vt 0.800308 0.823512
vt 0.807118 0.823512
vt 0.807118 0.840706
vt 0.724326 0.852568
vt 0.768243 0.852568
vt 0.768554 0.859378
vt 0.724326 0.859378
vt 0.711667 0.832109
vt 0.711667 0.840705
vt 0.704857 0.840705
vt 0.704857 0.832109
vt 0.798818 0.815945
vt 0.795858 0.814177
vt 0.798020 0.807536
vt 0.804066 0.811147
vt 0.800308 0.819037
vt 0.807118 0.817481
vt 0.798818 0.848272
vt 0.800308 0.845181
vt 0.807118 0.846736
vt 0.804066 0.853071
vt 0.795858 0.850041
vt 0.798020 0.856681
vt 0.711667 0.848640
vt 0.712986 0.851246
vt 0.707922 0.856320
vt 0.704857 0.850265
vt 0.715609 0.852568
vt 0.713991 0.859378
vt 0.715609 0.811650
vt 0.712986 0.812971
vt 0.707922 0.807897
vt 0.713991 0.804840
vt 0.711667 0.815577
vt 0.704857 0.813952
vt 0.711667 0.823512
vt 0.704857 0.823512
vt 0.711667 0.832109
vt 0.704857 0.832109
vt 0.916686 0.390432
vt 0.905661 0.390479
s 1
usemtl Material.001
f 1488/2070/456 1487/2071/456 1491/2072/457 1489/2073/457
f 1494/2074/458 1496/2075/458 1490/2076/459 1492/2077/459
f 1492/2077/459 1490/2076/459 1489/2073/457 1491/2072/457
f 1496/2075/458 1494/2074/458 1495/2078/460 1498/2079/460
f 1498/2079/460 1495/2078/460 1493/2080/461 1497/2081/461
f 1486/2082/462 1497/2081/461 1493/2080/461 1485/2083/462
f 1499/2084/463 1515/2085/464 1523/2086/465 1507/2087/466
f 1637/2088/467 1500/2089/468 1501/2090/469 1643/2091/470
f 1643/2091/470 1501/2090/469 1503/2092/471 1642/2093/472
f 1644/2094/473 1642/2093/472 1503/2092/471 1502/2095/474
f 1502/2095/474 1503/2092/471 1506/2096/475 1505/2097/476
f 1499/2084/463 1505/2097/476 1506/2096/475 1504/2098/477
f 1504/2098/477 1506/2096/475 1501/2090/469 1500/2089/468
f 1501/2090/469 1506/2096/475 1503/2092/471
f 1638/2099/478 1639/2100/479 1509/2101/480 1508/2102/481
f 1508/2102/481 1509/2101/480 1512/2103/482 1511/2104/483
f 1507/2087/466 1511/2104/483 1512/2103/482 1510/2105/484
f 1510/2105/484 1512/2103/482 1514/2106/485 1513/2107/486
f 1641/2108/487 1513/2107/486 1514/2106/485 1640/2109/488
f 1640/2109/488 1514/2106/485 1509/2101/480 1639/2100/479
f 1509/2101/480 1514/2106/485 1512/2103/482
f 1635/2110/489 1633/2111/490 1517/2112/491 1516/2113/492
f 1516/2113/492 1517/2112/491 1520/2114/493 1519/2115/494
f 1515/2085/464 1519/2115/494 1520/2114/493 1518/2116/495
f 1518/2116/495 1520/2114/493 1522/2117/496 1521/2118/497
f 1630/2119/498 1521/2118/497 1522/2117/496 1629/2120/499
f 1629/2120/499 1522/2117/496 1517/2112/491 1633/2111/490
f 1517/2112/491 1522/2117/496 1520/2114/493
f 1636/2121/500 1524/2122/501 1525/2123/502 1634/2124/503
f 1634/2124/503 1525/2123/502 1527/2125/504 1631/2126/505
f 1632/2127/506 1631/2126/505 1527/2125/504 1526/2128/507
f 1526/2128/507 1527/2125/504 1530/2129/508 1529/2130/509
f 1523/2086/465 1529/2130/509 1530/2129/508 1528/2131/510
f 1528/2131/510 1530/2129/508 1525/2123/502 1524/2122/501
f 1525/2123/502 1530/2129/508 1527/2125/504
f 1507/2087/466 1510/2105/484 1505/2097/476 1499/2084/463
f 1510/2105/484 1513/2107/486 1502/2095/474 1505/2097/476
f 1513/2107/486 1641/2108/487 1644/2094/473 1502/2095/474
f 1635/2110/489 1516/2113/492 1500/2089/468 1637/2088/467
f 1516/2113/492 1519/2115/494 1504/2098/477 1500/2089/468
f 1519/2115/494 1515/2085/464 1499/2084/463 1504/2098/477
f 1638/2099/478 1508/2102/481 1524/2122/501 1636/2121/500
f 1508/2102/481 1511/2104/483 1528/2131/510 1524/2122/501
f 1511/2104/483 1507/2087/466 1523/2086/465 1528/2131/510
f 1632/2127/506 1526/2128/507 1521/2118/497 1630/2119/498
f 1526/2128/507 1529/2130/509 1518/2116/495 1521/2118/497
f 1529/2130/509 1523/2086/465 1515/2085/464 1518/2116/495
f 1576/2132/511 1533/2133/511 1599/2134/511 1601/2135/511 1602/2136/511 1603/2137/511 1604/2138/511 1600/2139/511 1577/2140/511
f 1533/2141/462 1541/2142/462 1594/2143/512 1599/2144/513
f 1589/2145/514 1592/2146/515 1605/2147/516 1591/2148/517
f 1531/2149/462 1541/2142/462 1632/2150/462 1630/2151/462 1629/2152/462 1633/2153/462 1635/2154/462 1637/2155/462 1643/2156/462 1642/2157/462 1644/2158/462 1543/2159/462 1538/2160/462 1617/2161/462 1620/2162/462
f 1534/2163/518 1571/2164/518 1568/2165/518 1535/2166/518
f 1537/2167/519 1570/2168/520 1579/2169/520 1539/2170/519
f 1545/2171/511 1542/2172/511 1540/2173/511 1544/2174/511
f 1536/2175/521 1569/2176/521 1570/2177/521 1537/2178/521
f 1532/2179/522 1572/2180/522 1571/2181/522 1534/2182/522
f 1535/2183/523 1568/2184/523 1569/2185/523 1536/2186/523
f 1620/2187/524 1621/2188/524 1573/2189/524 1531/2190/524
f 1538/2191/511 1543/2192/511 1582/2193/511 1574/2194/511
f 1533/2195/521 1576/2196/521 1572/2197/521 1532/2198/521
f 1575/2199/525 1577/2200/525 1600/2201/525 1593/2202/525
f 1545/2203/462 1544/2204/462 1546/2205/526 1550/2206/526
f 1580/2207/527 1544/2208/528 1579/2209/529
f 1539/2210/529 1579/2209/529 1544/2208/528 1540/2211/529
f 1542/2172/511 1545/2171/511 1583/2212/511 1582/2193/511 1543/2192/511
f 1544/2208/528 1580/2207/527 1567/2213/521 1547/2214/521 1548/2215/521 1549/2216/521 1546/2217/521
f 1583/2218/530 1545/2219/530 1550/2220/530 1551/2221/530 1552/2222/530 1553/2223/530 1584/2224/530
f 1550/2206/526 1546/2205/526 1549/2225/531 1551/2226/531
f 1551/2226/531 1549/2225/531 1548/2227/532 1552/2228/532
f 1552/2228/532 1548/2227/532 1547/2229/533 1553/2230/533
f 1553/2230/533 1547/2229/533 1567/2231/511 1584/2232/511
f 1609/2233/534 1612/2234/535 1613/2235/536 1610/2236/537
f 1677/2237/538 1681/2238/539 1588/2239/540 1605/2147/516
f 1608/2240/541 1610/2236/537 1613/2235/536
f 1691/2241/542 1690/2242/543 1558/2243/544 1556/2244/545
f 1554/2245/546 1559/2246/547 1561/2247/548 1560/2248/549
f 1563/2249/550 1566/2250/551 1578/2251/552 1564/2252/553
f 1557/2253/554 1560/2248/549 1561/2247/548 1558/2243/544
f 1685/2254/555 1691/2241/542 1556/2244/545 1555/2255/556
f 1692/2256/557 1557/2253/554 1558/2243/544 1690/2242/543
f 1562/2257/558 1554/2245/546 1560/2248/549 1565/2258/559
f 1559/2246/547 1555/2255/556 1556/2244/545 1561/2247/548
f 1554/2245/546 1562/2257/558 1606/2259/560 1586/2260/561
f 1678/2261/562 1677/2237/538 1605/2147/516 1592/2146/515
f 1689/2262/563 1688/2263/564 1585/2264/565 1581/2265/566
f 1686/2266/567 1563/2249/550 1564/2252/553 1687/2267/568
f 1556/2244/545 1558/2243/544 1561/2247/548
f 1562/2257/558 1565/2258/559 1578/2251/552 1566/2250/551
f 1565/2258/559 1581/2265/566 1585/2264/565 1578/2251/552
f 1587/2268/569 1590/2269/570 1591/2148/517 1588/2239/540
f 1688/2263/564 1687/2267/568 1564/2252/553 1585/2264/565
f 1564/2252/553 1578/2251/552 1585/2264/565
f 1586/2260/561 1589/2145/514 1591/2148/517 1590/2269/570
f 1683/2270/571 1587/2268/569 1588/2239/540 1681/2238/539
f 1593/2271/572 1600/2272/572 1604/2273/573 1595/2274/574
f 1595/2274/574 1604/2273/573 1603/2275/575 1596/2276/576
f 1596/2276/576 1603/2275/575 1602/2277/577 1597/2278/578
f 1597/2278/578 1602/2277/577 1601/2279/579 1598/2280/580
f 1598/2280/580 1601/2279/579 1599/2144/513 1594/2143/512
f 1606/2259/560 1611/2281/581 1613/2235/536 1612/2234/535
f 1680/2282/582 1609/2233/534 1610/2236/537 1679/2283/583
f 1682/2284/584 1679/2283/583 1610/2236/537 1608/2240/541
f 1684/2285/585 1682/2284/584 1608/2240/541 1607/2286/586
f 1588/2239/540 1591/2148/517 1605/2147/516
f 1531/2287/522 1573/2288/522 1575/2289/522 1593/2290/522 1595/2291/522 1596/2292/522 1597/2293/522 1598/2294/522 1594/2295/522 1541/2296/522
f 1611/2281/581 1607/2286/586 1608/2240/541 1613/2235/536
f 1538/2297/524 1574/2298/524 1618/2299/524 1617/2300/524
f 1620/2162/462 1617/2161/462 1625/2301/462 1626/2302/462
f 1683/2270/571 1685/2254/555 1555/2255/556 1587/2268/569
f 1581/2265/566 1557/2253/554 1692/2256/557 1689/2262/563
f 1625/2303/587 1624/2304/587 1627/2305/587 1626/2306/587
f 1565/2258/559 1560/2248/549 1557/2253/554 1581/2265/566
f 1587/2268/569 1555/2255/556 1559/2246/547 1590/2269/570
f 1617/2307/588 1618/2308/588 1624/2309/588 1625/2310/588
f 1621/2311/589 1620/2312/589 1626/2313/589 1627/2314/589
f 1543/2159/462 1644/2158/462 1641/2315/462 1640/2316/462 1639/2317/462 1638/2318/462 1636/2319/462 1634/2320/462 1631/2321/462 1632/2150/462 1541/2142/462 1533/2141/462 1532/2322/462 1534/2323/462 1535/2324/462 1536/2325/462 1537/2326/462 1539/2327/462 1540/2328/462 1542/2329/462
f 1590/2269/570 1559/2246/547 1554/2245/546 1586/2260/561
f 1686/2266/567 1684/2285/585 1607/2286/586 1563/2249/550
f 1563/2249/550 1607/2286/586 1611/2281/581 1566/2250/551
f 1566/2250/551 1611/2281/581 1606/2259/560 1562/2257/558
f 1680/2282/582 1678/2261/562 1592/2146/515 1609/2233/534
f 1609/2233/534 1592/2146/515 1589/2145/514 1612/2234/535
f 1612/2234/535 1589/2145/514 1586/2260/561 1606/2259/560
f 1576/2132/511 1577/2140/511 1668/2330/511 1672/2331/511 1671/2332/511 1670/2333/511 1669/2334/511 1667/2335/511 1616/2336/511
f 1616/2337/590 1667/2338/591 1662/2339/592 1648/2340/590
f 1614/2341/590 1674/2342/590 1673/2343/590 1645/2344/590 1650/2345/590 1692/2346/590 1690/2347/590 1691/2348/590 1685/2349/590 1683/2350/590 1681/2351/590 1677/2352/590 1678/2353/590 1680/2354/590 1648/2340/590
f 1619/2355/518 1622/2356/518 1568/2165/518 1571/2164/518
f 1628/2357/593 1646/2358/593 1579/2169/520 1570/2168/520
f 1652/2359/511 1651/2360/511 1647/2361/511 1649/2362/511
f 1623/2363/521 1628/2364/521 1570/2177/521 1569/2176/521
f 1615/2365/522 1619/2366/522 1571/2181/522 1572/2180/522
f 1622/2367/523 1623/2368/523 1569/2185/523 1568/2184/523
f 1674/2369/524 1614/2370/524 1573/2189/524 1621/2188/524
f 1645/2371/511 1574/2194/511 1582/2193/511 1650/2372/511
f 1616/2373/521 1615/2374/521 1572/2197/521 1576/2196/521
f 1575/2199/525 1661/2375/525 1668/2376/525 1577/2200/525
f 1652/2377/590 1657/2378/594 1653/2379/594 1651/2380/590
f 1580/2207/527 1579/2209/529 1651/2381/528
f 1646/2382/529 1647/2383/529 1651/2381/528 1579/2209/529
f 1649/2362/511 1650/2372/511 1582/2193/511 1583/2212/511 1652/2359/511
f 1651/2381/528 1653/2384/521 1656/2385/521 1655/2386/521 1654/2387/521 1567/2213/521 1580/2207/527
f 1583/2218/530 1584/2224/530 1660/2388/530 1659/2389/530 1658/2390/530 1657/2391/530 1652/2392/530
f 1657/2378/594 1658/2393/595 1656/2394/595 1653/2379/594
f 1658/2393/595 1659/2395/596 1655/2396/596 1656/2394/595
f 1659/2395/596 1660/2397/597 1654/2398/597 1655/2396/596
f 1660/2397/597 1584/2232/511 1567/2231/511 1654/2398/597
f 1661/2399/598 1663/2400/599 1672/2401/600 1668/2402/598
f 1663/2400/599 1664/2403/601 1671/2404/602 1672/2401/600
f 1664/2403/601 1665/2405/603 1670/2406/604 1671/2404/602
f 1665/2405/603 1666/2407/605 1669/2408/606 1670/2406/604
f 1666/2407/605 1662/2339/592 1667/2338/591 1669/2408/606
f 1614/2409/522 1648/2410/522 1662/2411/522 1666/2412/522 1665/2413/522 1664/2414/522 1663/2415/522 1661/2416/522 1575/2289/522 1573/2288/522
f 1645/2417/524 1673/2418/524 1618/2299/524 1574/2298/524
f 1674/2342/590 1676/2419/590 1675/2420/590 1673/2343/590
f 1675/2421/587 1676/2422/587 1627/2305/587 1624/2304/587
f 1673/2423/588 1675/2424/588 1624/2309/588 1618/2308/588
f 1621/2311/589 1627/2314/589 1676/2425/589 1674/2426/589
f 1650/2345/590 1649/2427/590 1647/2428/590 1646/2429/590 1628/2430/590 1623/2431/590 1622/2432/590 1619/2433/590 1615/2434/590 1616/2337/590 1648/2340/590 1680/2354/590 1679/2435/590 1682/2436/590 1684/2437/590 1686/2438/590 1687/2439/590 1688/2440/590 1689/2441/590 1692/2346/590
f 1695/2442/462 1696/2443/462 1693/2444/462 1699/2445/462 1701/2446/462 1702/2447/462 1703/2448/462 1700/2449/462
f 1697/2450/607 1698/2451/607 1696/2452/607 1695/2453/607
f 1704/2454/590 1706/2455/590 1707/2456/590 1708/2457/590 1705/2458/590 1694/2459/590 1698/2460/590 1697/2461/590
f 1699/2462/608 1693/2463/609 1694/2464/609 1705/2465/608
f 1704/2466/610 1700/2467/610 1703/2468/611 1706/2469/611
f 1706/2469/611 1703/2468/611 1702/2470/612 1707/2471/612
f 1707/2471/612 1702/2470/612 1701/2472/613 1708/2473/613
f 1708/2473/613 1701/2472/613 1699/2462/608 1705/2465/608
f 1704/2466/610 1697/2474/614 1695/2475/614 1700/2467/610
f 1709/2476/511 1710/2477/511 1712/2478/511 1711/2479/511
f 1715/2480/462 1717/2481/462 1718/2482/462 1716/2483/462 1713/2484/462 1710/2485/462 1709/2486/462
f 1711/2487/590 1712/2488/590 1714/2489/590 1719/2490/590 1721/2491/590 1722/2492/590 1720/2493/590
f 1719/2494/615 1714/2495/522 1713/2496/522 1716/2497/615
f 1715/2498/616 1720/2499/616 1722/2500/617 1717/2501/617
f 1717/2501/617 1722/2500/617 1721/2502/618 1718/2503/618
f 1718/2503/618 1721/2502/618 1719/2494/615 1716/2497/615
f 1711/2479/530 1720/2499/616 1715/2498/616 1709/2476/530
f 1783/2504/619 1784/2505/619 1770/2506/619 1730/2507/619
f 1763/2508/620 1764/2509/621 1725/2510/621 1724/2511/622
f 1766/2512/623 1765/2513/623 1728/2514/623 1727/2515/623
f 1770/2506/619 1777/2516/624 1748/2517/625 1730/2507/619
f 1768/2518/626 1767/2519/627 1723/2520/628 1726/2521/626
f 1775/2522/629 1766/2512/623 1727/2515/623 1743/2523/630
f 1765/2513/623 1773/2524/631 1739/2525/632 1728/2514/623
f 1779/2526/633 1768/2518/626 1726/2521/626 1749/2527/634
f 1767/2519/627 1776/2528/635 1742/2529/636 1723/2520/628
f 1764/2509/621 1780/2530/637 1745/2531/638 1725/2510/621
f 1782/2532/639 1769/2533/619 1729/2534/619 1746/2535/640
f 1772/2536/641 1740/2537/642 1741/2538/643 1771/2539/644
f 1771/2539/644 1741/2538/643 1739/2525/632 1773/2524/631
f 1775/2522/629 1743/2523/630 1744/2540/645 1774/2541/646
f 1774/2541/646 1744/2540/645 1742/2529/636 1776/2528/635
f 1748/2517/625 1777/2516/624 1778/2542/647 1750/2543/648
f 1750/2543/648 1778/2542/647 1779/2526/633 1749/2527/634
f 1745/2531/638 1780/2530/637 1781/2544/649 1747/2545/650
f 1747/2545/650 1781/2544/649 1782/2532/639 1746/2535/640
f 1772/2536/641 1763/2508/620 1724/2511/622 1740/2537/642
f 1732/2546/530 1735/2547/530 1764/2548/530 1763/2549/530
f 1736/2550/530 1734/2551/530 1765/2552/530 1766/2553/530
f 1731/2554/530 1733/2555/530 1767/2556/530 1768/2557/530
f 1785/2558/530 1737/2559/530 1770/2560/530 1784/2561/530
f 1756/2562/530 1754/2563/530 1772/2564/530 1771/2565/530
f 1755/2566/530 1756/2562/530 1771/2565/530 1773/2567/530
f 1759/2568/530 1757/2569/530 1775/2570/530 1774/2571/530
f 1758/2572/530 1759/2568/530 1774/2571/530 1776/2573/530
f 1752/2574/530 1753/2575/530 1778/2576/530 1777/2577/530
f 1753/2575/530 1751/2578/530 1779/2579/530 1778/2576/530
f 1761/2580/530 1762/2581/530 1781/2582/530 1780/2583/530
f 1762/2581/530 1760/2584/530 1782/2585/530 1781/2582/530
f 1754/2563/530 1732/2546/530 1763/2549/530 1772/2564/530
f 1734/2551/530 1755/2566/530 1773/2567/530 1765/2552/530
f 1733/2555/530 1758/2572/530 1776/2573/530 1767/2556/530
f 1757/2569/530 1736/2550/530 1766/2553/530 1775/2570/530
f 1735/2547/530 1761/2580/530 1780/2583/530 1764/2548/530
f 1760/2584/530 1738/2586/530 1769/2587/530 1782/2585/530
f 1737/2559/530 1752/2574/530 1777/2577/530 1770/2560/530
f 1751/2578/530 1731/2554/530 1768/2557/530 1779/2579/530
f 1738/2586/530 1785/2588/530 1784/2589/530 1769/2587/530
f 1729/2534/619 1769/2533/619 1784/2590/619 1783/2591/619
o AK_TriggerHandle_lp
v -1.014786 -0.027444 0.070674
v -1.014786 -0.027444 -0.070674
v -0.722960 -0.093110 0.078300
v -0.722960 -0.093110 -0.078300
v -1.021761 0.014868 0.070675
v -1.021761 0.014868 -0.070673
v -0.720316 -0.006337 -0.078299
v -0.720316 -0.006337 0.078301
v -0.993009 -0.096716 0.070674
v -0.993009 -0.096716 -0.070674
v -0.779342 -0.149949 0.078300
v -0.779342 -0.149949 -0.078300
v -1.085320 -0.354613 -0.070674
v -1.085320 -0.354613 0.070674
v -0.870693 -0.408072 -0.078300
v -0.870693 -0.408072 0.078300
v -1.105685 -0.434292 -0.070674
v -1.105685 -0.434292 0.070674
v -0.879705 -0.491395 -0.078300
v -0.879705 -0.491395 0.078300
v -1.077887 -0.488356 -0.067060
v -1.077887 -0.488356 0.067060
v -0.966206 -0.525380 -0.073256
v -0.966206 -0.525380 0.073256
v -0.910810 -0.051323 -0.086480
v -0.910810 -0.051323 0.086480
v -0.914036 0.007655 0.086481
v -0.914036 0.007655 -0.086480
v -0.916981 -0.116516 -0.086480
v -0.916981 -0.116516 0.086480
v -1.008636 -0.373713 -0.086480
v -1.008636 -0.373713 0.086480
v -1.026955 -0.453980 -0.086480
v -1.026955 -0.453981 0.086480
v -1.042949 -0.502537 -0.076711
v -1.042950 -0.502537 0.076711
v -0.805764 -0.222386 0.078300
v -0.805764 -0.222386 -0.078300
v -1.017082 -0.169135 -0.070674
v -1.017082 -0.169135 0.070674
v -0.941580 -0.188162 -0.086480
v -0.941580 -0.188162 0.086480
v -0.904121 -0.516727 0.078300
v -0.904121 -0.516727 -0.078300
v -1.092916 -0.463369 -0.070674
v -1.092916 -0.463369 0.070674
v -1.031384 -0.480638 -0.086480
v -1.031384 -0.480638 0.086480
v -0.787209 -0.079009 -0.088387
v -0.787209 -0.079009 0.088387
v -0.826423 -0.138578 -0.088387
v -0.826423 -0.138578 0.088387
v -0.917867 -0.396322 0.088387
v -0.928814 -0.479043 0.088387
v -0.996029 -0.518580 0.078300
v -0.917867 -0.396322 -0.088387
v -0.786561 -0.001678 0.088388
v -0.928814 -0.479043 -0.088387
v -0.996029 -0.518580 -0.078300
v -0.786561 -0.001678 -0.088386
v -0.852211 -0.210682 0.088387
v -0.852211 -0.210682 -0.088387
v -0.943967 -0.505500 0.088387
v -0.943967 -0.505500 -0.088387
v -1.105323 -0.415249 0.070674
v -0.882900 -0.470068 0.078300
v -1.105323 -0.415249 -0.070674
v -0.882900 -0.470068 -0.078300
v -1.025995 -0.434765 -0.086480
v -1.025995 -0.434765 0.086480
v -0.931748 -0.458039 0.088387
v -0.931748 -0.458039 -0.088387
v -0.716439 -0.065796 -0.078300
v -1.020144 -0.008541 -0.070674
v -0.716439 -0.065796 0.078300
v -1.020144 -0.008541 0.070674
v -0.911545 -0.027544 -0.086480
v -0.911545 -0.027544 0.086480
v -0.783148 -0.053221 0.088387
v -0.783148 -0.053221 -0.088387
v -0.996420 -0.058379 -0.070674
v -0.996420 -0.058379 0.070674
v -0.758036 -0.114188 0.078300
v -0.758036 -0.114188 -0.078300
v -0.912499 -0.081439 -0.086480
v -0.912499 -0.081439 0.086480
v -0.810902 -0.103240 0.088387
v -0.810902 -0.103240 -0.088387
v -0.788980 0.034010 -0.088382
v -0.723017 0.034010 -0.078295
v -1.023123 0.034010 0.070678
v -0.915899 0.034010 0.086485
v -1.023123 0.034010 -0.070669
v -0.915899 0.034010 -0.086476
v -0.788980 0.034010 0.088392
v -0.723017 0.034010 0.078305
v -1.072324 -0.423358 -0.081645
v -0.746348 -0.088009 -0.087126
v -1.064561 -0.494728 -0.072941
v -1.019034 -0.017659 -0.070674
v -0.716347 -0.083181 0.078300
v -0.746348 -0.088009 0.087126
v -1.020925 0.002903 0.070674
v -0.716347 -0.083181 -0.078300
v -0.976896 0.011944 0.081646
v -1.026429 -0.443854 -0.086480
v -0.976896 0.011944 -0.081644
v -0.796477 -0.145793 0.087126
v -1.010565 -0.054165 -0.051483
v -1.005636 -0.041162 0.070674
v -0.771009 -0.131118 0.078300
v -0.750683 -0.115751 -0.056965
v -0.796477 -0.145793 -0.087126
v -0.887872 -0.403793 0.087126
v -0.839185 -0.315851 0.078300
v -0.839185 -0.315851 -0.078300
v -0.897168 -0.487046 -0.087126
v -0.998822 -0.118946 0.070674
v -1.005636 -0.041162 -0.070674
v -0.897169 -0.487046 0.087126
v -1.106791 -0.424086 0.070674
v -0.883213 -0.454473 0.078300
v -0.864111 -0.409712 -0.056965
v -1.102497 -0.460700 -0.051483
v -0.771009 -0.131118 -0.078300
v -0.979845 -0.523546 0.077436
v -0.938580 -0.523430 0.077436
v -1.100513 -0.447804 -0.070674
v -1.100513 -0.447804 0.070674
v -0.910862 -0.040122 -0.086480
v -0.971535 -0.037435 0.081645
v -0.787645 -0.172194 -0.078300
v -0.961400 -0.105087 0.081645
v -0.923409 -0.138068 -0.086480
v -1.053386 -0.362567 0.081645
v -0.985640 -0.177059 -0.081645
v -1.073411 -0.442309 0.081645
v -1.084917 -0.478460 -0.070061
v -1.064561 -0.494728 0.072941
v -1.053386 -0.362567 -0.081645
v -1.037313 -0.493438 0.085259
v -1.045394 -0.506248 -0.056011
v -0.979845 -0.523546 -0.077436
v -0.975742 -0.281609 0.086480
v -1.026429 -0.443854 0.086480
v -0.961681 -0.068484 -0.081645
v -0.914124 -0.098958 0.086480
v -0.910862 -0.040122 0.086480
v -1.020925 0.002903 -0.070674
v -0.787645 -0.172194 0.078300
v -0.887872 -0.403793 -0.087126
v -0.998822 -0.118946 -0.070674
v -1.051657 -0.262574 0.070674
v -0.883213 -0.454473 -0.078300
v -0.923409 -0.138068 0.086480
v -0.822679 -0.218124 0.087126
v -1.106791 -0.424086 -0.070674
v -0.985640 -0.177059 0.081645
v -0.885214 -0.504798 0.078300
v -0.938580 -0.523430 -0.077436
v -0.971535 -0.037435 -0.081645
v -1.084917 -0.478460 0.070061
v -0.961400 -0.105087 -0.081645
v -1.028150 -0.466725 0.086480
v -0.917393 -0.513014 0.087126
v -1.068801 -0.470103 0.081645
v -1.073411 -0.442309 -0.081645
v -0.975742 -0.281609 -0.086480
v -0.914124 -0.098958 -0.086480
v -0.744441 -0.004690 0.087127
v -1.051657 -0.262574 -0.070674
v -0.822679 -0.218124 -0.087126
v -0.885214 -0.504798 -0.078300
v -1.068801 -0.470103 -0.081645
v -0.931264 -0.492673 0.088387
v -0.917393 -0.513014 -0.087126
v -0.834075 -0.160532 0.088387
v -0.782859 -0.068828 0.088387
v -0.819983 -0.120301 0.088387
v -0.929862 -0.467886 0.088387
v -0.885885 -0.304141 0.088387
v -0.970297 -0.514059 0.087126
v -0.880229 -0.480134 -0.078300
v -1.028150 -0.466725 -0.086480
v -0.707132 -0.067436 -0.056965
v -1.037313 -0.493438 -0.085259
v -1.098358 -0.351365 -0.051483
v -0.782859 -0.068828 -0.088387
v -0.711074 -0.006958 -0.056964
v -0.772780 -0.151544 -0.056965
v -1.040077 0.016048 -0.051483
v -1.005904 -0.093277 -0.051483
v -0.799284 -0.224019 -0.056965
v -0.714003 -0.095058 -0.056965
v -0.992283 -0.077590 -0.070674
v -0.885885 -0.304141 -0.088387
v -1.032434 -0.023358 0.051483
v -1.005904 -0.093277 0.051483
v -1.040077 0.016048 0.051484
v -0.744441 -0.004690 -0.087125
v -0.970297 -0.514059 -0.087126
v -0.834075 -0.160532 -0.088387
v -0.929862 -0.467886 -0.088387
v -0.714003 -0.095058 0.056965
v -0.772780 -0.151544 0.056965
v -0.711074 -0.006958 0.056966
v -1.029918 -0.165901 0.051483
v -0.799284 -0.224019 0.056965
v -1.098358 -0.351365 0.051483
v -1.118771 -0.431051 0.051483
v -0.864111 -0.409712 0.056965
v -0.873099 -0.493031 0.056965
v -1.102497 -0.460700 0.051483
v -1.032434 -0.023358 -0.051483
v -0.899285 -0.518075 0.056965
v -1.079985 -0.489506 0.051816
v -1.045394 -0.506248 0.056011
v -1.007244 -0.520264 0.056965
v -0.971493 -0.526375 0.056311
v -1.029918 -0.165901 -0.051483
v -1.101250 -0.400530 0.070674
v -0.880229 -0.480134 0.078300
v -1.118771 -0.431051 -0.051483
v -0.873099 -0.493031 -0.056965
v -1.079985 -0.489506 -0.051816
v -1.023365 -0.419795 0.086480
v -0.931131 -0.442619 0.088387
v -1.101250 -0.400530 -0.070674
v -0.900659 -0.465702 -0.087126
v -0.876102 -0.471737 -0.056965
v -0.876102 -0.471737 0.056965
v -0.931131 -0.442619 -0.088387
v -0.971493 -0.526375 -0.056311
v -0.900659 -0.465702 0.087126
v -0.899285 -0.518075 -0.056965
v -1.118789 -0.411942 0.051483
v -1.007244 -0.520264 -0.056965
v -1.072324 -0.423358 0.081645
v -1.118789 -0.411942 -0.051483
v -0.718309 -0.037034 -0.078300
v -0.718309 -0.037034 0.078300
v -1.019034 -0.017659 0.070674
v -0.784791 -0.028263 -0.088387
v -0.912740 -0.010321 0.086481
v -0.784791 -0.028263 0.088387
v -1.038615 -0.005496 -0.051483
v -0.974906 -0.016137 -0.081645
v -0.798231 -0.089703 -0.088387
v -0.911398 -0.065154 -0.086480
v -1.038615 -0.005496 0.051483
v -0.707132 -0.067436 0.056965
v -0.740733 -0.061414 0.087126
v -0.912739 -0.010321 -0.086480
v -0.974906 -0.016137 0.081645
v -0.739370 -0.102162 -0.078300
v -0.992284 -0.077590 0.070674
v -0.739370 -0.102162 0.078300
v -0.911398 -0.065154 0.086480
v -0.798231 -0.089703 0.088387
v -1.010565 -0.054165 0.051483
v -0.750683 -0.115751 0.056965
v -0.777248 -0.110139 0.087126
v -0.777248 -0.110139 -0.087126
v -0.961681 -0.068484 0.081645
v -0.931264 -0.492673 -0.088387
v -0.819983 -0.120301 -0.088387
v -1.023365 -0.419795 -0.086480
v -0.740733 -0.061414 -0.087126
v -0.721837 0.016548 0.078303
v -0.721837 0.016548 -0.078297
v -0.915063 0.022064 0.086483
v -0.915063 0.022064 -0.086478
v -0.787916 0.018419 0.088390
v -0.787916 0.018419 -0.088384
v -1.022483 0.025060 0.070676
v -1.022483 0.025060 -0.070671
v -0.713814 0.034010 0.056970
v -0.747039 0.034010 -0.087121
v -0.978471 0.034010 -0.081640
v -0.978471 0.034010 0.081650
v -0.713814 0.034010 -0.056960
v -1.041352 0.034010 0.051488
v -1.041352 0.034010 -0.051479
v -0.747039 0.034010 0.087131
v -0.975862 -0.002376 0.081645
v -1.112137 -0.444802 0.051483
v -0.959885 -0.086850 0.081645
v -1.073475 -0.432253 0.081645
v -0.788815 -0.127134 -0.087126
v -1.020043 -0.270501 0.081645
v -1.120366 -0.420763 -0.051483
v -1.120366 -0.420763 0.051483
v -0.873376 -0.481811 -0.056965
v -0.935700 -0.524623 -0.056801
v -1.066298 -0.484419 0.080568
v -1.073475 -0.432253 -0.081645
v -1.011639 -0.115685 -0.051483
v -1.112137 -0.444802 -0.051483
v -1.114488 -0.397256 -0.051483
v -0.975862 -0.002376 -0.081645
v -1.066298 -0.484419 -0.080568
v -0.967424 -0.126925 0.081645
v -0.898181 -0.475727 -0.087126
v -1.064563 -0.259338 0.051483
v -0.959885 -0.086850 -0.081645
v -1.071540 -0.455316 0.081645
v -0.832669 -0.317485 -0.056965
v -1.092096 -0.476463 0.051457
v -0.901030 -0.500684 0.087126
v -0.804552 -0.167945 0.087126
v -0.742520 -0.033982 0.087126
v -0.788815 -0.127134 0.087126
v -0.898181 -0.475727 0.087126
v -0.856191 -0.311587 0.087126
v -0.949560 -0.520350 0.085912
v -1.037426 -0.013965 -0.051483
v -1.020043 -0.270501 -0.081645
v -1.011639 -0.115685 0.051483
v -0.879346 -0.506313 0.056965
v -0.781168 -0.173823 -0.056965
v -0.781168 -0.173823 0.056965
v -1.064340 -0.498774 0.053999
v -1.071540 -0.455316 -0.081645
v -0.935700 -0.524623 0.056801
v -0.901030 -0.500684 -0.087126
v -0.832669 -0.317485 0.056965
v -0.992707 -0.524728 0.056801
v -0.709034 -0.038175 0.056965
v -0.873376 -0.481811 0.056965
v -0.764194 -0.132653 0.056965
v -1.039323 0.005018 0.051484
v -1.064563 -0.259338 -0.051483
v -1.039323 0.005018 -0.051483
v -0.709034 -0.038175 -0.056965
v -0.949560 -0.520350 -0.085912
v -1.092096 -0.476463 -0.051457
v -0.764194 -0.132653 -0.056965
v -0.876529 -0.456125 -0.056965
v -0.992707 -0.524728 -0.056801
v -0.856191 -0.311587 -0.087126
v -0.731175 -0.103923 -0.056965
v -0.967424 -0.126925 -0.081645
v -1.005484 -0.073747 0.051483
v -0.900659 -0.450158 -0.087126
v -0.876529 -0.456125 0.056965
v -0.900659 -0.450158 0.087126
v -1.114488 -0.397256 0.051483
v -1.068820 -0.408551 0.081645
v -0.966541 -0.051504 -0.081645
v -1.037426 -0.013965 0.051483
v -0.707069 -0.085102 0.056965
v -0.707069 -0.085102 -0.056965
v -0.740568 -0.078094 0.087126
v -1.068820 -0.408550 -0.081645
v -0.740568 -0.078094 -0.087126
v -0.973984 -0.026802 0.081645
v -0.760776 -0.097587 -0.087126
v -1.021570 -0.036879 0.051483
v -0.731175 -0.103923 0.056965
v -0.760776 -0.097587 0.087126
v -0.966541 -0.051504 0.081645
v -1.021570 -0.036879 -0.051483
v -0.973984 -0.026802 -0.081645
v -0.804552 -0.167945 -0.087126
v -0.742520 -0.033982 -0.087126
v -0.879346 -0.506313 -0.056965
v -1.064340 -0.498774 -0.053999
v -1.005484 -0.073747 -0.051483
v -0.712618 0.016291 -0.056962
v -0.712618 0.016291 0.056967
v -1.040746 0.025563 0.051486
v -0.745901 0.017223 -0.087123
v -1.040746 0.025563 -0.051481
v -0.745901 0.017223 0.087129
v -0.977748 0.023822 -0.081642
v -0.977749 0.023822 0.081647
v -0.704264 -0.048738 0.036419
v -0.690479 -0.070753 0.036419
v -0.704264 -0.048738 -0.036418
v -0.690479 -0.070753 -0.036418
v -0.674287 -0.086209 0.036419
v -0.674287 -0.086209 -0.036418
v -0.656151 -0.094914 0.036419
v -0.656151 -0.094914 -0.036418
v -0.636982 -0.098601 0.036419
v -0.636982 -0.098601 -0.036418
v -0.462204 -0.092036 0.036419
v -0.462204 -0.092036 -0.036418
v -0.445279 -0.089060 0.036419
v -0.445279 -0.089060 -0.036418
v -0.429018 -0.083628 0.036419
v -0.429018 -0.083628 -0.036418
v -0.716617 -0.027464 0.036419
v -0.716617 -0.027464 -0.036418
v -0.417340 0.048434 -0.036418
v -0.418382 -0.078290 0.036419
v -0.418382 -0.078290 -0.036418
v -0.712808 -0.053892 0.036419
v -0.698271 -0.077107 0.036419
v -0.712808 -0.053892 -0.036418
v -0.698271 -0.077107 -0.036418
v -0.680031 -0.094518 0.036419
v -0.680031 -0.094518 -0.036418
v -0.659303 -0.104467 0.036419
v -0.659303 -0.104467 -0.036418
v -0.637746 -0.108613 0.036419
v -0.637746 -0.108613 -0.036418
v -0.461147 -0.101980 0.036419
v -0.461147 -0.101980 -0.036418
v -0.443099 -0.099300 0.036419
v -0.443099 -0.099300 -0.036418
v -0.426128 -0.093323 0.036418
v -0.426128 -0.093323 -0.036418
v -0.404221 -0.071281 0.036418
v -0.404221 -0.071281 -0.036418
v -0.725244 -0.032473 0.036419
v -0.725244 -0.032473 -0.036418
v -0.407372 0.048844 0.036419
v -0.407372 0.048844 -0.036418
v -0.412135 -0.083870 0.036419
v -0.412135 -0.083870 -0.036418
v -0.305088 0.053050 0.036419
v -0.305088 0.053050 -0.036418
v -0.305088 0.053050 0.045407
v -0.305088 0.053050 -0.045407
v -0.303681 -0.027155 0.036418
v -0.344354 -0.071281 0.036418
v -0.305066 -0.044198 0.036418
v -0.313097 -0.059294 0.036418
v -0.327482 -0.068537 0.036418
v -0.344354 -0.071281 -0.036418
v -0.303681 -0.027155 -0.036418
v -0.327482 -0.068537 -0.036418
v -0.313097 -0.059294 -0.036418
v -0.305066 -0.044198 -0.036418
v -0.344354 -0.071281 0.045407
v -0.303681 -0.027155 0.045407
v -0.327482 -0.068537 0.045407
v -0.313097 -0.059294 0.045407
v -0.305066 -0.044198 0.045407
v -0.303681 -0.027155 -0.045407
v -0.344354 -0.071316 -0.045407
v -0.305066 -0.044198 -0.045407
v -0.313097 -0.059294 -0.045407
v -0.327482 -0.068537 -0.045407
v -0.405318 -0.071281 0.045407
v -0.414309 -0.071281 0.036419
v -0.417340 0.048434 0.036419
v -0.408358 0.048804 0.045407
v -0.408358 0.048804 -0.045407
v -0.414309 -0.071281 -0.036418
v -0.405317 -0.071285 -0.045407
v -0.341455 -0.013143 -0.056597
v -0.329691 -0.018015 -0.056597
v -0.324818 -0.029779 -0.056597
v -0.329691 -0.041543 -0.056597
v -0.341455 -0.046416 -0.056597
v -0.353219 -0.041543 -0.056597
v -0.358092 -0.029779 -0.056597
v -0.353219 -0.018015 -0.056597
v -0.341455 -0.013143 -0.036865
v -0.329691 -0.018015 -0.036865
v -0.324818 -0.029779 -0.036865
v -0.329691 -0.041543 -0.036865
v -0.341455 -0.046416 -0.036865
v -0.353219 -0.041543 -0.036865
v -0.358092 -0.029779 -0.036865
v -0.353219 -0.018015 -0.036865
vn -0.0486 -0.0034 -0.9988
vn -0.0463 -0.0032 -0.9989
vn 0.0098 -0.0032 -0.9999
vn 0.0083 -0.0120 -0.9999
vn -0.0460 -0.0031 -0.9989
vn 0.0078 0.0003 -1.0000
vn -0.0576 0.0008 -0.9983
vn -0.0530 -0.0024 -0.9986
vn 0.0060 -0.0122 -0.9999
vn 0.0057 -0.0077 -1.0000
vn -0.3556 -0.9283 0.1085
vn -0.3176 -0.9413 0.1141
vn -0.2606 -0.7946 0.5483
vn -0.3262 -0.7786 0.5360
vn -0.0460 -0.0031 0.9989
vn -0.0461 -0.0033 0.9989
vn -0.1582 -0.0111 0.9873
vn -0.1593 -0.0134 0.9871
vn -0.0461 -0.0034 0.9989
vn -0.1583 -0.0114 0.9873
vn -0.5015 -0.0353 0.8645
vn -0.5012 -0.0345 0.8646
vn -0.5064 -0.0497 0.8609
vn 0.9373 -0.2867 0.1983
vn 0.9373 -0.2867 -0.1983
vn 0.9788 0.0330 -0.2022
vn 0.9788 0.0330 0.2022
vn -0.9436 0.1293 -0.3047
vn -0.9111 0.2827 -0.3001
vn -0.9111 0.2827 0.3001
vn -0.9436 0.1293 0.3047
vn -0.6314 -0.1643 0.7578
vn -0.9274 -0.2634 0.2656
vn -0.8683 -0.4439 0.2215
vn -0.6416 -0.2806 0.7138
vn -0.0218 -0.9990 -0.0401
vn 0.1184 -0.9922 -0.0377
vn 0.1184 -0.9922 0.0377
vn -0.0218 -0.9990 0.0401
vn -0.8683 -0.4439 -0.2215
vn -0.8431 -0.5075 -0.1780
vn -0.8431 -0.5075 0.1781
vn -0.6715 -0.3429 0.6569
vn -0.8800 -0.3879 0.2741
vn -0.8800 -0.3879 -0.2741
vn -0.9480 -0.1129 -0.2974
vn -0.9480 -0.1129 0.2974
vn 0.3612 -0.9296 -0.0730
vn 0.7468 -0.6535 -0.1231
vn 0.7469 -0.6535 0.1231
vn 0.3612 -0.9296 0.0730
vn -0.7956 -0.5922 0.1279
vn -0.7956 -0.5922 -0.1279
vn -0.6344 -0.7684 -0.0848
vn -0.6344 -0.7684 0.0848
vn -0.0576 0.0008 0.9983
vn -0.2043 -0.0411 0.9780
vn -0.2070 -0.0019 0.9783
vn -0.0598 0.0060 0.9982
vn -0.5747 -0.2019 0.7931
vn -0.5895 -0.0476 0.8063
vn -0.5798 0.0868 0.8101
vn -0.2032 0.0359 0.9785
vn -0.0593 0.0130 0.9982
vn 0.9276 -0.3417 0.1508
vn 0.9276 -0.3417 -0.1508
vn 0.9133 -0.3778 -0.1523
vn 0.9133 -0.3778 0.1523
vn 0.9453 -0.2878 0.1538
vn 0.9453 -0.2878 -0.1538
vn 0.9332 -0.3259 -0.1516
vn 0.9332 -0.3259 0.1516
vn -0.9261 -0.0929 0.3657
vn -0.9261 -0.0929 -0.3658
vn -0.9013 -0.2697 -0.3390
vn -0.9013 -0.2697 0.3390
vn -0.0619 0.0076 0.9981
vn -0.2055 0.0386 0.9779
vn -0.2133 0.0081 0.9770
vn -0.0609 0.0021 0.9981
vn -0.5815 0.1285 0.8033
vn -0.6128 0.0116 0.7902
vn -0.2304 -0.0333 0.9725
vn -0.0618 0.0002 0.9981
vn 0.5143 -0.5637 -0.6463
vn 0.6441 -0.3818 -0.6628
vn 0.2080 -0.1121 -0.9717
vn 0.1757 -0.1613 -0.9711
vn 0.7027 -0.2858 -0.6516
vn 0.2311 -0.0908 -0.9687
vn 0.0094 -0.0042 -0.9999
vn 0.0075 -0.0054 -1.0000
vn -0.0597 0.0218 0.9980
vn -0.2021 0.0739 0.9766
vn -0.2015 0.0737 0.9767
vn -0.0596 0.0216 0.9980
vn -0.5666 0.2079 0.7974
vn -0.5655 0.2081 0.7981
vn -0.5652 0.2015 0.8000
vn -0.2009 0.0705 0.9771
vn -0.0596 0.0204 0.9980
vn -0.5815 0.1285 -0.8033
vn -0.6128 0.0117 -0.7902
vn -0.9557 0.0193 -0.2937
vn -0.9279 0.2154 -0.3042
vn -0.6314 -0.1643 -0.7578
vn -0.9274 -0.2634 -0.2656
vn -0.9557 0.0193 0.2937
vn -0.9267 -0.0632 0.3706
vn -0.9266 -0.0645 0.3704
vn -0.9266 -0.0644 -0.3704
vn -0.9267 -0.0631 -0.3706
vn -0.0486 -0.0034 0.9988
vn -0.0530 -0.0024 0.9986
vn 0.0060 -0.0122 0.9999
vn 0.0083 -0.0120 0.9999
vn -0.0618 0.0002 -0.9981
vn -0.0609 0.0021 -0.9981
vn 0.0119 0.0033 -0.9999
vn 0.0128 -0.0004 -0.9999
vn -0.3176 -0.9413 -0.1141
vn -0.2026 -0.9749 -0.0918
vn -0.2026 -0.9749 0.0918
vn 0.4880 -0.8633 -0.1287
vn 0.4880 -0.8633 0.1287
vn 0.6495 -0.7474 0.1400
vn 0.6495 -0.7474 -0.1400
vn -0.8958 0.3303 -0.2974
vn -0.8981 0.3220 -0.2995
vn -0.8981 0.3220 0.2995
vn -0.8958 0.3303 0.2974
vn -0.9279 0.2154 0.3042
vn 0.9772 0.0654 0.2018
vn 0.9773 0.0644 0.2018
vn 0.9773 0.0644 -0.2018
vn 0.9772 0.0655 -0.2018
vn 0.9794 0.1405 -0.1452
vn 0.9693 -0.1965 -0.1478
vn 0.7708 -0.1360 -0.6224
vn 0.7711 0.1182 -0.6257
vn 0.9781 0.1467 -0.1480
vn 0.7499 0.1078 -0.6527
vn -0.0029 -0.9797 -0.2006
vn 0.1195 -0.9466 -0.2996
vn 0.3411 -0.8226 -0.4549
vn -0.0804 -0.0261 0.9964
vn -0.3012 -0.1081 0.9474
vn -0.3758 -0.3508 0.8577
vn -0.1849 -0.3210 0.9288
vn -0.6811 -0.4777 0.5548
vn -0.6094 -0.7076 0.3577
vn -0.4425 -0.7580 0.4793
vn -0.0994 -0.3612 0.9272
vn -0.0026 -0.0757 0.9971
vn -0.0619 0.0076 -0.9981
vn 0.0084 0.0014 -1.0000
vn -0.2133 0.0081 -0.9770
vn -0.2055 0.0386 -0.9779
vn -0.2304 -0.0333 -0.9725
vn 0.0096 -0.0033 0.9999
vn 0.0098 -0.0035 0.9999
vn -0.5798 0.0868 -0.8101
vn -0.5694 0.1775 -0.8027
vn -0.5666 0.2079 -0.7974
vn -0.8965 0.3293 -0.2965
vn -0.6416 -0.2806 -0.7138
vn -0.6715 -0.3429 -0.6569
vn 0.0093 -0.0027 1.0000
vn 0.0119 0.0033 0.9999
vn 0.0084 0.0014 1.0000
vn 0.0128 -0.0004 0.9999
vn 0.0075 -0.0054 1.0000
vn 0.0057 -0.0077 1.0000
vn 0.6656 -0.7278 0.1654
vn 0.6656 -0.7278 -0.1654
vn 0.0094 -0.0042 0.9999
vn 0.0075 0.0004 1.0000
vn 0.0075 0.0005 1.0000
vn -0.5652 0.2015 -0.8000
vn -0.5706 0.1780 -0.8017
vn -0.9081 0.2899 -0.3022
vn -0.0594 0.0194 0.9980
vn 0.0098 -0.0037 0.9999
vn 0.0078 0.0003 1.0000
vn -0.0639 0.0032 0.9980
vn 0.0139 -0.0129 0.9998
vn -0.1593 -0.0133 -0.9871
vn -0.1582 -0.0111 -0.9873
vn -0.0460 -0.0032 -0.9989
vn -0.5064 -0.0497 -0.8609
vn -0.5012 -0.0345 -0.8647
vn -0.5014 -0.0351 -0.8645
vn -0.1583 -0.0112 -0.9873
vn -0.0461 -0.0032 -0.9989
vn -0.0804 -0.0261 -0.9964
vn -0.1849 -0.3210 -0.9288
vn -0.3758 -0.3508 -0.8577
vn -0.3012 -0.1081 -0.9474
vn -0.3262 -0.7786 -0.5360
vn -0.4425 -0.7580 -0.4793
vn -0.6094 -0.7076 -0.3577
vn -0.6811 -0.4777 -0.5548
vn -0.2019 0.0640 0.9773
vn -0.5694 0.1775 0.8027
vn 0.2664 0.0482 -0.9627
vn 0.2390 0.0262 -0.9707
vn 0.2704 -0.0315 -0.9622
vn -0.8965 0.3293 0.2965
vn -0.0593 0.0130 -0.9982
vn -0.0598 0.0060 -0.9982
vn -0.2070 -0.0019 -0.9783
vn -0.2043 -0.0411 -0.9780
vn -0.2032 0.0359 -0.9785
vn -0.5895 -0.0476 -0.8063
vn -0.5747 -0.2019 -0.7931
vn 0.0075 0.0005 -1.0000
vn -0.2558 -0.0634 0.9647
vn 0.7231 -0.2211 -0.6544
vn 0.7190 -0.2514 -0.6479
vn 0.9304 -0.3341 -0.1507
vn 0.7186 -0.2582 -0.6457
vn -0.0994 -0.3612 -0.9272
vn -0.2606 -0.7947 -0.5483
vn 0.7708 -0.1360 0.6224
vn 0.2704 -0.0315 0.9622
vn 0.2540 -0.2297 0.9395
vn 0.6274 -0.5303 0.5702
vn 0.1449 -0.4760 0.8675
vn 0.3411 -0.8226 0.4548
vn -0.0597 0.0218 -0.9980
vn -0.0594 0.0194 -0.9980
vn 0.0098 -0.0037 -0.9999
vn 0.0098 -0.0035 -0.9999
vn -0.0026 -0.0757 -0.9971
vn 0.7027 -0.2858 0.6516
vn 0.2311 -0.0908 0.9687
vn 0.2374 -0.0865 0.9676
vn 0.7164 -0.2629 0.6463
vn 0.2379 -0.0855 0.9675
vn 0.7186 -0.2582 0.6457
vn -0.0596 0.0204 -0.9980
vn -0.0596 0.0216 -0.9980
vn 0.0096 -0.0033 -0.9999
vn 0.0093 -0.0027 -1.0000
vn 0.6899 0.0244 0.7235
vn 0.6865 0.0448 0.7257
vn 0.1900 0.0124 0.9817
vn 0.1920 0.0076 0.9814
vn 0.6865 0.0452 0.7257
vn 0.1900 0.0125 0.9817
vn 0.5143 -0.5637 0.6463
vn 0.1757 -0.1613 0.9711
vn 0.2080 -0.1121 0.9717
vn 0.6441 -0.3818 0.6628
vn 0.7499 0.1078 0.6527
vn 0.2390 0.0262 0.9707
vn 0.2664 0.0482 0.9627
vn 0.7711 0.1182 0.6257
vn 0.2367 -0.0829 0.9680
vn 0.7190 -0.2514 0.6479
vn 0.2343 -0.0720 0.9695
vn 0.7231 -0.2211 0.6544
vn 0.0122 -0.6334 0.7738
vn 0.1195 -0.9466 0.2996
vn -0.1479 -0.8758 0.4595
vn -0.0029 -0.9797 0.2006
vn 0.9774 0.0637 -0.2018
vn 0.9774 0.0637 0.2018
vn -0.0612 0.0157 0.9980
vn 0.0078 -0.0007 1.0000
vn 0.9693 -0.1965 0.1478
vn 0.9794 0.1405 0.1452
vn -0.8136 -0.5010 0.2950
vn -0.8136 -0.5010 -0.2950
vn -0.7910 -0.5541 -0.2594
vn -0.7910 -0.5541 0.2594
vn 0.8422 -0.5170 0.1530
vn 0.8422 -0.5170 -0.1530
vn -0.5305 -0.3055 -0.7908
vn -0.5297 -0.1607 -0.8328
vn 0.9781 0.1467 0.1480
vn 0.9810 -0.1148 -0.1566
vn 0.9810 -0.1148 0.1566
vn -0.2015 0.0737 -0.9767
vn -0.2021 0.0739 -0.9766
vn -0.2009 0.0705 -0.9771
vn -0.5655 0.2081 -0.7981
vn 0.9304 -0.3341 0.1507
vn 0.7164 -0.2629 -0.6463
vn -0.4381 -0.8945 0.0896
vn -0.4381 -0.8945 -0.0896
vn -0.3556 -0.9283 -0.1085
vn -0.0639 0.0032 -0.9980
vn -0.2558 -0.0634 -0.9647
vn 0.6274 -0.5303 -0.5702
vn 0.2540 -0.2297 -0.9395
vn 0.1449 -0.4760 -0.8674
vn 0.0139 -0.0129 -0.9998
vn 0.6899 0.0244 -0.7235
vn 0.6865 0.0448 -0.7257
vn 0.6865 0.0453 -0.7257
vn 0.0122 -0.6334 -0.7738
vn -0.1479 -0.8758 -0.4596
vn 0.7365 -0.0897 -0.6705
vn 0.2367 -0.0829 -0.9680
vn 0.2379 -0.0855 -0.9675
vn 0.2343 -0.0720 -0.9695
vn 0.4065 -0.6766 -0.6140
vn 0.5080 -0.5651 -0.6500
vn -0.2019 0.0640 -0.9773
vn 0.2279 -0.0314 -0.9732
vn 0.0078 -0.0007 -1.0000
vn 0.7365 -0.0897 0.6705
vn 0.2279 -0.0314 0.9732
vn -0.0612 0.0157 -0.9980
vn -0.9081 0.2899 0.3022
vn -0.5706 0.1780 0.8017
vn -0.0463 -0.0032 0.9989
vn 0.0098 -0.0032 0.9999
vn -0.2031 0.0592 0.9774
vn -0.1975 -0.0734 -0.9776
vn -0.1846 -0.0704 -0.9803
vn -0.5449 -0.3211 -0.7746
vn -0.5305 -0.3055 0.7908
vn -0.5297 -0.1607 0.8328
vn -0.9266 -0.0658 -0.3703
vn -0.9266 -0.0659 0.3702
vn -0.9289 -0.0667 0.3643
vn -0.9289 -0.0665 -0.3642
vn 0.6869 -0.2093 0.6960
vn 0.5080 -0.5651 0.6500
vn 0.6869 -0.2093 -0.6960
vn 0.2036 -0.0599 0.9772
vn 0.1707 -0.2056 0.9636
vn -0.2031 0.0592 -0.9774
vn 0.1707 -0.2056 -0.9636
vn 0.2036 -0.0599 -0.9772
vn 0.1920 0.0076 -0.9814
vn -0.1690 -0.0352 0.9850
vn -0.1846 -0.0704 0.9803
vn 0.1543 -0.2257 -0.9619
vn -0.5449 -0.3211 0.7746
vn 0.4065 -0.6766 0.6140
vn 0.1543 -0.2257 0.9619
vn -0.1975 -0.0734 0.9776
vn -0.0461 -0.0031 -0.9989
vn 0.0075 0.0006 -1.0000
vn -0.1690 -0.0352 -0.9850
vn 0.2374 -0.0865 -0.9676
vn 0.1900 0.0124 -0.9817
vn 0.1900 0.0126 -0.9817
vn 0.6865 0.0461 -0.7257
vn 0.6775 0.0459 -0.7341
vn 0.9769 0.0660 -0.2035
vn 0.9768 0.0660 0.2035
vn 0.6775 0.0457 0.7341
vn 0.6865 0.0459 0.7257
vn -0.5016 -0.0358 0.8644
vn -0.5112 -0.0368 0.8587
vn 0.1900 0.0129 -0.9817
vn 0.0065 0.0006 -1.0000
vn 0.1833 0.0126 -0.9830
vn -0.5016 -0.0355 -0.8644
vn -0.5112 -0.0363 -0.8587
vn -0.0474 -0.0031 -0.9989
vn -0.0474 -0.0035 0.9989
vn 0.0065 0.0003 1.0000
vn 0.1900 0.0126 0.9817
vn 0.1832 0.0123 0.9830
vn -0.1584 -0.0111 -0.9873
vn -0.1619 -0.0113 -0.9867
vn -0.1584 -0.0115 0.9873
vn -0.1619 -0.0117 0.9867
vn 0.8563 0.5165 -0.0000
vn 0.7750 0.6319 -0.0000
vn 0.5686 0.8226 -0.0000
vn 0.3134 0.9496 -0.0000
vn 0.0762 0.9971 -0.0000
vn -0.1056 0.9944 -0.0000
vn -0.2457 0.9693 -0.0000
vn -0.2457 0.9694 -0.0000
vn -0.3837 0.9235 -0.0000
vn -0.6851 0.7284 -0.0000
vn -0.9498 0.1690 0.2634
vn -0.9498 0.1690 -0.2634
vn 0.8648 0.5021 -0.0000
vn -0.9230 -0.0234 0.3840
vn -0.9230 -0.0234 -0.3840
vn -0.8563 -0.5165 -0.0000
vn -0.7750 -0.6319 -0.0000
vn -0.5686 -0.8226 -0.0000
vn -0.3134 -0.9496 -0.0000
vn -0.0761 -0.9971 -0.0000
vn 0.0923 -0.9957 -0.0000
vn 0.2406 -0.9706 -0.0000
vn 0.4497 -0.8932 -0.0000
vn 0.7187 -0.6954 -0.0000
vn 0.9644 -0.2643 -0.0000
vn -0.8648 -0.5021 -0.0000
vn 0.9997 0.0262 -0.0000
vn -0.0000 -0.0000 1.0000
vn -0.0000 -0.0000 -1.0000
vn -0.0000 -1.0000 -0.0000
vn 0.0805 -0.9968 -0.0000
vn -0.3772 -0.0096 -0.9261
vn -0.3793 -0.0096 -0.9252
vn -0.0002 -1.0000 0.0021
vn 0.0809 -0.9967 0.0020
vn 0.9995 -0.0318 -0.0000
vn 0.9998 0.0175 -0.0000
vn 0.9597 -0.2812 -0.0000
vn 0.7356 -0.6775 -0.0000
vn 0.3585 -0.9335 0.0010
vn 0.3580 -0.9337 -0.0000
vn -0.3773 -0.0096 0.9260
vn -0.3793 -0.0096 0.9252
vn -0.7071 0.7071 -0.0000
vn -0.0000 1.0000 -0.0000
vn 1.0000 -0.0000 -0.0000
vn 0.7071 -0.7071 -0.0000
vn -0.7071 -0.7071 -0.0000
vn -1.0000 -0.0000 -0.0000
vn 0.7071 0.7071 -0.0000
vt 0.591960 0.577976
vt 0.588528 0.578609
vt 0.590275 0.537758
vt 0.593637 0.538532
vt 0.584708 0.579511
vt 0.585505 0.538706
vt 0.601288 0.576837
vt 0.596234 0.577396
vt 0.597522 0.541325
vt 0.602371 0.544467
vt 0.273949 0.871676
vt 0.261212 0.871310
vt 0.257737 0.864503
vt 0.273346 0.865079
vt 0.782694 0.472803
vt 0.784008 0.467586
vt 0.803821 0.468661
vt 0.802770 0.472830
vt 0.785395 0.462142
vt 0.804927 0.464326
vt 0.818868 0.465991
vt 0.817953 0.469616
vt 0.817083 0.473083
vt 0.718582 0.919067
vt 0.754893 0.919067
vt 0.754893 0.924563
vt 0.718582 0.924563
vt 0.789044 0.760315
vt 0.789044 0.752859
vt 0.822684 0.752859
vt 0.822684 0.760315
vt 0.828954 0.646498
vt 0.822685 0.647182
vt 0.822685 0.642894
vt 0.828954 0.642246
vt 0.249601 0.907569
vt 0.238340 0.907776
vt 0.238340 0.871406
vt 0.249601 0.871512
vt 0.789045 0.642894
vt 0.789045 0.637992
vt 0.822685 0.637993
vt 0.828954 0.637396
vt 0.822684 0.772913
vt 0.789044 0.772912
vt 0.789044 0.766683
vt 0.822684 0.766683
vt 0.227103 0.907915
vt 0.221328 0.908022
vt 0.221328 0.871547
vt 0.227103 0.871440
vt 0.290125 0.873302
vt 0.290125 0.906250
vt 0.285684 0.906283
vt 0.285684 0.873105
vt 0.780020 0.489388
vt 0.795831 0.488161
vt 0.794269 0.493695
vt 0.779555 0.494851
vt 0.807060 0.487067
vt 0.804733 0.492732
vt 0.803903 0.498639
vt 0.793730 0.499373
vt 0.779465 0.500394
vt 0.546746 0.748590
vt 0.511056 0.748590
vt 0.511056 0.741210
vt 0.546746 0.741210
vt 0.546746 0.826332
vt 0.511056 0.826332
vt 0.511056 0.796003
vt 0.546746 0.796003
vt 0.822683 0.787958
vt 0.789044 0.787958
vt 0.789044 0.785235
vt 0.822683 0.785236
vt 0.795401 0.604013
vt 0.810251 0.603104
vt 0.810115 0.605896
vt 0.795034 0.606825
vt 0.820837 0.602526
vt 0.820801 0.605318
vt 0.819900 0.608388
vt 0.809542 0.608977
vt 0.794638 0.609961
vt 0.602908 0.527657
vt 0.608814 0.530706
vt 0.608494 0.536377
vt 0.602646 0.533764
vt 0.615047 0.532225
vt 0.614638 0.537701
vt 0.614061 0.547283
vt 0.608102 0.546314
vt 0.783070 0.523725
vt 0.797207 0.522784
vt 0.802621 0.553339
vt 0.788410 0.554269
vt 0.807305 0.522178
vt 0.812771 0.552742
vt 0.818036 0.582826
vt 0.807786 0.583414
vt 0.793435 0.584331
vt 0.782776 0.652705
vt 0.782776 0.649788
vt 0.789045 0.650484
vt 0.789045 0.653400
vt 0.782776 0.646497
vt 0.789045 0.647181
vt 0.822685 0.650485
vt 0.822683 0.791360
vt 0.822684 0.794929
vt 0.789044 0.794928
vt 0.789044 0.791360
vt 0.781160 0.480057
vt 0.780579 0.484332
vt 0.744498 0.485623
vt 0.741704 0.481737
vt 0.721829 0.591444
vt 0.718695 0.591840
vt 0.720738 0.560890
vt 0.724101 0.559955
vt 0.261212 0.907785
vt 0.256400 0.907715
vt 0.256400 0.871345
vt 0.970285 0.922175
vt 0.970261 0.882397
vt 0.976406 0.882276
vt 0.976430 0.922054
vt 0.789045 0.704605
vt 0.789045 0.673695
vt 0.822684 0.673695
vt 0.822684 0.704605
vt 0.828954 0.652706
vt 0.822685 0.653401
vt 0.828954 0.649788
vt 0.718581 0.950256
vt 0.718582 0.943123
vt 0.754893 0.943123
vt 0.754892 0.950256
vt 0.511056 0.849016
vt 0.511056 0.852431
vt 0.504372 0.852373
vt 0.504372 0.848962
vt 0.511056 0.846116
vt 0.504372 0.846061
vt 0.247972 0.913007
vt 0.239307 0.914388
vt 0.228698 0.914750
vt 0.794530 0.618381
vt 0.806598 0.617249
vt 0.805043 0.621513
vt 0.795647 0.622644
vt 0.814381 0.616605
vt 0.811096 0.620800
vt 0.808398 0.623475
vt 0.803951 0.624646
vt 0.796885 0.625820
vt 0.773945 0.625269
vt 0.766334 0.621184
vt 0.715883 0.592207
vt 0.717822 0.562011
vt 0.717766 0.606917
vt 0.714975 0.607053
vt 0.720847 0.606344
vt 0.720258 0.616699
vt 0.717189 0.617600
vt 0.714398 0.617636
vt 0.781602 0.628148
vt 0.759593 0.556223
vt 0.754404 0.525702
vt 0.782775 0.759561
vt 0.782775 0.752161
vt 0.782775 0.735308
vt 0.789044 0.735997
vt 0.782776 0.642246
vt 0.782776 0.637395
vt 0.764334 0.586258
vt 0.764076 0.608871
vt 0.765197 0.605954
vt 0.763140 0.612235
vt 0.749489 0.496205
vt 0.747642 0.490473
vt 0.964773 0.882490
vt 0.964797 0.922268
vt 0.750459 0.502166
vt 0.745762 0.457980
vt 0.743755 0.466037
vt 0.782776 0.673008
vt 0.782776 0.657611
vt 0.789045 0.658302
vt 0.780251 0.507359
vt 0.751599 0.509321
vt 0.741878 0.473603
vt 0.794304 0.613936
vt 0.763142 0.616551
vt 0.584736 0.599582
vt 0.580568 0.600633
vt 0.579492 0.580825
vt 0.584990 0.613891
vt 0.581523 0.614761
vt 0.577900 0.615676
vt 0.576234 0.601739
vt 0.574050 0.582213
vt 0.730248 0.591336
vt 0.734510 0.592451
vt 0.733379 0.601845
vt 0.729117 0.603400
vt 0.737685 0.593690
vt 0.736511 0.600754
vt 0.281582 0.915540
vt 0.280556 0.913024
vt 0.285073 0.911174
vt 0.287758 0.912199
vt 0.732667 0.607897
vt 0.728473 0.611181
vt 0.794377 0.506403
vt 0.804464 0.505778
vt 0.718912 0.546375
vt 0.721852 0.545001
vt 0.721411 0.550741
vt 0.718473 0.552053
vt 0.725277 0.544221
vt 0.724827 0.549807
vt 0.828953 0.735309
vt 0.822684 0.735998
vt 0.828954 0.703918
vt 0.828954 0.673008
vt 0.612292 0.576281
vt 0.606750 0.576371
vt 0.605595 0.591082
vt 0.600062 0.592644
vt 0.611272 0.590543
vt 0.610538 0.600713
vt 0.604633 0.601543
vt 0.598969 0.603870
vt 0.577941 0.540583
vt 0.808252 0.612864
vt 0.817569 0.612248
vt 0.504372 0.826272
vt 0.504372 0.795940
vt 0.511056 0.765164
vt 0.504372 0.765099
vt 0.822676 0.633157
vt 0.828754 0.632711
vt 0.287758 0.867338
vt 0.285073 0.868235
vt 0.569886 0.542590
vt 0.737132 0.570755
vt 0.740011 0.578410
vt 0.747402 0.613412
vt 0.752991 0.612961
vt 0.753425 0.617357
vt 0.748355 0.617826
vt 0.757768 0.622039
vt 0.753501 0.622525
vt 0.635616 0.579884
vt 0.619255 0.577067
vt 0.621214 0.548423
vt 0.637591 0.551226
vt 0.733048 0.563147
vt 0.735397 0.503153
vt 0.740874 0.502743
vt 0.742133 0.509983
vt 0.736721 0.510433
vt 0.744934 0.526372
vt 0.739519 0.526827
vt 0.696206 0.590242
vt 0.666152 0.585221
vt 0.668104 0.556412
vt 0.698132 0.561149
vt 0.720726 0.473880
vt 0.722883 0.465160
vt 0.730471 0.465478
vt 0.728412 0.473795
vt 0.725189 0.455854
vt 0.732672 0.456598
vt 0.730827 0.491012
vt 0.736936 0.490749
vt 0.739550 0.496599
vt 0.733877 0.496918
vt 0.749557 0.607045
vt 0.755237 0.606606
vt 0.753924 0.609545
vt 0.748183 0.609986
vt 0.750073 0.556885
vt 0.744630 0.557335
vt 0.754720 0.586912
vt 0.749223 0.587357
vt 0.228698 0.864614
vt 0.233075 0.861801
vt 0.242929 0.862103
vt 0.239307 0.864805
vt 0.767236 0.626069
vt 0.776363 0.628788
vt 0.252379 0.864761
vt 0.247972 0.866100
vt 0.754893 0.933543
vt 0.718582 0.933543
vt 0.795418 0.599276
vt 0.765856 0.601189
vt 0.546746 0.852431
vt 0.546746 0.849016
vt 0.745316 0.208355
vt 0.745316 0.171251
vt 0.749894 0.171349
vt 0.749894 0.208453
vt 0.546746 0.728776
vt 0.546746 0.734854
vt 0.511056 0.734854
vt 0.511056 0.728776
vt 0.782775 0.781490
vt 0.789044 0.782320
vt 0.782775 0.784554
vt 0.822683 0.782320
vt 0.546746 0.846116
vt 0.511056 0.841368
vt 0.546746 0.841368
vt 0.782775 0.787490
vt 0.665224 0.599428
vt 0.634676 0.594018
vt 0.695291 0.604590
vt 0.694703 0.614837
vt 0.664626 0.609576
vt 0.634071 0.604112
vt 0.828953 0.759561
vt 0.828953 0.752161
vt 0.546746 0.856914
vt 0.511056 0.856914
vt 0.553429 0.852373
vt 0.553429 0.856844
vt 0.223257 0.864721
vt 0.546746 0.765164
vt 0.504372 0.748525
vt 0.504372 0.741162
vt 0.553429 0.741162
vt 0.553429 0.748525
vt 0.553429 0.765099
vt 0.280299 0.872355
vt 0.280299 0.906931
vt 0.273949 0.907541
vt 0.280556 0.866320
vt 0.725803 0.591109
vt 0.724733 0.605054
vt 0.724118 0.614368
vt 0.729690 0.545173
vt 0.729221 0.550242
vt 0.734388 0.550317
vt 0.733903 0.554583
vt 0.728416 0.559956
vt 0.553429 0.795940
vt 0.553429 0.826272
vt 0.789054 0.633157
vt 0.711782 0.942686
vt 0.711782 0.933266
vt 0.711782 0.924438
vt 0.553429 0.846061
vt 0.553429 0.848962
vt 0.553429 0.728790
vt 0.553429 0.734841
vt 0.828953 0.787491
vt 0.828953 0.791193
vt 0.828953 0.795064
vt 0.782775 0.703917
vt 0.782775 0.791193
vt 0.782775 0.795063
vt 0.761693 0.924438
vt 0.761693 0.933266
vt 0.761693 0.942686
vt 0.242929 0.917113
vt 0.233075 0.917589
vt 0.252379 0.914344
vt 0.737932 0.564048
vt 0.740651 0.573173
vt 0.782976 0.632710
vt 0.504372 0.734841
vt 0.504372 0.728790
vt 0.504372 0.841310
vt 0.257737 0.914639
vt 0.638714 0.536344
vt 0.669215 0.541452
vt 0.668765 0.546894
vt 0.638260 0.541758
vt 0.699229 0.546042
vt 0.698784 0.551538
vt 0.822684 0.778227
vt 0.789044 0.778227
vt 0.979054 0.929506
vt 0.973210 0.929627
vt 0.967995 0.929721
vt 0.618300 0.591189
vt 0.617675 0.601273
vt 0.828953 0.771942
vt 0.828953 0.765807
vt 0.714147 0.547329
vt 0.713706 0.552909
vt 0.713059 0.562670
vt 0.553429 0.841310
vt 0.756092 0.601838
vt 0.750511 0.602279
vt 0.711148 0.592224
vt 0.822684 0.658302
vt 0.828954 0.657612
vt 0.781792 0.476624
vt 0.740930 0.478374
vt 0.809991 0.598369
vt 0.820397 0.597787
vt 0.595122 0.595069
vt 0.591082 0.597376
vt 0.594196 0.607645
vt 0.590492 0.611207
vt 0.828953 0.781490
vt 0.828953 0.784554
vt 0.789045 0.798006
vt 0.822684 0.798007
vt 0.822685 0.800739
vt 0.789046 0.800738
vt 0.711782 0.919032
vt 0.718582 0.915495
vt 0.711782 0.915490
vt 0.754893 0.915495
vt 0.761693 0.915490
vt 0.761693 0.919032
vt 0.721224 0.482617
vt 0.719741 0.479208
vt 0.727444 0.478902
vt 0.728672 0.482262
vt 0.710241 0.606794
vt 0.709661 0.617197
vt 0.594516 0.518057
vt 0.594161 0.525503
vt 0.590802 0.524275
vt 0.591107 0.516575
vt 0.585696 0.525244
vt 0.585781 0.517560
vt 0.801901 0.476051
vt 0.800564 0.479178
vt 0.816241 0.475819
vt 0.814398 0.478587
vt 0.598194 0.522593
vt 0.597891 0.529402
vt 0.828953 0.777285
vt 0.967962 0.875044
vt 0.973177 0.874950
vt 0.979021 0.874830
vt 0.732572 0.485993
vt 0.725761 0.486296
vt 0.798257 0.483219
vt 0.810836 0.482292
vt 0.782775 0.777284
vt 0.782775 0.771942
vt 0.569688 0.583321
vt 0.563797 0.544112
vt 0.587956 0.598712
vt 0.587725 0.613049
vt 0.622326 0.533548
vt 0.621876 0.538959
vt 0.577382 0.527302
vt 0.577063 0.519717
vt 0.568504 0.529504
vt 0.567760 0.522022
vt 0.223257 0.914857
vt 0.504372 0.856844
vt 0.273346 0.914198
vt 0.782775 0.765806
vt 0.761692 0.949707
vt 0.761691 0.955063
vt 0.754892 0.955691
vt 0.718580 0.955691
vt 0.711780 0.955063
vt 0.711781 0.949707
vt 0.828954 0.798360
vt 0.828954 0.801255
vt 0.561865 0.531158
vt 0.560825 0.523748
vt 0.559075 0.545296
vt 0.556779 0.532431
vt 0.555535 0.525072
vt 0.782775 0.798360
vt 0.782776 0.801255
vt 0.566070 0.584235
vt 0.787418 0.454160
vt 0.786504 0.457779
vt 0.747284 0.451889
vt 0.748468 0.447165
vt 0.726915 0.448917
vt 0.734326 0.449956
vt 0.728238 0.443626
vt 0.735600 0.444870
vt 0.572638 0.602654
vt 0.574814 0.616458
vt 0.572104 0.617147
vt 0.569553 0.603436
vt 0.805842 0.460729
vt 0.806625 0.457643
vt 0.820340 0.460194
vt 0.819651 0.462905
vt 0.137580 0.637147
vt 0.129566 0.637147
vt 0.129566 0.614674
vt 0.137580 0.614674
vt 0.122659 0.637147
vt 0.122659 0.614674
vt 0.116451 0.637147
vt 0.116451 0.614674
vt 0.110428 0.637147
vt 0.110428 0.614674
vt 0.056462 0.637147
vt 0.056462 0.614674
vt 0.051160 0.637147
vt 0.051160 0.614674
vt 0.045870 0.637147
vt 0.045870 0.614674
vt 0.042198 0.614674
vt 0.042198 0.637147
vt 0.039697 0.637147
vt 0.039697 0.614674
vt 0.145171 0.614674
vt 0.145171 0.637147
vt 0.002747 0.637147
vt 0.002747 0.614674
vt 0.227015 0.056231
vt 0.227015 0.033758
vt 0.235466 0.033758
vt 0.235466 0.056231
vt 0.243247 0.033758
vt 0.243247 0.056231
vt 0.250340 0.033758
vt 0.250340 0.056231
vt 0.257113 0.033758
vt 0.257113 0.056231
vt 0.311640 0.033758
vt 0.311640 0.056231
vt 0.317270 0.033758
vt 0.317270 0.056231
vt 0.322821 0.033758
vt 0.322821 0.056231
vt 0.328031 0.033758
vt 0.332620 0.033758
vt 0.332620 0.056231
vt 0.328032 0.056231
vt 0.219374 0.056231
vt 0.219373 0.033758
vt 0.369696 0.033758
vt 0.369696 0.056231
vt 0.368094 0.626761
vt 0.368094 0.618535
vt 0.371161 0.618535
vt 0.371161 0.626761
vt 0.982471 0.755136
vt 0.982471 0.746938
vt 0.985540 0.746938
vt 0.985540 0.755136
vt 0.368094 0.634098
vt 0.371161 0.634098
vt 0.982471 0.739625
vt 0.985540 0.739625
vt 0.368094 0.640743
vt 0.371161 0.640743
vt 0.982471 0.733003
vt 0.985540 0.733003
vt 0.368094 0.647135
vt 0.371161 0.647135
vt 0.982471 0.726632
vt 0.985540 0.726632
vt 0.368094 0.701334
vt 0.371161 0.701334
vt 0.982471 0.672615
vt 0.985540 0.672615
vt 0.368094 0.706796
vt 0.371161 0.706796
vt 0.982471 0.667172
vt 0.985540 0.667172
vt 0.368094 0.712211
vt 0.371161 0.712211
vt 0.982471 0.661775
vt 0.985540 0.661775
vt 0.368094 0.720190
vt 0.368094 0.716649
vt 0.371161 0.716649
vt 0.371161 0.720190
vt 0.982471 0.657352
vt 0.985540 0.657352
vt 0.833843 0.083522
vt 0.833843 0.102004
vt 0.831068 0.102004
vt 0.831068 0.083184
vt 0.833843 0.080409
vt 0.982471 0.762720
vt 0.985540 0.762720
vt 0.368094 0.610926
vt 0.371161 0.610926
vt 0.982471 0.653823
vt 0.985540 0.653823
vt 0.039768 0.610752
vt 0.002703 0.610752
vt 0.002200 0.578864
vt 0.026950 0.579057
vt 0.032196 0.579617
vt 0.036790 0.582212
vt 0.039529 0.586721
vt 0.040254 0.591947
vt 0.280722 0.425946
vt 0.280730 0.444759
vt 0.277957 0.444760
vt 0.277949 0.426286
vt 0.277947 0.423173
vt 0.833843 0.123115
vt 0.833843 0.147878
vt 0.831068 0.147878
vt 0.831068 0.123115
vt 0.332135 0.015293
vt 0.332845 0.010067
vt 0.335579 0.005555
vt 0.340171 0.002956
vt 0.345416 0.002391
vt 0.370166 0.002176
vt 0.277947 0.490619
vt 0.277952 0.465865
vt 0.280726 0.465865
vt 0.280721 0.490620
vt 0.277954 0.460588
vt 0.280727 0.460589
vt 0.277955 0.455311
vt 0.280728 0.455312
vt 0.277956 0.450035
vt 0.280729 0.450036
vt 0.833843 0.107280
vt 0.831068 0.107280
vt 0.833843 0.112558
vt 0.831068 0.112558
vt 0.833843 0.117837
vt 0.831068 0.117837
vt 0.370166 0.087813
vt 0.345416 0.087598
vt 0.340171 0.087033
vt 0.335580 0.084434
vt 0.332845 0.079922
vt 0.332135 0.074696
vt 0.039767 0.641070
vt 0.002703 0.641070
vt 0.040243 0.659874
vt 0.039529 0.665100
vt 0.036790 0.669609
vt 0.032196 0.672204
vt 0.026950 0.672764
vt 0.002200 0.672957
vt 0.896590 0.342159
vt 0.899890 0.342159
vt 0.899890 0.349404
vt 0.896590 0.349404
vt 0.896590 0.363895
vt 0.899890 0.363895
vt 0.899890 0.371140
vt 0.896590 0.371140
vt 0.899890 0.378385
vt 0.896590 0.378385
vt 0.896589 0.320422
vt 0.899890 0.320422
vt 0.899890 0.327668
vt 0.896589 0.327668
vt 0.899890 0.334913
vt 0.896589 0.334913
vt 0.899890 0.356649
vt 0.896590 0.356649
vt 0.726024 0.503634
vt 0.722094 0.503634
vt 0.719315 0.500855
vt 0.719315 0.496925
vt 0.722094 0.494146
vt 0.726024 0.494146
vt 0.728803 0.496925
vt 0.728803 0.500855
s 1
usemtl Material.001
f 1810/2592/651 1915/2593/652 1973/2594/653 1834/2595/654
f 1973/2594/653 1915/2593/652 1862/2596/655 1865/2597/656
f 1870/2598/657 2034/2599/658 2033/2600/659 1873/2601/660
f 2002/2602/661 2003/2603/662 1840/2604/663 1821/2605/664
f 2033/2600/659 2034/2599/658 1810/2592/651 1834/2595/654
f 1863/2606/665 2029/2607/666 2070/2608/667 2039/2609/668
f 2029/2607/666 1812/2610/669 1890/2611/670 2070/2608/667
f 2070/2608/667 1890/2611/670 1790/2612/671 1888/2613/672
f 2039/2609/668 2070/2608/667 1888/2613/672 1861/2614/673
f 2136/2615/674 2137/2616/675 1970/2617/676 2036/2618/677
f 1977/2619/678 2082/2620/679 2103/2621/680 1983/2622/681
f 1803/2623/682 1995/2624/683 2071/2625/684 1914/2626/685
f 2018/2627/686 2079/2628/687 2109/2629/688 2004/2630/689
f 2071/2625/684 2083/2631/690 1909/2632/691 1998/2633/692
f 1914/2626/685 2071/2625/684 1998/2633/692 1831/2634/693
f 2045/2635/694 1894/2636/695 2153/2637/696 2128/2638/697
f 2020/2639/698 2151/2640/699 2104/2641/700 2000/2642/701
f 2093/2643/702 2121/2644/703 2010/2645/704 2001/2646/705
f 1871/2647/706 2049/2648/707 2072/2649/708 1932/2650/709
f 2049/2648/707 1867/2651/710 2041/2652/711 2072/2649/708
f 2072/2649/708 2041/2652/711 1794/2653/712 1918/2654/713
f 1932/2650/709 2072/2649/708 1918/2654/713 1815/2655/714
f 2106/2656/715 2105/2657/716 1975/2658/717 1990/2659/718
f 1996/2660/719 1908/2661/720 2092/2662/721 2111/2663/722
f 2035/2664/723 2031/2665/724 2101/2666/725 2135/2667/726
f 1855/2668/727 2023/2669/728 2073/2670/729 1930/2671/730
f 2023/2669/728 1850/2672/731 1906/2673/732 2073/2670/729
f 2073/2670/729 1906/2673/732 1803/2674/682 1922/2675/733
f 1930/2671/730 2073/2670/729 1922/2675/733 1819/2676/734
f 1869/2677/735 1910/2678/736 2074/2679/737 2048/2680/738
f 1910/2678/736 1797/2681/739 1898/2682/740 2074/2679/737
f 2074/2679/737 1898/2682/740 1836/2683/741 2051/2684/742
f 2048/2680/738 2074/2679/737 2051/2684/742 1873/2601/660
f 1827/2685/743 1943/2686/744 2075/2687/745 1929/2688/746
f 1943/2686/744 1825/2689/747 1938/2690/748 2075/2687/745
f 2075/2687/745 1938/2690/748 1799/2691/749 1920/2692/750
f 1929/2688/746 2075/2687/745 1920/2692/750 1817/2693/751
f 1852/2694/752 1942/2695/753 2076/2696/754 2024/2697/755
f 1942/2695/753 1802/2698/756 2008/2699/757 2076/2696/754
f 2077/2700/758 2076/2696/754 2008/2699/757 1995/2624/683
f 2116/2701/759 1984/2702/760 1976/2703/761 2118/2704/762
f 1811/2705/763 2043/2706/764 2044/2707/765 1835/2708/766
f 1818/2709/767 1891/2710/768 1988/2711/769 1843/2712/770
f 2109/2629/688 2079/2628/687 2020/2639/698 2000/2642/701
f 2022/2713/771 2124/2714/772 2112/2715/773 2003/2603/662
f 2126/2716/774 2144/2717/775 2046/2718/776 1897/2719/777
f 2117/2720/778 1972/2721/779 1994/2722/780 2089/2723/781
f 1850/2724/731 2021/2725/782 2077/2700/758 1906/2726/732
f 1906/2726/732 2077/2700/758 1995/2624/683 1803/2623/682
f 2155/2727/783 1991/2728/784 1974/2729/785 2154/2730/786
f 2078/2731/787 2009/2732/788 1804/2733/789 1968/2734/790
f 2015/2735/791 2078/2731/787 1968/2734/790 1853/2736/792
f 2079/2628/687 2018/2627/686 1808/2737/793 1945/2738/794
f 2020/2639/698 2079/2628/687 1945/2738/794 1829/2739/795
f 1833/2740/796 1951/2741/797 2080/2742/798 1926/2743/799
f 1951/2741/797 1831/2744/693 1947/2745/800 2080/2742/798
f 2080/2742/798 1947/2745/800 1807/2746/801 1924/2747/802
f 1926/2743/799 2080/2742/798 1924/2747/802 1821/2748/664
f 1833/2740/796 1926/2743/799 1967/2749/803 1848/2750/804
f 1988/2711/769 1891/2710/768 1854/2751/805 1857/2752/806
f 1854/2751/805 1891/2710/768 2081/2753/807 1882/2754/808
f 1891/2710/768 1818/2709/767 1952/2755/809 2081/2753/807
f 2081/2753/807 1952/2755/809 1802/2756/756 1942/2757/753
f 1882/2754/808 2081/2753/807 1942/2757/753 1852/2758/752
f 1967/2749/803 1926/2743/799 1821/2748/664 1840/2759/663
f 1827/2685/743 1929/2688/746 1966/2760/810 1846/2761/811
f 1795/2762/812 1937/2763/813 2082/2620/679 1977/2619/678
f 1937/2763/813 1824/2764/814 2005/2765/815 2082/2620/679
f 1802/2698/756 1913/2766/816 2083/2631/690 2008/2699/757
f 1913/2766/816 1830/2767/817 1909/2632/691 2083/2631/690
f 1966/2760/810 1929/2688/746 1817/2693/751 1838/2768/818
f 1855/2668/727 1930/2671/730 1965/2769/819 1856/2770/820
f 1965/2769/819 1930/2671/730 1819/2676/734 1839/2771/821
f 1871/2647/706 1932/2650/709 1964/2772/822 1872/2773/823
f 1989/2774/824 2144/2717/775 2126/2716/774 1979/2775/825
f 1964/2772/822 1932/2650/709 1815/2655/714 1837/2776/826
f 1842/2777/827 1812/2610/669 2029/2607/666 2030/2778/828
f 1798/2779/829 2013/2780/830 2084/2781/831 1972/2721/779
f 2013/2780/830 1852/2694/752 2024/2697/755 2084/2781/831
f 1815/2655/714 1940/2782/832 1962/2783/833 1837/2776/826
f 2030/2778/828 2029/2607/666 1863/2606/665 1864/2784/834
f 1962/2783/833 1940/2782/832 1827/2685/743 1846/2761/811
f 1819/2676/734 1949/2785/835 1960/2786/836 1839/2771/821
f 1862/2596/655 2032/2787/837 2085/2788/838 2038/2789/839
f 2032/2787/837 1859/2790/840 1934/2791/841 2085/2788/838
f 2085/2788/838 1934/2791/841 1791/2792/842 1892/2793/843
f 2038/2789/839 2085/2788/838 1892/2793/843 1813/2794/844
f 1832/2795/845 1971/2796/846 2086/2797/847 1959/2798/848
f 1971/2796/846 1820/2799/849 1884/2800/850 2086/2797/847
f 2086/2801/847 1884/2802/850 1806/2803/851 1923/2804/852
f 1959/2798/848 2086/2797/847 1923/2805/852 1830/2806/817
f 1815/2655/714 1918/2654/713 2087/2807/853 1940/2782/832
f 1918/2654/713 1794/2653/712 1903/2808/854 2087/2807/853
f 2087/2807/853 1903/2808/854 1825/2689/747 1943/2686/744
f 1940/2782/832 2087/2807/853 1943/2686/744 1827/2685/743
f 1853/2809/792 1968/2810/790 2088/2811/855 2014/2812/856
f 1968/2810/790 1804/2813/789 1902/2814/857 2088/2811/855
f 2088/2811/855 1902/2814/857 1843/2712/770 1988/2711/769
f 2014/2812/856 2088/2811/855 1988/2711/769 1857/2752/806
f 1825/2815/747 1992/2816/858 2089/2723/781 1938/2817/748
f 1938/2817/748 2089/2723/781 1994/2722/780 1799/2818/749
f 1960/2786/836 1949/2785/835 1833/2740/796 1848/2750/804
f 1814/2819/859 1954/2820/860 2051/2684/742 1836/2683/741
f 1870/2598/657 1954/2820/860 2090/2821/861 1931/2822/862
f 1954/2820/860 1814/2819/859 1948/2823/863 2090/2821/861
f 2090/2821/861 1948/2823/863 1795/2824/812 1980/2825/864
f 1931/2822/862 2090/2821/861 1980/2825/864 1866/2826/865
f 1865/2597/656 1862/2596/655 2038/2789/839 2028/2827/866
f 2051/2684/742 1954/2820/860 1870/2598/657 1873/2601/660
f 1819/2676/734 1922/2675/733 2091/2828/867 1949/2785/835
f 1922/2675/733 1803/2674/682 1914/2829/685 2091/2828/867
f 2091/2828/867 1914/2829/685 1831/2744/693 1951/2741/797
f 1949/2785/835 2091/2828/867 1951/2741/797 1833/2740/796
f 2092/2662/721 1908/2661/720 1800/2830/868 1901/2831/869
f 1978/2832/870 2092/2662/721 1901/2831/869 1823/2833/871
f 1831/2634/693 1998/2633/692 2093/2834/702 1947/2835/800
f 1947/2836/800 2093/2643/702 2001/2646/705 1807/2837/801
f 2028/2827/866 2038/2789/839 1813/2794/844 1845/2838/866
f 1820/2799/849 1971/2796/846 1986/2839/872 1844/2840/873
f 1805/2841/874 1905/2842/875 2094/2843/876 1944/2844/877
f 1905/2842/875 1839/2771/821 1960/2786/836 2094/2843/876
f 2094/2843/876 1960/2786/836 1848/2750/804 1950/2845/878
f 1944/2844/877 2094/2843/876 1950/2845/878 1828/2846/879
f 1826/2847/880 1919/2848/881 1987/2849/882 1847/2850/883
f 1986/2839/872 1971/2796/846 1832/2795/845 1849/2851/884
f 1796/2852/885 1893/2853/886 2095/2854/887 1935/2855/888
f 1893/2853/886 1837/2776/826 1962/2783/833 2095/2854/887
f 2095/2854/887 1962/2783/833 1846/2761/811 1941/2856/889
f 1935/2855/888 2095/2854/887 1941/2856/889 1822/2857/890
f 1816/2858/891 1953/2859/892 1981/2860/893 1841/2861/894
f 1987/2849/882 1919/2848/881 1814/2819/859 1836/2683/741
f 1860/2862/895 2026/2863/896 2096/2864/897 2037/2865/898
f 2026/2863/896 1793/2866/899 1955/2867/900 2096/2864/897
f 2096/2864/897 1955/2867/900 1842/2777/827 2030/2778/828
f 2037/2865/898 2096/2864/897 2030/2778/828 1864/2784/834
f 1868/2868/901 2047/2869/902 2097/2870/903 1896/2871/904
f 2047/2869/902 1872/2773/823 1964/2772/822 2097/2870/903
f 2097/2870/903 1964/2772/822 1837/2776/826 1893/2853/886
f 1896/2871/904 2097/2870/903 1893/2853/886 1796/2852/885
f 1851/2872/905 2019/2873/906 2098/2874/907 2007/2875/908
f 2019/2873/906 1856/2770/820 1965/2769/819 2098/2874/907
f 2098/2874/907 1965/2769/819 1839/2771/821 1905/2842/875
f 2007/2875/908 2098/2874/907 1905/2842/875 1805/2841/874
f 1822/2857/890 1941/2856/889 2099/2876/909 1900/2877/910
f 1941/2856/889 1846/2761/811 1966/2760/810 2099/2876/909
f 2099/2876/909 1966/2760/810 1838/2768/818 1899/2878/911
f 1900/2877/910 2099/2876/909 1899/2878/911 1801/2879/912
f 1828/2880/879 1950/2881/878 2100/2882/913 1912/2883/914
f 1950/2845/878 1848/2750/804 1967/2749/803 2100/2884/913
f 2100/2884/913 1967/2749/803 1840/2759/663 1911/2885/915
f 1912/2883/914 2100/2882/913 1911/2886/915 1809/2887/916
f 1970/2617/676 2119/2888/917 2113/2889/918 2036/2618/677
f 2082/2620/679 2005/2765/815 1992/2816/858 2103/2621/680
f 1817/2693/751 2011/2890/919 2012/2891/920 1838/2768/818
f 1981/2860/893 1953/2859/892 1826/2847/880 1847/2850/883
f 1997/2892/921 2009/2732/788 2078/2731/787 2114/2893/922
f 1982/2894/923 1999/2895/924 2147/2896/925 2143/2897/926
f 2046/2898/776 2115/2899/927 2122/2900/928 1897/2901/777
f 1787/2902/929 1999/2903/924 2101/2666/725 1885/2904/930
f 2135/2667/726 2101/2666/725 1999/2903/924 1982/2905/923
f 2016/2906/931 2015/2735/791 2123/2907/932 2130/2908/933
f 1885/2904/930 2101/2666/725 2031/2665/724 1859/2909/840
f 1826/2847/880 1953/2859/892 2102/2910/934 1921/2911/935
f 1953/2859/892 1816/2858/891 1925/2912/936 2102/2910/934
f 2102/2910/934 1925/2912/936 1798/2913/829 1956/2914/937
f 1921/2911/935 2102/2910/934 1956/2914/937 1824/2915/814
f 1794/2916/712 1983/2622/681 2103/2621/680 1903/2917/854
f 1903/2917/854 2103/2621/680 1992/2816/858 1825/2815/747
f 2104/2918/700 2151/2919/699 2009/2732/788 1997/2892/921
f 1997/2892/921 1805/2920/874 1944/2921/877 2104/2918/700
f 2104/2641/700 1944/2922/877 1828/2880/879 2000/2642/701
f 1978/2832/870 2105/2657/716 2106/2656/715 1993/2923/938
f 2105/2657/716 1978/2832/870 1823/2833/871 1917/2924/939
f 1975/2658/717 2105/2657/716 1917/2924/939 1797/2925/739
f 1990/2659/718 1796/2926/885 1935/2927/888 2106/2656/715
f 2106/2656/715 1935/2927/888 1822/2928/890 1993/2923/938
f 2107/2929/940 2152/2930/941 1927/2931/942 2002/2602/661
f 2107/2929/940 2002/2602/661 1821/2605/664 1924/2932/802
f 2001/2646/705 2107/2929/940 1924/2932/802 1807/2837/801
f 1818/2709/767 1969/2933/943 2108/2934/944 1952/2755/809
f 1969/2933/943 1832/2795/845 1959/2798/848 2108/2934/944
f 2108/2934/944 1959/2798/848 1830/2806/817 1913/2935/816
f 1952/2755/809 2108/2934/944 1913/2935/816 1802/2756/756
f 2000/2642/701 1828/2880/879 1912/2883/914 2109/2629/688
f 2109/2629/688 1912/2883/914 1809/2887/916 2004/2630/689
f 1804/2813/789 1958/2936/945 2110/2937/946 1902/2814/857
f 1958/2936/945 1829/2938/795 1961/2939/947 2110/2937/946
f 2110/2937/946 1961/2939/947 1849/2851/884 2050/2940/948
f 1902/2814/857 2110/2937/946 2050/2940/948 1843/2712/770
f 2111/2663/722 2092/2662/721 1978/2832/870 1993/2923/938
f 1993/2923/938 1822/2928/890 1900/2941/910 2111/2663/722
f 2111/2663/722 1900/2941/910 1801/2942/912 1996/2660/719
f 2112/2715/773 2124/2714/772 2018/2627/686 2004/2630/689
f 2112/2715/773 2004/2630/689 1809/2887/916 1911/2886/915
f 2003/2603/662 2112/2715/773 1911/2886/915 1840/2604/663
f 1998/2633/692 1909/2632/691 2121/2943/703 2093/2834/702
f 2021/2725/782 2024/2697/755 2076/2696/754 2077/2700/758
f 2035/2664/723 2116/2701/759 2118/2704/762 2031/2665/724
f 2113/2889/918 2119/2888/917 1974/2729/785 1991/2728/784
f 2113/2889/918 1991/2728/784 1793/2944/899 2026/2945/896
f 2036/2618/677 2113/2889/918 2026/2945/896 1860/2946/895
f 2114/2893/922 2078/2731/787 2015/2735/791 2016/2906/931
f 2016/2906/931 1851/2947/905 2007/2948/908 2114/2893/922
f 2114/2893/922 2007/2948/908 1805/2920/874 1997/2892/921
f 2005/2765/815 2117/2720/778 2089/2723/781 1992/2816/858
f 2046/2898/776 1868/2949/901 1896/2950/904 2115/2899/927
f 2115/2899/927 1896/2950/904 1796/2926/885 1990/2659/718
f 1861/2951/673 1888/2952/672 2116/2701/759 2035/2664/723
f 1888/2952/672 1790/2953/671 1984/2702/760 2116/2701/759
f 1824/2764/814 1956/2954/937 2117/2720/778 2005/2765/815
f 1956/2954/937 1798/2779/829 1972/2721/779 2117/2720/778
f 1859/2909/840 2031/2665/724 2118/2704/762 1934/2955/841
f 1934/2955/841 2118/2704/762 1976/2703/761 1791/2956/842
f 2008/2699/757 2083/2631/690 2071/2625/684 1995/2624/683
f 1970/2617/676 1858/2957/949 2025/2958/950 2119/2888/917
f 2119/2888/917 2025/2958/950 1792/2959/951 1974/2729/785
f 1829/2739/795 1945/2738/794 2120/2960/952 1961/2961/947
f 1945/2738/794 1808/2737/793 1928/2962/953 2120/2960/952
f 2120/2963/952 1928/2964/953 1844/2840/873 1986/2839/872
f 1961/2939/947 2120/2963/952 1986/2839/872 1849/2851/884
f 2128/2638/697 2153/2637/696 1977/2619/678 1983/2622/681
f 1830/2767/817 1923/2965/852 2121/2943/703 1909/2632/691
f 1923/2804/852 1806/2803/851 2010/2645/704 2121/2644/703
f 2122/2900/928 1975/2658/717 1797/2925/739 1910/2966/736
f 1897/2901/777 2122/2900/928 1910/2966/736 1869/2967/735
f 2130/2908/933 2123/2907/932 1908/2661/720 1996/2660/719
f 2010/2645/704 2152/2930/941 2107/2929/940 2001/2646/705
f 2123/2907/932 2015/2735/791 1853/2736/792 1939/2968/954
f 1908/2661/720 2123/2907/932 1939/2968/954 1800/2830/868
f 2022/2713/771 1844/2969/873 1928/2962/953 2124/2714/772
f 2124/2714/772 1928/2962/953 1808/2737/793 2018/2627/686
f 2122/2900/928 2115/2899/927 1990/2659/718 1975/2658/717
f 1823/2970/871 1901/2971/869 2125/2972/955 1957/2973/956
f 1901/2971/869 1800/2974/868 1936/2975/957 2125/2972/955
f 2125/2972/955 1936/2975/957 1841/2861/894 1981/2860/893
f 1957/2973/956 2125/2972/955 1981/2860/893 1847/2850/883
f 2143/2976/926 2147/2977/925 1894/2636/695 2045/2635/694
f 2126/2716/774 1897/2719/777 1869/2978/735 2040/2979/958
f 1979/2775/825 2126/2716/774 2040/2979/958 1789/2980/959
f 1814/2819/859 1919/2848/881 2127/2981/960 1948/2823/863
f 1919/2848/881 1826/2847/880 1921/2911/935 2127/2981/960
f 2127/2981/960 1921/2911/935 1824/2915/814 1937/2982/813
f 1948/2823/863 2127/2981/960 1937/2982/813 1795/2824/812
f 1867/2983/710 2045/2635/694 2128/2638/697 2041/2984/711
f 2041/2984/711 2128/2638/697 1983/2622/681 1794/2916/712
f 1800/2974/868 1939/2985/954 2129/2986/961 1936/2975/957
f 1939/2985/954 1853/2809/792 2014/2812/856 2129/2986/961
f 2129/2986/961 2014/2812/856 1857/2752/806 2017/2987/962
f 1936/2975/957 2129/2986/961 2017/2987/962 1841/2861/894
f 1996/2660/719 1801/2942/912 1907/2988/963 2130/2908/933
f 2130/2908/933 1907/2988/963 1851/2947/905 2016/2906/931
f 1801/2879/912 1899/2878/911 2131/2989/964 1907/2990/963
f 1899/2878/911 1838/2768/818 2012/2891/920 2131/2989/964
f 2131/2989/964 2012/2891/920 1856/2770/820 2019/2873/906
f 1907/2990/963 2131/2989/964 2019/2873/906 1851/2872/905
f 2012/2891/920 2011/2890/919 1855/2668/727 1856/2770/820
f 1854/2751/805 2052/2991/965 2017/2987/962 1857/2752/806
f 1799/2818/749 1994/2722/780 2132/2992/966 2006/2993/967
f 2132/2992/966 2084/2781/831 2024/2697/755 2021/2725/782
f 2006/2993/967 2132/2992/966 2021/2725/782 1850/2724/731
f 1864/2784/834 1863/2606/665 1933/2994/968 1963/2995/969
f 2017/2987/962 2052/2991/965 1816/2858/891 1841/2861/894
f 1817/2693/751 1920/2692/750 2133/2996/970 2011/2890/919
f 1920/2692/750 1799/2691/749 2006/2997/967 2133/2996/970
f 2133/2996/970 2006/2997/967 1850/2672/731 2023/2669/728
f 2011/2890/919 2133/2996/970 2023/2669/728 1855/2668/727
f 1810/2592/651 2034/2599/658 2134/2998/971 1946/2999/972
f 2034/2599/658 1870/2598/657 1931/2822/862 2134/2998/971
f 2134/2998/971 1931/2822/862 1866/2826/865 1904/3000/973
f 1946/2999/972 2134/2998/971 1904/3000/973 1787/3001/929
f 1786/3002/974 2027/3003/975 2135/2667/726 1982/2905/923
f 2027/3003/975 1861/2951/673 2035/2664/723 2135/2667/726
f 2158/3004/976 2156/3005/977 2067/3006/978 2068/3007/979
f 2136/2615/674 2036/2618/677 1860/2946/895 1886/3008/980
f 1989/3009/824 2136/2615/674 1886/3008/980 1788/3010/981
f 1979/3011/825 1789/3012/959 1889/3013/982 2137/2616/675
f 2137/2616/675 1889/3013/982 1858/2957/949 1970/2617/676
f 1788/3014/981 1886/3015/980 2138/3016/983 1887/3017/984
f 1886/3015/980 1860/2862/895 2037/2865/898 2138/3016/983
f 2138/3016/983 2037/2865/898 1864/2784/834 1963/2995/969
f 1887/3017/984 2138/3016/983 1963/2995/969 1835/2708/766
f 1927/2931/942 2022/2713/771 2003/2603/662 2002/2602/661
f 1963/2995/969 1933/2994/968 1811/2705/763 1835/2708/766
f 1816/2858/891 2052/2991/965 2139/3018/985 1925/2912/936
f 2052/2991/965 1854/2751/805 1882/2754/808 2139/3018/985
f 2139/3018/985 1882/2754/808 1852/2758/752 2013/3019/830
f 1925/2912/936 2139/3018/985 2013/3019/830 1798/2913/829
f 1789/3020/959 1883/3021/986 2140/3022/987 1889/3023/982
f 1883/3021/986 1834/2595/654 1973/2594/653 2140/3022/987
f 2140/3022/987 1973/2594/653 1865/2597/656 2053/3024/988
f 1889/3023/982 2140/3022/987 2053/3024/988 1858/3025/949
f 1811/2705/763 1933/2994/968 2141/3026/989 1916/3027/990
f 1933/2994/968 1863/2606/665 2039/2609/668 2141/3026/989
f 2141/3026/989 2039/2609/668 1861/2614/673 2027/3028/975
f 1916/3027/990 2141/3026/989 2027/3028/975 1786/3029/974
f 1789/3020/959 2040/3030/958 2142/3031/991 1883/3021/986
f 2040/3030/958 1869/2677/735 2048/2680/738 2142/3031/991
f 2142/3031/991 2048/2680/738 1873/2601/660 2033/2600/659
f 1883/3021/986 2142/3031/991 2033/2600/659 1834/2595/654
f 1786/3002/974 1982/2905/923 2143/2976/926 1895/3032/992
f 1895/3032/992 2143/2976/926 2045/2635/694 1867/2983/710
f 1989/2774/824 1788/3033/981 2042/3034/993 2144/2717/775
f 2144/2717/775 2042/3034/993 1868/3035/901 2046/2718/776
f 1788/3014/981 1887/3017/984 2145/3036/994 2042/3037/993
f 1887/3017/984 1835/2708/766 2044/2707/765 2145/3036/994
f 2145/3036/994 2044/2707/765 1872/2773/823 2047/2869/902
f 2042/3037/993 2145/3036/994 2047/2869/902 1868/2868/901
f 2044/2707/765 2043/2706/764 1871/2647/706 1872/2773/823
f 1832/2795/845 1969/2933/943 2050/2940/948 1849/2851/884
f 1811/2705/763 1916/3027/990 2146/3038/995 2043/2706/764
f 1916/3027/990 1786/3029/974 1895/3039/992 2146/3038/995
f 2146/3038/995 1895/3039/992 1867/2651/710 2049/2648/707
f 2043/2706/764 2146/3038/995 2049/2648/707 1871/2647/706
f 1787/2902/929 1904/3040/973 2147/2977/925 1999/2903/924
f 1904/3040/973 1866/3041/865 1894/2636/695 2147/2977/925
f 1845/2838/866 1813/2794/844 2057/3042/996 2059/3043/997
f 2050/2940/948 1969/2933/943 1818/2709/767 1843/2712/770
f 1810/2592/651 1946/2999/972 2148/3044/998 1915/2593/652
f 1946/2999/972 1787/3001/929 1885/3045/930 2148/3044/998
f 2148/3044/998 1885/3045/930 1859/2790/840 2032/2787/837
f 1915/2593/652 2148/3044/998 2032/2787/837 1862/2596/655
f 1797/2681/739 1917/3046/939 2149/3047/999 1898/2682/740
f 1917/3046/939 1823/2970/871 1957/2973/956 2149/3047/999
f 2149/3047/999 1957/2973/956 1847/2850/883 1987/2849/882
f 1898/2682/740 2149/3047/999 1987/2849/882 1836/2683/741
f 1858/3025/949 2053/3024/988 2150/3048/1000 2025/3049/950
f 2053/3024/988 1865/2597/656 2028/2827/866 2150/3048/1000
f 2150/3048/1000 2028/2827/866 1845/2838/866 1985/3050/1001
f 2025/3049/950 2150/3048/1000 1985/3050/1001 1792/3051/951
f 2151/2640/699 2020/2639/698 1829/2739/795 1958/3052/945
f 2009/2732/788 2151/2919/699 1958/3053/945 1804/2733/789
f 2010/2645/704 1806/2803/851 1884/2802/850 2152/2930/941
f 2152/2930/941 1884/2802/850 1820/3054/849 1927/2931/942
f 1866/3041/865 1980/3055/864 2153/2637/696 1894/2636/695
f 1980/3055/864 1795/2762/812 1977/2619/678 2153/2637/696
f 1976/2703/761 1984/2702/760 2156/3005/977 2158/3004/976
f 1979/3011/825 2137/2616/675 2136/2615/674 1989/3009/824
f 1974/2729/785 1792/2959/951 2055/3056/1002 2154/2730/786
f 2154/2730/786 2055/3056/1002 1875/3057/1003 2066/3058/1004
f 2062/3059/1005 2155/2727/783 2154/2730/786 2066/3058/1004
f 2155/2727/783 2062/3059/1005 1881/3060/1006 2054/3061/1007
f 1991/2728/784 2155/2727/783 2054/3061/1007 1793/2944/899
f 1790/2953/671 2060/3062/1008 2156/3005/977 1984/2702/760
f 2060/3062/1008 1876/3063/1009 2067/3006/978 2156/3005/977
f 1792/3051/951 1985/3050/1001 2157/3064/1010 2055/3065/1002
f 1985/3050/1001 1845/2838/866 2059/3043/997 2157/3064/1010
f 2157/3064/1010 2059/3043/997 1874/3066/1011 2063/3067/1012
f 2055/3065/1002 2157/3064/1010 2063/3067/1012 1875/3068/1003
f 1791/2956/842 1976/2703/761 2158/3004/976 2061/3069/1013
f 2061/3069/1013 2158/3004/976 2068/3007/979 1878/3070/1014
f 2059/3043/997 2057/3042/996 1879/3071/1015 1874/3066/1011
f 1877/3072/1016 2056/3073/669 2058/3074/827 1880/3075/1017
f 1793/2866/899 2054/3076/1007 2159/3077/1018 1955/2867/900
f 2054/3076/1007 1881/3078/1006 2069/3079/1019 2159/3077/1018
f 2159/3077/1018 2069/3079/1019 1880/3075/1017 2058/3074/827
f 1955/2867/900 2159/3077/1018 2058/3074/827 1842/2777/827
f 1813/2794/844 1892/2793/843 2160/3080/1020 2057/3042/996
f 1892/2793/843 1791/2792/842 2061/3081/1013 2160/3080/1020
f 2160/3080/1020 2061/3081/1013 1878/3082/1014 2064/3083/1021
f 2057/3042/996 2160/3080/1020 2064/3083/1021 1879/3071/1015
f 2058/3074/827 2056/3073/669 1812/2610/669 1842/2777/827
f 1812/2610/669 2056/3073/669 2161/3084/1022 1890/2611/670
f 2056/3073/669 1877/3072/1016 2065/3085/1023 2161/3084/1022
f 2161/3084/1022 2065/3085/1023 1876/3086/1009 2060/3087/1008
f 1890/2611/670 2161/3084/1022 2060/3087/1008 1790/2612/671
f 1972/2721/779 2084/2781/831 2132/2992/966 1994/2722/780
f 1820/3054/849 1844/2969/873 2022/2713/771 1927/2931/942
f 2162/3088/1024 2163/3089/1025 2165/3090/1025 2164/3091/1024
f 2165/3090/1025 2163/3089/1025 2166/3092/1026 2167/3093/1026
f 2167/3093/1026 2166/3092/1026 2168/3094/1027 2169/3095/1027
f 2169/3095/1027 2168/3094/1027 2170/3096/1028 2171/3097/1028
f 2171/3097/1028 2170/3096/1028 2172/3098/1029 2173/3099/1029
f 2173/3099/1029 2172/3098/1029 2174/3100/1030 2175/3101/1031
f 2175/3101/1031 2174/3100/1030 2176/3102/1032 2177/3103/1032
f 2182/3104/1033 2181/3105/1033 2232/3106/1034 2236/3107/1035
f 2162/3088/1024 2164/3091/1024 2179/3108/1036 2178/3109/1036
f 2236/3107/1035 2232/3106/1034 2233/3110/1037 2180/3111/1038
f 2177/3103/1032 2176/3102/1032 2181/3105/1033 2182/3104/1033
f 2183/3112/1039 2185/3113/1039 2186/3114/1040 2184/3115/1040
f 2186/3114/1040 2188/3116/1041 2187/3117/1041 2184/3115/1040
f 2188/3116/1041 2190/3118/1042 2189/3119/1042 2187/3117/1041
f 2190/3118/1042 2192/3120/1043 2191/3121/1043 2189/3119/1042
f 2192/3120/1043 2194/3122/1044 2193/3123/1044 2191/3121/1043
f 2194/3122/1044 2196/3124/1045 2195/3125/1045 2193/3123/1044
f 2196/3124/1045 2198/3126/1046 2197/3127/1046 2195/3125/1045
f 2206/3128/1047 2200/3129/1048 2199/3130/1048 2205/3131/1047
f 2183/3112/1039 2201/3132/1049 2202/3133/1049 2185/3113/1039
f 2200/3129/1048 2204/3134/1050 2203/3135/1050 2199/3130/1048
f 2198/3126/1046 2206/3128/1047 2205/3131/1047 2197/3127/1046
f 2163/3136/1051 2162/3137/1051 2183/3138/1051 2184/3139/1051
f 2164/3140/1052 2165/3141/1052 2186/3142/1052 2185/3143/1052
f 2166/3144/1051 2163/3136/1051 2184/3139/1051 2187/3145/1051
f 2165/3141/1052 2167/3146/1052 2188/3147/1052 2186/3142/1052
f 2168/3148/1051 2166/3144/1051 2187/3145/1051 2189/3149/1051
f 2167/3146/1052 2169/3150/1052 2190/3151/1052 2188/3147/1052
f 2170/3152/1051 2168/3148/1051 2189/3149/1051 2191/3153/1051
f 2169/3150/1052 2171/3154/1052 2192/3155/1052 2190/3151/1052
f 2172/3156/1051 2170/3152/1051 2191/3153/1051 2193/3157/1051
f 2171/3154/1052 2173/3158/1052 2194/3159/1052 2192/3155/1052
f 2174/3160/1051 2172/3156/1051 2193/3157/1051 2195/3161/1051
f 2173/3158/1052 2175/3162/1052 2196/3163/1052 2194/3159/1052
f 2176/3164/1051 2174/3160/1051 2195/3161/1051 2197/3165/1051
f 2175/3162/1052 2177/3166/1052 2198/3167/1052 2196/3163/1052
f 2232/3168/1051 2181/3169/1051 2205/3170/1051 2199/3171/1051
f 2177/3166/1052 2182/3172/1052 2206/3173/1052 2198/3167/1052
f 2199/3174/1053 2212/3175/1054 2221/3176/1054 2231/3177/1053 2232/3178/1053
f 2179/3179/1052 2164/3140/1052 2185/3143/1052 2202/3180/1052
f 2162/3137/1051 2178/3181/1051 2201/3182/1051 2183/3138/1051
f 2181/3169/1051 2176/3164/1051 2197/3165/1051 2205/3170/1051
f 2182/3172/1052 2236/3183/1052 2200/3184/1052 2206/3173/1052
f 2237/3185/1055 2235/3186/1056 2210/3187/1052 2226/3188/1052 2228/3189/1052 2229/3190/1052 2230/3191/1052 2227/3192/1052
f 2237/3193/1057 2227/3194/1058 2216/3195/1058 2200/3196/1057 2236/3197/1057
f 2211/3198/1059 2207/3199/1060 2209/3200/1060 2222/3201/1059
f 2204/3134/1051 2200/3129/1051 2216/3202/1051 2218/3203/1051 2219/3204/1051 2220/3205/1051 2217/3206/1051 2208/3207/1051
f 2208/3208/1060 2217/3209/1059 2226/3210/1059 2210/3211/1060
f 2226/3210/1059 2217/3209/1059 2220/3212/1061 2228/3213/1061
f 2228/3213/1061 2220/3212/1061 2219/3214/1062 2229/3215/1062
f 2229/3215/1062 2219/3214/1062 2218/3216/1063 2230/3217/1063
f 2230/3217/1063 2218/3216/1063 2216/3195/1058 2227/3194/1058
f 2221/3176/1054 2212/3175/1054 2215/3218/1064 2223/3219/1064
f 2223/3219/1064 2215/3218/1064 2214/3220/1062 2224/3221/1062
f 2224/3221/1062 2214/3220/1062 2213/3222/1061 2225/3223/1061
f 2225/3223/1061 2213/3222/1061 2211/3198/1059 2222/3201/1059
f 2199/3130/1052 2203/3135/1052 2207/3224/1052 2211/3225/1052 2213/3226/1052 2214/3227/1052 2215/3228/1052 2212/3229/1052
f 2231/3230/1065 2234/3231/1066 2233/3110/1037 2232/3106/1034
f 2235/3186/1056 2237/3185/1055 2236/3107/1035 2180/3111/1038
f 2234/3231/1066 2231/3230/1065 2221/3232/1051 2223/3233/1051 2224/3234/1051 2225/3235/1051 2222/3236/1051 2209/3237/1051
f 2245/3238/1067 2253/3239/1067 2246/3240/1068 2238/3241/1068
f 2240/3242/1069 2248/3243/1069 2249/3244/1070 2241/3245/1070
f 2241/3245/1070 2249/3244/1070 2250/3246/1053 2242/3247/1053
f 2242/3248/1053 2250/3249/1053 2251/3250/1071 2243/3251/1071
f 2243/3251/1071 2251/3250/1071 2252/3252/1072 2244/3253/1072
f 2244/3253/1072 2252/3252/1072 2253/3239/1067 2245/3238/1067
f 2238/3241/1068 2246/3240/1068 2247/3254/1073 2239/3255/1073
f 2238/3256/1052 2239/3257/1052 2240/3258/1052 2241/3259/1052 2242/3260/1052 2243/3261/1052 2244/3262/1052 2245/3263/1052
f 2239/3255/1073 2247/3254/1073 2248/3243/1069 2240/3242/1069
o AK_Buttstock_lp
v -2.290926 -0.149924 0.083529
v -2.290926 -0.239709 0.025086
v -2.290926 -0.218447 0.055460
v -2.290926 -0.187045 0.076026
v -1.106195 0.160865 0.083529
v -1.106195 0.123744 0.076026
v -1.106195 0.092342 0.055460
v -1.106195 0.071080 0.025086
v -2.290926 0.173867 0.083528
v -2.290926 0.221919 0.082414
v -2.290926 0.266862 0.065373
v -2.290926 0.283903 0.020431
v -1.106195 0.173867 0.083529
v -1.106195 0.283903 0.020431
v -1.106195 0.266862 0.065373
v -1.106195 0.221919 0.082414
v -1.502256 0.124915 0.083529
v -1.492019 0.172036 0.082414
v -1.482446 0.216107 0.065373
v -1.478816 0.232817 0.020431
v -1.545407 0.138134 0.083529
v -1.507015 0.241456 0.020431
v -1.512961 0.225455 0.065373
v -1.528641 0.183254 0.082414
v -1.626671 0.173867 0.083529
v -1.616573 0.221919 0.082414
v -1.607128 0.266862 0.065373
v -1.603547 0.283903 0.020431
v -1.356765 0.126930 0.083529
v -1.382656 0.234070 0.020431
v -1.378646 0.217477 0.065373
v -1.368071 0.173717 0.082414
v -1.451931 0.118307 0.083529
v -1.449075 0.166397 0.082414
v -1.446403 0.211374 0.065373
v -1.445390 0.228428 0.020431
v -1.202642 0.173867 0.083529
v -1.209797 0.221919 0.082414
v -1.216489 0.266862 0.065373
v -1.219026 0.283903 0.020431
v -1.401177 0.118912 0.083529
v -1.405764 0.166913 0.082414
v -1.410054 0.211807 0.065373
v -1.411680 0.228830 0.020431
v -2.290926 -0.149924 -0.083528
v -2.290926 -0.239709 -0.025086
v -2.290926 -0.218447 -0.055460
v -2.290926 -0.187045 -0.076026
v -1.106195 0.160865 -0.083528
v -1.106195 0.123744 -0.076026
v -1.106195 0.092342 -0.055460
v -1.106195 0.071080 -0.025086
v -2.290926 0.173867 -0.083528
v -2.290926 0.221919 -0.082414
v -2.290926 0.266862 -0.065373
v -2.290926 0.283903 -0.020431
v -1.106195 0.173867 -0.083528
v -1.106195 0.283903 -0.020431
v -1.106195 0.266862 -0.065373
v -1.106195 0.221919 -0.082414
v -1.502256 0.124915 -0.083528
v -1.492019 0.172036 -0.082414
v -1.482446 0.216107 -0.065373
v -1.478816 0.232817 -0.020431
v -1.545407 0.138134 -0.083528
v -1.507015 0.241456 -0.020431
v -1.512961 0.225455 -0.065373
v -1.528641 0.183254 -0.082414
v -1.626671 0.173867 -0.083528
v -1.616573 0.221919 -0.082414
v -1.607128 0.266862 -0.065373
v -1.603547 0.283903 -0.020431
v -1.356765 0.126930 -0.083528
v -1.382656 0.234070 -0.020431
v -1.378646 0.217477 -0.065373
v -1.368071 0.173717 -0.082414
v -1.451931 0.118307 -0.083528
v -1.449075 0.166397 -0.082414
v -1.446403 0.211374 -0.065373
v -1.445390 0.228428 -0.020431
v -1.202642 0.173867 -0.083528
v -1.209797 0.221919 -0.082414
v -1.216489 0.266862 -0.065373
v -1.219026 0.283903 -0.020431
v -1.401177 0.118912 -0.083528
v -1.405764 0.166913 -0.082414
v -1.410054 0.211807 -0.065373
v -1.411680 0.228830 -0.020431
v -2.290926 -0.245128 0.000000
v -1.106195 0.065661 0.000000
v -1.603448 0.284377 0.000000
v -2.290926 0.284377 0.000000
v -1.506850 0.241901 0.000000
v -1.478715 0.233282 0.000000
v -1.445362 0.228903 0.000000
v -1.411725 0.229303 0.000000
v -1.382768 0.234531 0.000000
v -1.219097 0.284377 0.000000
v -1.106195 0.284377 0.000000
v -2.290926 -0.138367 0.072221
v -2.290926 -0.222031 0.021690
v -2.290926 -0.202218 0.047952
v -2.290926 -0.172958 0.065734
v -2.290926 0.163353 0.072221
v -2.290926 0.208130 0.071257
v -2.290926 0.250009 0.056524
v -2.290926 0.265888 0.017665
v -2.290926 -0.138367 -0.072221
v -2.290926 -0.222031 -0.021690
v -2.290926 -0.202218 -0.047952
v -2.290926 -0.172958 -0.065734
v -2.290926 0.163353 -0.072221
v -2.290926 0.208130 -0.071257
v -2.290926 0.250009 -0.056524
v -2.290926 0.265888 -0.017665
v -2.290926 -0.227081 0.000000
v -2.290926 0.266330 0.000000
v -2.320508 -0.202218 0.047952
v -2.320508 -0.222031 0.021690
v -2.320508 -0.172958 0.065734
v -2.320508 -0.138367 0.072221
v -2.320508 0.266330 0.000000
v -2.320508 0.265888 0.017665
v -2.320508 0.250009 0.056524
v -2.320508 0.208130 0.071257
v -2.320508 0.163353 0.072221
v -2.320508 -0.227081 0.000000
v -2.320508 -0.202218 -0.047952
v -2.320508 -0.222031 -0.021690
v -2.320508 -0.172958 -0.065734
v -2.320508 -0.138367 -0.072221
v -2.320508 0.265888 -0.017665
v -2.320508 0.250009 -0.056524
v -2.320508 0.208130 -0.071257
v -2.320508 0.163353 -0.072221
v -2.290926 0.012493 0.072221
v -2.320508 0.012493 0.072221
v -2.290926 0.012493 -0.072221
v -2.320508 0.012493 -0.072221
v -2.320508 0.042700 0.000000
v -2.320508 0.012493 -0.030207
v -2.320508 -0.017714 0.000000
v -2.320508 0.012493 0.030207
v -2.320508 0.033853 -0.021359
v -2.320508 -0.008866 -0.021359
v -2.320508 -0.008866 0.021360
v -2.320508 0.033853 0.021360
v -2.320508 0.040857 0.028364
v -2.320508 0.052606 0.000000
v -2.320508 0.040857 -0.028364
v -2.320508 0.012493 -0.040112
v -2.320508 -0.015870 -0.028364
v -2.320508 -0.027619 0.000000
v -2.320508 -0.015870 0.028364
v -2.320508 0.012493 0.040112
v -2.312326 0.033853 -0.021359
v -2.312325 0.012493 0.000000
v -2.312326 0.033853 0.021360
v -2.312326 -0.008866 -0.021359
v -2.312326 -0.008866 0.021360
v -2.312326 0.042700 0.000000
v -2.312326 0.012493 -0.030207
v -2.312326 -0.017714 0.000000
v -2.312326 0.012493 0.030207
vn -1.0000 -0.0000 -0.0000
vn 0.0219 -0.0834 0.9963
vn -0.0000 0.0116 0.9999
vn -0.0018 0.0124 0.9999
vn -0.0027 0.0113 0.9999
vn -0.0011 0.0115 0.9999
vn 0.0007 0.0115 0.9999
vn 0.0025 0.0113 0.9999
vn 0.0040 0.0109 0.9999
vn 0.0026 0.0126 0.9999
vn 0.0303 -0.1155 0.9928
vn 0.2537 -0.9673 -0.0000
vn 0.2324 -0.8860 0.4011
vn 0.2349 -0.8955 0.3780
vn 0.1755 -0.6690 0.7222
vn 0.1834 -0.6992 0.6910
vn 0.0922 -0.3514 0.9317
vn 0.1058 -0.4033 0.9089
vn 0.2057 0.9786 -0.0000
vn -0.0000 1.0000 -0.0000
vn -0.0000 0.9815 0.1916
vn 0.2019 0.9606 0.1912
vn -0.0000 0.7071 0.7071
vn 0.1496 0.7119 0.6862
vn -0.0000 0.1916 0.9815
vn 0.0429 0.2043 0.9780
vn 0.0387 0.1782 0.9832
vn 0.0645 0.1737 0.9827
vn 0.1475 0.6792 0.7190
vn 0.2434 0.6551 0.7152
vn 0.2083 0.9587 0.1939
vn 0.3418 0.9197 0.1931
vn 0.0109 0.1835 0.9830
vn 0.0413 0.6957 0.7171
vn 0.0582 0.9794 0.1935
vn -0.0173 0.1816 0.9832
vn -0.0661 0.6919 0.7190
vn -0.0933 0.9766 0.1939
vn -0.0302 0.2025 0.9788
vn -0.0435 0.1801 0.9827
vn -0.1065 0.7151 0.6909
vn -0.1642 0.6793 0.7152
vn -0.1446 0.9710 0.1906
vn -0.2305 0.9537 0.1931
vn 0.3483 0.9374 -0.0000
vn -0.1473 0.9891 -0.0000
vn -0.2349 0.9720 -0.0000
vn -0.0951 0.9955 -0.0000
vn 0.0593 0.9982 -0.0000
vn 0.2123 0.9772 -0.0000
vn 0.0219 -0.0834 -0.9963
vn 0.0303 -0.1155 -0.9928
vn -0.0000 0.0116 -0.9999
vn 0.0026 0.0126 -0.9999
vn 0.0040 0.0108 -0.9999
vn 0.0025 0.0113 -0.9999
vn 0.0007 0.0115 -0.9999
vn -0.0011 0.0115 -0.9999
vn -0.0027 0.0113 -0.9999
vn -0.0018 0.0124 -0.9999
vn 0.2349 -0.8955 -0.3780
vn 0.2324 -0.8860 -0.4011
vn 0.1834 -0.6992 -0.6910
vn 0.1755 -0.6690 -0.7222
vn 0.1058 -0.4033 -0.9089
vn 0.0922 -0.3514 -0.9317
vn 0.2019 0.9606 -0.1912
vn -0.0000 0.9815 -0.1916
vn 0.1496 0.7119 -0.6862
vn -0.0000 0.7071 -0.7071
vn 0.0429 0.2043 -0.9780
vn -0.0000 0.1916 -0.9815
vn 0.0645 0.1737 -0.9827
vn 0.0387 0.1782 -0.9832
vn 0.2434 0.6551 -0.7152
vn 0.1475 0.6792 -0.7190
vn 0.3418 0.9197 -0.1931
vn 0.2083 0.9587 -0.1939
vn 0.0109 0.1835 -0.9830
vn 0.0413 0.6957 -0.7171
vn 0.0582 0.9794 -0.1935
vn -0.0173 0.1816 -0.9832
vn -0.0661 0.6919 -0.7190
vn -0.0933 0.9766 -0.1939
vn -0.0435 0.1801 -0.9827
vn -0.0302 0.2025 -0.9788
vn -0.1642 0.6793 -0.7152
vn -0.1065 0.7151 -0.6909
vn -0.2305 0.9537 -0.1931
vn -0.1446 0.9710 -0.1906
vn -0.0000 0.9788 -0.2050
vn -0.0000 0.0108 0.9999
vn -0.0000 0.1789 0.9839
vn -0.0000 0.6893 -0.7244
vn -0.0000 -0.0000 1.0000
vn -0.0000 -0.9058 0.4237
vn -0.0000 -0.6708 0.7417
vn -0.0000 0.1789 -0.9839
vn -0.0000 -1.0000 -0.0000
vn -0.0000 -0.3576 0.9339
vn -0.0000 0.0108 -0.9999
vn -0.0000 -0.0926 0.9957
vn -0.0000 -0.0000 -1.0000
vn -0.0000 -0.0926 -0.9957
vn -0.0000 -0.6708 -0.7417
vn -0.0000 -0.9058 -0.4237
vn -0.0000 0.9788 0.2050
vn -0.0000 -0.3576 -0.9339
vn -0.0000 0.6893 0.7244
vn -0.0000 -0.7071 0.7071
vn -0.0000 -0.7071 -0.7071
vt 0.750577 0.626476
vt 0.758318 0.628148
vt 0.767690 0.634708
vt 0.774035 0.644397
vt 0.776350 0.655851
vt 0.776350 0.755760
vt 0.776006 0.770586
vt 0.770748 0.784454
vt 0.756881 0.789712
vt 0.750577 0.789858
vt 0.367492 0.144753
vt 0.367536 0.148427
vt 0.340210 0.148478
vt 0.295048 0.134616
vt 0.278138 0.131287
vt 0.261440 0.131038
vt 0.244998 0.132846
vt 0.230943 0.136678
vt 0.204707 0.146676
vt 0.002184 0.146092
vt 0.002165 0.045117
vt 0.005996 0.002687
vt 0.371323 0.102321
vt 0.369648 0.110077
vt 0.004322 0.010441
vt 0.368274 0.121457
vt 0.002947 0.021821
vt 0.367666 0.133046
vt 0.002340 0.033411
vt 0.211437 0.196011
vt 0.002226 0.197090
vt 0.002197 0.190738
vt 0.210733 0.189762
vt 0.002166 0.175525
vt 0.209051 0.175569
vt 0.002170 0.160786
vt 0.207093 0.161264
vt 0.247848 0.148689
vt 0.235565 0.151638
vt 0.250436 0.164992
vt 0.239768 0.167012
vt 0.252566 0.181144
vt 0.242985 0.182685
vt 0.262296 0.147246
vt 0.262998 0.163773
vt 0.263658 0.180157
vt 0.277033 0.147597
vt 0.275687 0.164093
vt 0.274741 0.180215
vt 0.338336 0.162435
vt 0.290135 0.150040
vt 0.336689 0.176193
vt 0.286539 0.165496
vt 0.335215 0.189874
vt 0.284267 0.181057
vt 0.244176 0.189176
vt 0.367924 0.197003
vt 0.334612 0.195885
vt 0.368110 0.190899
vt 0.368213 0.176391
vt 0.367940 0.162274
vt 0.283514 0.187413
vt 0.274463 0.186660
vt 0.263957 0.186771
vt 0.253379 0.187652
vt 0.744273 0.789712
vt 0.730406 0.784454
vt 0.725148 0.770586
vt 0.724804 0.755760
vt 0.724804 0.655851
vt 0.727119 0.644397
vt 0.733465 0.634708
vt 0.742837 0.628148
vt 0.367492 0.249428
vt 0.002166 0.349065
vt 0.002185 0.248089
vt 0.204708 0.247506
vt 0.230943 0.257504
vt 0.244999 0.261336
vt 0.261440 0.263144
vt 0.278138 0.262895
vt 0.295048 0.259566
vt 0.340210 0.245704
vt 0.367536 0.245755
vt 0.005997 0.391497
vt 0.004322 0.383741
vt 0.369649 0.284104
vt 0.371323 0.291858
vt 0.002948 0.372362
vt 0.368274 0.272724
vt 0.002340 0.360772
vt 0.367666 0.261134
vt 0.211438 0.198172
vt 0.210734 0.204420
vt 0.002197 0.203444
vt 0.002227 0.197090
vt 0.209051 0.218614
vt 0.002166 0.218656
vt 0.207094 0.232918
vt 0.002170 0.233396
vt 0.235565 0.242544
vt 0.247848 0.245493
vt 0.239768 0.227170
vt 0.250436 0.229190
vt 0.242985 0.211497
vt 0.252566 0.213038
vt 0.262296 0.246935
vt 0.262998 0.230409
vt 0.263658 0.214025
vt 0.277033 0.246585
vt 0.275687 0.230089
vt 0.274741 0.213967
vt 0.290135 0.244142
vt 0.338336 0.231746
vt 0.286539 0.228686
vt 0.336689 0.217989
vt 0.284266 0.213124
vt 0.335215 0.204308
vt 0.244177 0.205007
vt 0.367924 0.197178
vt 0.368110 0.203283
vt 0.334612 0.198297
vt 0.368213 0.217791
vt 0.367940 0.231907
vt 0.283514 0.206768
vt 0.274463 0.207522
vt 0.263957 0.207411
vt 0.253379 0.206530
vt 0.853288 0.421120
vt 0.846595 0.419562
vt 0.838492 0.413449
vt 0.833005 0.404420
vt 0.831004 0.393747
vt 0.831004 0.347199
vt 0.840911 0.347199
vt 0.844536 0.355951
vt 0.853288 0.359576
vt 0.917029 0.572518
vt 0.917029 0.567065
vt 0.926158 0.567065
vt 0.926158 0.572518
vt 0.917029 0.618444
vt 0.917029 0.604624
vt 0.926158 0.604624
vt 0.926158 0.618444
vt 0.917029 0.554111
vt 0.926158 0.554111
vt 0.917029 0.664997
vt 0.926158 0.664997
vt 0.917029 0.743128
vt 0.917029 0.732976
vt 0.926158 0.732976
vt 0.926158 0.743128
vt 0.917029 0.540411
vt 0.926158 0.540411
vt 0.917029 0.750000
vt 0.926158 0.750000
vt 0.917029 0.722410
vt 0.926158 0.722410
vt 0.917029 0.526591
vt 0.926158 0.526591
vt 0.917029 0.711550
vt 0.926158 0.711550
vt 0.917029 0.480038
vt 0.917029 0.433485
vt 0.926158 0.433485
vt 0.926158 0.480038
vt 0.917029 0.412059
vt 0.917029 0.401907
vt 0.926158 0.401907
vt 0.926158 0.412059
vt 0.917029 0.577970
vt 0.926158 0.577970
vt 0.917029 0.395035
vt 0.926158 0.395035
vt 0.917029 0.422625
vt 0.926158 0.422625
vt 0.917029 0.590924
vt 0.926158 0.590924
vt 0.853288 0.334822
vt 0.844536 0.338447
vt 0.831004 0.300651
vt 0.831301 0.286835
vt 0.835847 0.273913
vt 0.847837 0.269013
vt 0.853288 0.268877
vt 0.862040 0.355951
vt 0.865665 0.347199
vt 0.875572 0.347199
vt 0.875572 0.393747
vt 0.873571 0.404420
vt 0.868084 0.413449
vt 0.859981 0.419562
vt 0.993544 0.943494
vt 0.993544 0.950636
vt 0.991017 0.950636
vt 0.991017 0.943494
vt 0.993544 0.900642
vt 0.993544 0.907784
vt 0.991017 0.907784
vt 0.991017 0.900642
vt 0.993544 0.922068
vt 0.993544 0.929210
vt 0.991017 0.929210
vt 0.991017 0.922068
vt 0.993544 0.936352
vt 0.991017 0.936352
vt 0.862040 0.338447
vt 0.858738 0.269013
vt 0.870728 0.273913
vt 0.875275 0.286835
vt 0.875572 0.300651
vt 0.853288 0.337878
vt 0.846697 0.340608
vt 0.859878 0.340608
vt 0.862608 0.347199
vt 0.859878 0.353789
vt 0.853288 0.356519
vt 0.846697 0.353789
vt 0.843967 0.347199
vt 0.294058 0.811967
vt 0.289013 0.806923
vt 0.297625 0.803356
vt 0.301192 0.811967
vt 0.289013 0.799788
vt 0.294057 0.794744
vt 0.301192 0.794744
vt 0.306236 0.799788
vt 0.306236 0.806923
vt 0.993544 0.914926
vt 0.991017 0.914926
vt 0.993544 0.893500
vt 0.991017 0.893500
s 1
usemtl Material.001
f 2342/3264/1074 2255/3265/1074 2256/3266/1074 2257/3267/1074 2254/3268/1074 2262/3269/1074 2263/3270/1074 2264/3271/1074 2265/3272/1074 2345/3273/1074
f 2258/3274/1075 2266/3275/1076 2290/3276/1077 2282/3277/1078 2294/3278/1079 2286/3279/1080 2270/3280/1081 2274/3281/1082 2278/3282/1083 2262/3283/1076 2254/3284/1084
f 2342/3285/1085 2343/3286/1085 2261/3287/1086 2255/3288/1087
f 2255/3288/1087 2261/3287/1086 2260/3289/1088 2256/3290/1089
f 2256/3290/1089 2260/3289/1088 2259/3291/1090 2257/3292/1091
f 2257/3292/1091 2259/3291/1090 2258/3274/1075 2254/3284/1084
f 2344/3293/1092 2345/3294/1093 2265/3295/1094 2281/3296/1095
f 2281/3296/1095 2265/3295/1094 2264/3297/1096 2280/3298/1097
f 2280/3298/1097 2264/3297/1096 2263/3299/1098 2279/3300/1099
f 2279/3300/1099 2263/3299/1098 2262/3283/1076 2278/3282/1083
f 2274/3281/1082 2270/3280/1081 2271/3301/1100 2277/3302/1101
f 2277/3302/1101 2271/3301/1100 2272/3303/1102 2276/3304/1103
f 2276/3304/1103 2272/3303/1102 2273/3305/1104 2275/3306/1105
f 2270/3280/1081 2286/3279/1080 2287/3307/1106 2271/3301/1100
f 2271/3301/1100 2287/3307/1106 2288/3308/1107 2272/3303/1102
f 2272/3303/1102 2288/3308/1107 2289/3309/1108 2273/3305/1104
f 2286/3279/1080 2294/3278/1079 2295/3310/1109 2287/3307/1106
f 2287/3307/1106 2295/3310/1109 2296/3311/1110 2288/3308/1107
f 2288/3308/1107 2296/3311/1110 2297/3312/1111 2289/3309/1108
f 2282/3277/1078 2290/3276/1077 2291/3313/1112 2285/3314/1113
f 2285/3314/1113 2291/3313/1112 2292/3315/1114 2284/3316/1115
f 2284/3316/1115 2292/3315/1114 2293/3317/1116 2283/3318/1117
f 2294/3278/1079 2282/3277/1078 2285/3314/1113 2295/3310/1109
f 2295/3310/1109 2285/3314/1113 2284/3316/1115 2296/3311/1110
f 2296/3311/1110 2284/3316/1115 2283/3318/1117 2297/3312/1111
f 2346/3319/1118 2344/3293/1092 2281/3296/1095 2275/3306/1105
f 2275/3306/1105 2281/3296/1095 2280/3298/1097 2276/3304/1103
f 2276/3304/1103 2280/3298/1097 2279/3300/1099 2277/3302/1101
f 2277/3302/1101 2279/3300/1099 2278/3282/1083 2274/3281/1082
f 2352/3320/1093 2351/3321/1119 2293/3317/1116 2267/3322/1094
f 2267/3322/1094 2293/3317/1116 2292/3315/1114 2268/3323/1096
f 2268/3323/1096 2292/3315/1114 2291/3313/1112 2269/3324/1098
f 2269/3324/1098 2291/3313/1112 2290/3276/1077 2266/3275/1076
f 2283/3318/1117 2293/3317/1116 2351/3321/1119 2350/3325/1120
f 2297/3312/1111 2283/3318/1117 2350/3325/1120 2349/3326/1121
f 2289/3309/1108 2297/3312/1111 2349/3326/1121 2348/3327/1122
f 2273/3305/1104 2289/3309/1108 2348/3327/1122 2347/3328/1123
f 2275/3306/1105 2273/3305/1104 2347/3328/1123 2346/3319/1118
f 2342/3264/1074 2345/3273/1074 2309/3329/1074 2308/3330/1074 2307/3331/1074 2306/3332/1074 2298/3333/1074 2301/3334/1074 2300/3335/1074 2299/3336/1074
f 2302/3337/1124 2298/3338/1125 2306/3339/1126 2322/3340/1127 2318/3341/1128 2314/3342/1129 2330/3343/1130 2338/3344/1131 2326/3345/1132 2334/3346/1133 2310/3347/1126
f 2342/3348/1085 2299/3349/1134 2305/3350/1135 2343/3351/1085
f 2299/3349/1134 2300/3352/1136 2304/3353/1137 2305/3350/1135
f 2300/3352/1136 2301/3354/1138 2303/3355/1139 2304/3353/1137
f 2301/3354/1138 2298/3338/1125 2302/3337/1124 2303/3355/1139
f 2344/3356/1092 2325/3357/1140 2309/3358/1141 2345/3359/1093
f 2325/3357/1140 2324/3360/1142 2308/3361/1143 2309/3358/1141
f 2324/3360/1142 2323/3362/1144 2307/3363/1145 2308/3361/1143
f 2323/3362/1144 2322/3340/1127 2306/3339/1126 2307/3363/1145
f 2318/3341/1128 2321/3364/1146 2315/3365/1147 2314/3342/1129
f 2321/3364/1146 2320/3366/1148 2316/3367/1149 2315/3365/1147
f 2320/3366/1148 2319/3368/1150 2317/3369/1151 2316/3367/1149
f 2314/3342/1129 2315/3365/1147 2331/3370/1152 2330/3343/1130
f 2315/3365/1147 2316/3367/1149 2332/3371/1153 2331/3370/1152
f 2316/3367/1149 2317/3369/1151 2333/3372/1154 2332/3371/1153
f 2330/3343/1130 2331/3370/1152 2339/3373/1155 2338/3344/1131
f 2331/3370/1152 2332/3371/1153 2340/3374/1156 2339/3373/1155
f 2332/3371/1153 2333/3372/1154 2341/3375/1157 2340/3374/1156
f 2326/3345/1132 2329/3376/1158 2335/3377/1159 2334/3346/1133
f 2329/3376/1158 2328/3378/1160 2336/3379/1161 2335/3377/1159
f 2328/3378/1160 2327/3380/1162 2337/3381/1163 2336/3379/1161
f 2338/3344/1131 2339/3373/1155 2329/3376/1158 2326/3345/1132
f 2339/3373/1155 2340/3374/1156 2328/3378/1160 2329/3376/1158
f 2340/3374/1156 2341/3375/1157 2327/3380/1162 2328/3378/1160
f 2346/3382/1118 2319/3368/1150 2325/3357/1140 2344/3356/1092
f 2319/3368/1150 2320/3366/1148 2324/3360/1142 2325/3357/1140
f 2320/3366/1148 2321/3364/1146 2323/3362/1144 2324/3360/1142
f 2321/3364/1146 2318/3341/1128 2322/3340/1127 2323/3362/1144
f 2352/3383/1093 2311/3384/1141 2337/3381/1163 2351/3385/1119
f 2311/3384/1141 2312/3386/1143 2336/3379/1161 2337/3381/1163
f 2312/3386/1143 2313/3387/1145 2335/3377/1159 2336/3379/1161
f 2313/3387/1145 2310/3347/1126 2334/3346/1133 2335/3377/1159
f 2327/3380/1162 2350/3388/1120 2351/3385/1119 2337/3381/1163
f 2341/3375/1157 2349/3389/1121 2350/3388/1120 2327/3380/1162
f 2333/3372/1154 2348/3390/1122 2349/3389/1121 2341/3375/1157
f 2317/3369/1151 2347/3391/1123 2348/3390/1122 2333/3372/1154
f 2319/3368/1150 2346/3382/1118 2347/3391/1123 2317/3369/1151
f 2380/3392/1074 2372/3393/1074 2371/3394/1074 2373/3395/1074 2374/3396/1074 2390/3397/1074 2408/3398/1074 2407/3399/1074 2406/3400/1074
f 2370/3401/1093 2368/3402/1164 2385/3403/1164 2375/3404/1093
f 2357/3405/1165 2358/3406/1166 2378/3407/1166 2379/3408/1165
f 2368/3402/1164 2367/3409/1167 2386/3410/1167 2385/3403/1164
f 2389/3411/1168 2357/3405/1165 2379/3408/1165 2390/3412/1168
f 2354/3413/1169 2355/3414/1170 2371/3415/1170 2372/3416/1169
f 2367/3409/1167 2366/3417/1171 2387/3418/1171 2386/3410/1167
f 2369/3419/1172 2354/3413/1169 2372/3416/1169 2380/3420/1172
f 2355/3414/1170 2356/3421/1173 2373/3422/1173 2371/3415/1170
f 2366/3417/1171 2365/3423/1174 2388/3424/1174 2387/3418/1171
f 2356/3421/1173 2353/3425/1175 2374/3426/1175 2373/3422/1173
f 2391/3427/1176 2361/3428/1177 2384/3429/1177 2392/3430/1176
f 2363/3431/1178 2362/3432/1179 2382/3433/1179 2381/3434/1178
f 2360/3435/1180 2370/3401/1093 2375/3404/1093 2376/3436/1180
f 2362/3432/1179 2369/3437/1172 2380/3438/1172 2382/3433/1179
f 2364/3439/1181 2363/3431/1178 2381/3434/1178 2383/3440/1181
f 2359/3441/1182 2360/3435/1180 2376/3436/1180 2377/3442/1182
f 2361/3428/1177 2364/3439/1181 2383/3440/1181 2384/3429/1177
f 2358/3406/1166 2359/3441/1182 2377/3442/1182 2378/3407/1166
f 2353/3425/1175 2389/3411/1168 2390/3412/1168 2374/3426/1175
f 2365/3423/1174 2391/3427/1176 2392/3430/1176 2388/3424/1174
f 2402/3443/1074 2401/3444/1074 2408/3398/1074 2390/3397/1074 2379/3445/1074 2378/3446/1074 2377/3447/1074 2376/3448/1074 2375/3449/1074
f 2380/3392/1074 2406/3400/1074 2405/3450/1074 2404/3451/1074 2392/3452/1074 2384/3453/1074 2383/3454/1074 2381/3455/1074 2382/3456/1074
f 2398/3457/1096 2395/3458/1093 2416/3459/1093 2412/3460/1096
f 2399/3461/1143 2396/3462/1176 2417/3463/1176 2413/3464/1143
f 2393/3465/1172 2397/3466/1183 2409/3467/1183 2414/3468/1172
f 2394/3469/1168 2398/3457/1096 2412/3460/1096 2415/3470/1168
f 2404/3451/1074 2403/3471/1074 2402/3443/1074 2375/3449/1074 2385/3472/1074 2386/3473/1074 2387/3474/1074 2388/3475/1074 2392/3452/1074
f 2393/3476/1074 2400/3477/1074 2401/3444/1074 2402/3443/1074
f 2397/3478/1074 2393/3476/1074 2402/3443/1074 2403/3471/1074
f 2394/3479/1074 2397/3478/1074 2403/3471/1074 2404/3451/1074
f 2398/3480/1074 2394/3479/1074 2404/3451/1074 2405/3450/1074
f 2395/3481/1074 2398/3480/1074 2405/3450/1074 2406/3400/1074
f 2399/3482/1074 2395/3481/1074 2406/3400/1074 2407/3399/1074
f 2396/3483/1074 2399/3482/1074 2407/3399/1074 2408/3398/1074
f 2400/3477/1074 2396/3483/1074 2408/3398/1074 2401/3444/1074
f 2414/3484/1074 2409/3485/1074 2410/3486/1074 2411/3487/1074
f 2415/3488/1074 2412/3489/1074 2410/3486/1074 2409/3485/1074
f 2416/3490/1074 2413/3491/1074 2410/3486/1074 2412/3489/1074
f 2417/3492/1074 2411/3487/1074 2410/3486/1074 2413/3491/1074
f 2397/3466/1183 2394/3469/1168 2415/3470/1168 2409/3467/1183
f 2400/3493/1184 2393/3465/1172 2414/3468/1172 2411/3494/1184
f 2396/3462/1176 2400/3493/1184 2411/3494/1184 2417/3463/1176
f 2395/3495/1093 2399/3461/1143 2413/3464/1143 2416/3496/1093
o AK_Magazine_lp
v 0.211382 -0.452241 0.063096
v 0.204939 -0.409615 0.049270
v 0.198591 -0.415032 0.052019
v 0.241796 -0.378165 0.037665
v 0.205279 -0.457940 0.065848
v -0.037646 -0.616618 0.042035
v -0.031385 -0.611276 0.048384
v 0.249506 -0.416643 0.049270
v -0.040021 -0.618645 0.033386
v 0.009746 -0.640516 0.050791
v -0.006747 -0.655916 0.033386
v 0.257885 -0.408820 0.046079
v 0.228622 -0.436144 0.049270
v 0.222519 -0.441842 0.052023
v 0.266368 -0.400899 0.026201
v 0.264035 -0.403077 0.037665
v -0.022856 -0.603997 0.050791
v -0.004466 -0.653786 0.042035
v 0.001550 -0.648169 0.048384
v 0.235395 -0.383627 0.046079
v 0.226674 -0.391068 0.049270
v 0.244223 -0.376094 0.026201
v 0.186992 -0.424929 0.063100
v 0.180645 -0.430346 0.065848
v 0.020850 0.007416 0.049270
v 0.012576 0.006376 0.052015
v 0.033150 -0.099372 0.052008
v 0.041202 -0.097237 0.049270
v 0.067680 -0.201419 0.052006
v 0.075371 -0.198227 0.049270
v 0.115545 -0.297932 0.052008
v 0.122743 -0.293739 0.049270
v 0.175887 -0.387178 0.052015
v 0.182466 -0.382054 0.049270
v 0.006292 0.106542 0.052027
v 0.014647 0.106542 0.049270
v 0.253467 -0.461587 0.049270
v 0.247621 -0.467557 0.052027
v -0.010838 0.003435 0.065848
v -0.002564 0.004474 0.063104
v 0.018384 -0.103287 0.063110
v 0.010332 -0.105422 0.065848
v 0.053564 -0.207276 0.063112
v 0.045873 -0.210468 0.065848
v 0.102345 -0.305622 0.063110
v 0.095148 -0.309816 0.065848
v 0.163849 -0.396554 0.063104
v 0.157269 -0.401678 0.065848
v -0.008934 0.106542 0.063092
v -0.017290 0.106542 0.065848
v 0.236968 -0.478436 0.063092
v 0.231122 -0.484405 0.065848
v 0.214053 -0.357454 0.046079
v 0.220692 -0.352283 0.037665
v 0.205009 -0.364498 0.049270
v 0.223210 -0.350323 0.026201
v 0.164608 -0.269349 0.037665
v 0.157337 -0.273585 0.046079
v 0.167365 -0.267743 0.026201
v 0.147432 -0.279355 0.049270
v 0.120123 -0.179657 0.037665
v 0.112351 -0.182882 0.046079
v 0.123070 -0.178434 0.026201
v 0.101762 -0.187276 0.049270
v 0.088036 -0.084821 0.037665
v 0.079902 -0.086977 0.046079
v 0.091120 -0.084003 0.026201
v 0.068821 -0.089915 0.049270
v 0.068924 0.013456 0.037665
v 0.060575 0.012407 0.046079
v 0.072090 0.013854 0.026201
v 0.049200 0.010978 0.049270
v 0.063099 0.106542 0.037665
v 0.054684 0.106542 0.046079
v 0.066290 0.106542 0.026201
v 0.043220 0.106542 0.049270
v 0.281479 -0.432982 0.046079
v 0.287366 -0.426970 0.037665
v 0.273458 -0.441172 0.049270
v 0.289599 -0.424690 0.026201
v -0.287397 -0.031312 0.048384
v -0.295563 -0.032338 0.042035
v -0.276271 -0.029914 0.050791
v -0.298660 -0.032727 0.033386
v -0.267049 -0.178962 0.042035
v -0.259094 -0.176853 0.048384
v -0.270066 -0.179762 0.033386
v -0.248255 -0.173980 0.050791
v -0.219177 -0.320454 0.042035
v -0.211575 -0.317300 0.048384
v -0.222060 -0.321650 0.033386
v -0.201218 -0.313002 0.050791
v -0.152807 -0.454270 0.042035
v -0.145695 -0.450127 0.048384
v -0.155504 -0.455841 0.033386
v -0.136006 -0.444482 0.050791
v -0.069132 -0.578004 0.042035
v -0.062638 -0.572947 0.048384
v -0.071594 -0.579922 0.033386
v -0.053792 -0.566057 0.050791
v -0.296023 0.106542 0.048384
v -0.304254 0.106542 0.042035
v -0.284810 0.106542 0.050791
v -0.307375 0.106542 0.033386
v 0.030343 -0.689433 0.042035
v 0.036102 -0.683553 0.048384
v 0.028160 -0.691663 0.033386
v 0.043948 -0.675541 0.050791
v -0.199443 0.043388 0.065848
v -0.133966 0.047486 0.065848
v -0.068489 0.051583 0.065848
v 0.083658 -0.139148 0.049270
v 0.056592 -0.148306 0.049270
v 0.094517 -0.135474 0.046079
v -0.237691 -0.247874 0.048384
v -0.245487 -0.250512 0.042035
v 0.105511 -0.131755 0.026201
v -0.227069 -0.244280 0.050791
v 0.026340 -0.158541 0.065848
v 0.034229 -0.155872 0.063111
v 0.102488 -0.132777 0.037665
v -0.248444 -0.251512 0.033386
v 0.048703 -0.150975 0.052007
v 0.089993 -0.250479 0.052007
v 0.140860 -0.225249 0.037665
v 0.143719 -0.223832 0.026201
v 0.068843 -0.260969 0.065848
v 0.076305 -0.257268 0.063111
v 0.097455 -0.246778 0.049270
v -0.188237 -0.388476 0.042035
v -0.170818 -0.379836 0.050791
v -0.180864 -0.384819 0.048384
v 0.123052 -0.234082 0.049270
v -0.191033 -0.389863 0.033386
v 0.133322 -0.228988 0.046079
v -0.113045 -0.517541 0.042035
v -0.106227 -0.512931 0.048384
v 0.193902 -0.309970 0.026201
v -0.115631 -0.519290 0.033386
v -0.201417 0.106542 0.065848
v 0.151123 -0.338899 0.049270
v 0.144219 -0.343568 0.052012
v -0.135812 0.106542 0.065848
v 0.191258 -0.311757 0.037665
v 0.184288 -0.316471 0.046079
v -0.096939 -0.506649 0.050791
v 0.174792 -0.322893 0.049270
v -0.070206 0.106542 0.065848
v 0.131571 -0.352120 0.063107
v 0.124667 -0.356789 0.065848
v 0.021089 -0.046843 0.052012
v -0.002079 -0.051349 0.065848
v -0.264680 -0.102417 0.050791
v 0.076831 -0.036003 0.037665
v -0.286830 -0.106725 0.033386
v 0.029270 -0.045252 0.049270
v 0.006102 -0.049758 0.063107
v 0.068571 -0.037609 0.046079
v 0.057318 -0.039798 0.049270
v -0.283766 -0.106129 0.042035
v 0.079963 -0.035394 0.026201
v -0.275687 -0.104558 0.048384
v -0.251252 -0.026771 0.063338
v -0.245935 -0.026103 0.065848
v -0.003733 -0.587680 0.063245
v 0.000405 -0.584149 0.065848
v -0.259593 0.106542 0.063339
v -0.254235 0.106542 0.065848
v 0.065342 -0.653693 0.065848
v 0.061514 -0.657603 0.063208
v -0.218700 -0.166144 0.065848
v -0.223884 -0.167518 0.063334
v -0.172977 -0.301283 0.065848
v -0.177938 -0.303342 0.063324
v 0.028093 -0.623384 0.063202
v 0.032096 -0.619647 0.065848
v -0.109586 -0.429090 0.065848
v -0.114242 -0.431803 0.063305
v -0.029668 -0.547269 0.065848
v -0.033942 -0.550597 0.063271
v -0.203189 -0.236200 0.063330
v -0.198106 -0.234481 0.065848
v -0.148244 -0.368640 0.063316
v -0.143426 -0.366250 0.065848
v -0.076083 -0.492546 0.063290
v -0.071610 -0.489521 0.065848
v -0.239929 -0.097604 0.063337
v -0.234667 -0.096580 0.065848
v -0.014496 -0.596864 0.050791
v -0.009782 -0.592841 0.053749
v -0.273812 0.106542 0.050791
v -0.267706 0.106542 0.053650
v 0.055993 -0.663240 0.053785
v 0.051635 -0.667691 0.050791
v -0.237625 -0.171161 0.050791
v -0.231718 -0.169595 0.053655
v -0.191061 -0.308787 0.050791
v -0.185408 -0.306441 0.053666
v 0.022333 -0.628763 0.053790
v 0.017777 -0.633018 0.050791
v -0.126506 -0.438948 0.050791
v -0.121202 -0.435857 0.053685
v -0.259301 -0.027782 0.053650
v -0.265360 -0.028544 0.050791
v -0.045120 -0.559303 0.050791
v -0.040250 -0.555511 0.053721
v -0.210860 -0.238796 0.053659
v -0.216652 -0.240755 0.050791
v -0.155477 -0.372227 0.053674
v -0.160967 -0.374951 0.050791
v -0.082735 -0.497044 0.053701
v -0.087832 -0.500491 0.050791
v -0.247889 -0.099152 0.053652
v -0.253885 -0.100318 0.050791
v 0.056158 0.059382 0.046079
v -0.305194 0.036771 0.033386
v 0.044717 0.058666 0.049270
v 0.102296 -0.615957 0.065848
v 0.016200 0.056882 0.049270
v -0.007344 0.055409 0.063098
v 0.067741 0.060107 0.026201
v -0.282673 0.038180 0.050791
v -0.293865 0.037480 0.048384
v 0.007869 0.056361 0.052021
v -0.302079 0.036966 0.042035
v -0.015675 0.054887 0.065848
v 0.064556 0.059908 0.037665
v 0.148197 -0.569085 0.065848
v 0.194098 -0.522212 0.065848
v -0.257506 0.039755 0.063338
v -0.252157 0.040090 0.065848
v -0.271697 0.038867 0.050791
v -0.265603 0.039248 0.053650
v 0.090895 -0.379627 0.065848
v 0.036550 -0.416378 0.065848
v 0.016425 -0.429988 0.065848
v 0.059921 -0.330338 0.065848
v -0.017758 -0.375593 0.065848
v 0.003234 -0.363363 0.065848
v -0.053453 -0.396388 0.065848
v -0.026454 -0.308234 0.065848
v -0.106991 -0.348179 0.065848
v -0.014222 -0.235405 0.065848
v -0.052378 -0.251239 0.065848
v -0.074818 -0.260550 0.065848
v -0.135413 -0.285695 0.065848
v -0.052560 -0.122096 0.065848
v -0.092491 -0.132683 0.065848
v -0.155905 -0.149495 0.065848
v -0.065947 -0.063769 0.065848
v -0.106498 -0.071655 0.065848
v -0.130346 -0.076293 0.065848
v -0.170897 -0.084179 0.065848
v -0.194745 -0.088817 0.065848
v -0.159582 -0.221446 0.065848
v -0.124086 -0.280995 0.077879
v -0.112973 -0.276384 0.065848
v -0.118564 -0.278703 0.076215
v -0.114511 -0.277021 0.071827
v -0.037920 -0.466738 0.065848
v -0.032907 -0.463348 0.076215
v -0.036542 -0.465806 0.071827
v -0.027761 -0.459868 0.077879
v -0.017795 -0.453129 0.065848
v -0.022809 -0.456519 0.076215
v -0.019174 -0.454061 0.071827
v 0.070770 -0.393237 0.065848
v 0.072149 -0.392305 0.071827
v 0.075784 -0.389846 0.076215
v 0.080929 -0.386367 0.077879
v 0.089517 -0.380560 0.071827
v 0.085882 -0.383018 0.076215
v 0.032320 -0.279084 0.065848
v 0.021542 -0.284429 0.077879
v 0.030829 -0.279823 0.071827
v 0.026898 -0.281773 0.076215
v 0.010555 -0.289879 0.065848
v 0.015977 -0.287189 0.076215
v 0.012046 -0.289139 0.071827
v -0.003110 -0.230794 0.077879
v -0.012685 -0.234768 0.071827
v -0.008632 -0.233086 0.076215
v 0.008217 -0.226094 0.065848
v 0.002627 -0.228414 0.076215
v 0.006680 -0.226732 0.071827
v -0.063848 -0.402444 0.077879
v -0.054891 -0.397226 0.071827
v -0.058683 -0.399435 0.076215
v -0.074445 -0.408618 0.065848
v -0.073007 -0.407780 0.071827
v -0.069215 -0.405571 0.076215
v -0.096214 -0.342834 0.077879
v -0.101569 -0.345490 0.076215
v -0.105501 -0.347440 0.071827
v -0.085227 -0.337385 0.065848
v -0.086718 -0.338124 0.071827
v -0.090649 -0.340074 0.076215
v 0.021439 -0.426597 0.076215
v 0.017804 -0.429055 0.071827
v 0.026584 -0.423118 0.077879
v 0.031536 -0.419768 0.076215
v 0.035171 -0.417310 0.071827
v -0.059181 0.013750 0.076221
v -0.060007 0.019104 0.074626
v -0.055383 0.019824 0.065848
v -0.054802 0.014218 0.071817
v -0.056944 0.019412 0.071548
v -0.060171 0.023545 0.065848
v -0.060294 0.022012 0.071548
v -0.065348 0.013092 0.077879
v -0.066494 0.024534 0.065848
v -0.065935 0.018767 0.076221
v -0.071283 0.012458 0.076221
v -0.071581 0.017941 0.074626
v -0.072287 0.022389 0.065848
v -0.066345 0.022956 0.071817
v -0.071872 0.020887 0.071548
v -0.075662 0.011990 0.071817
v -0.076256 0.017732 0.065848
v -0.074643 0.017633 0.071548
v -0.124416 0.006784 0.076221
v -0.125283 0.012543 0.074626
v -0.120661 0.013282 0.065848
v -0.120037 0.007252 0.071817
v -0.122221 0.012850 0.071548
v -0.131422 0.016748 0.071817
v -0.125592 0.015669 0.071548
v -0.130582 0.006126 0.077879
v -0.142545 0.004849 0.065848
v -0.131214 0.012224 0.076221
v -0.136517 0.005492 0.076221
v -0.136857 0.011379 0.074626
v -0.137596 0.016159 0.065848
v -0.137170 0.014544 0.071548
v -0.140896 0.005025 0.071817
v -0.139919 0.011071 0.071548
v -0.183622 0.000462 0.065848
v -0.196731 0.010517 0.071817
v -0.190789 0.011084 0.065848
v -0.190890 0.009325 0.071548
v -0.189650 -0.000181 0.076221
v -0.190559 0.005981 0.074626
v -0.185271 0.000286 0.071817
v -0.187497 0.006289 0.071548
v -0.207780 -0.002117 0.065848
v -0.195817 -0.000840 0.077879
v -0.202904 0.009928 0.065848
v -0.202468 0.008200 0.071548
v -0.206131 -0.001941 0.071817
v -0.206813 0.004647 0.065848
v -0.205196 0.004509 0.071548
v -0.196492 0.005681 0.076221
v -0.201752 -0.001474 0.076221
v -0.202133 0.004817 0.074626
v 0.108422 -0.425146 0.077879
v 0.103658 -0.436001 0.065848
v 0.100156 -0.431412 0.071817
v 0.104765 -0.434823 0.071548
v 0.114456 -0.433013 0.071817
v 0.109740 -0.436672 0.065848
v 0.109013 -0.435294 0.071548
v 0.103665 -0.428751 0.076221
v 0.111883 -0.429681 0.076221
v 0.107206 -0.432948 0.074626
v 0.118195 -0.417737 0.065848
v 0.116874 -0.418739 0.071817
v 0.120293 -0.423220 0.065848
v 0.118873 -0.423990 0.071548
v 0.113364 -0.421399 0.076221
v 0.116432 -0.425864 0.074626
v 0.118216 -0.428179 0.071548
v 0.041707 -0.445220 0.077879
v 0.036915 -0.456293 0.065848
v 0.033283 -0.451271 0.071817
v 0.038041 -0.455129 0.071548
v 0.042405 -0.455886 0.071548
v 0.036860 -0.448702 0.076221
v 0.045300 -0.450187 0.076221
v 0.040529 -0.453318 0.074626
v 0.051668 -0.438065 0.065848
v 0.052967 -0.450162 0.065848
v 0.048159 -0.453699 0.071817
v 0.051787 -0.449010 0.071548
v 0.050321 -0.439032 0.071817
v 0.052423 -0.444662 0.071548
v 0.046744 -0.441601 0.076221
v 0.049934 -0.446473 0.074626
v 0.003859 -0.504408 0.077879
v -0.004407 -0.510674 0.071817
v 0.000695 -0.514731 0.071548
v 0.010793 -0.513449 0.071817
v 0.005211 -0.515550 0.071548
v -0.000897 -0.508014 0.076221
v 0.007837 -0.509620 0.076221
v 0.003136 -0.512857 0.074626
v 0.012094 -0.514744 0.065848
v 0.012311 -0.498002 0.071817
v 0.014803 -0.503898 0.071548
v 0.008801 -0.500662 0.076221
v 0.012362 -0.505773 0.074626
v 0.015692 -0.509647 0.065848
v 0.014413 -0.508435 0.071548
v 0.013632 -0.497000 0.065848
v 0.016248 -0.503171 0.065848
v -0.005728 -0.511676 0.065848
v 0.006065 -0.517109 0.065848
v -0.000378 -0.515945 0.065848
v 0.049170 -0.455070 0.065848
v 0.053875 -0.443955 0.065848
v 0.031936 -0.452239 0.065848
v 0.043152 -0.457375 0.065848
v 0.119360 -0.429201 0.065848
v 0.115429 -0.434265 0.065848
v 0.098834 -0.432413 0.065848
v -0.197134 0.012309 0.065848
v -0.185946 0.006749 0.065848
v -0.141530 0.011200 0.065848
v -0.131582 0.018443 0.065848
v -0.118388 0.007428 0.065848
v -0.125470 0.017310 0.065848
v -0.077311 0.011814 0.065848
v -0.053153 0.014394 0.065848
v -0.133876 -0.285057 0.071827
v -0.129823 -0.283375 0.076215
v -0.063490 -0.255850 0.077879
v -0.053915 -0.251877 0.071827
v -0.057968 -0.253558 0.076215
v -0.069227 -0.258231 0.076215
v -0.073281 -0.259912 0.071827
v -0.048218 -0.319029 0.065848
v -0.046727 -0.318290 0.071827
v -0.042796 -0.316340 0.076215
v -0.037232 -0.313580 0.077879
v -0.031876 -0.310923 0.076215
v -0.027944 -0.308973 0.071827
v -0.007363 -0.369537 0.077879
v -0.016320 -0.374755 0.071827
v -0.012529 -0.372546 0.076215
v 0.001796 -0.364201 0.071827
v -0.001996 -0.366410 0.076215
v 0.038928 -0.342568 0.065848
v 0.044158 -0.339521 0.076215
v 0.040366 -0.341730 0.071827
v 0.049525 -0.336394 0.077879
v 0.054691 -0.333385 0.076215
v 0.058483 -0.331176 0.071827
v -0.172531 -0.084497 0.071827
v -0.176838 -0.085334 0.076215
v -0.182935 -0.086520 0.077879
v -0.188804 -0.087661 0.076215
v -0.193111 -0.088499 0.071827
v -0.179389 -0.155721 0.065848
v -0.167759 -0.152638 0.077879
v -0.177780 -0.155295 0.071827
v -0.173538 -0.154170 0.076215
v -0.157514 -0.149922 0.071827
v -0.161755 -0.151046 0.076215
v -0.118308 -0.073952 0.077879
v -0.108132 -0.071973 0.071827
v -0.112439 -0.072811 0.076215
v -0.124405 -0.075138 0.076215
v -0.128713 -0.075975 0.071827
v -0.115974 -0.138909 0.065848
v -0.104345 -0.135826 0.077879
v -0.114366 -0.138482 0.071827
v -0.110124 -0.137358 0.076215
v -0.098341 -0.134234 0.076215
v -0.094099 -0.133109 0.071827
v -0.042099 -0.059132 0.065848
v -0.043733 -0.059449 0.071827
v -0.048040 -0.060287 0.076215
v -0.054138 -0.061473 0.077879
v -0.060006 -0.062614 0.076215
v -0.064314 -0.063452 0.071827
v -0.040931 -0.119013 0.077879
v -0.050951 -0.121670 0.071827
v -0.046709 -0.120545 0.076215
v -0.029076 -0.115870 0.065848
v -0.034926 -0.117421 0.076215
v -0.030685 -0.116296 0.071827
v -0.136568 -0.213660 0.065848
v -0.147965 -0.217516 0.077879
v -0.138145 -0.214193 0.071827
v -0.142301 -0.215600 0.076215
v -0.153848 -0.219506 0.076215
v -0.158005 -0.220913 0.071827
v -0.074424 -0.192634 0.065848
v -0.085820 -0.196490 0.077879
v -0.076000 -0.193167 0.071827
v -0.080157 -0.194573 0.076215
v -0.097437 -0.200420 0.065848
v -0.095861 -0.199887 0.071827
v -0.091704 -0.198480 0.076215
v -0.012279 -0.171608 0.065848
v -0.013855 -0.172141 0.071827
v -0.018012 -0.173547 0.076215
v -0.023896 -0.175538 0.077879
v -0.035292 -0.179394 0.065848
v -0.029559 -0.177454 0.076215
v -0.033716 -0.178861 0.071827
v 0.147067 -0.409106 0.065848
v 0.222297 -0.493417 0.065848
v -0.018565 -0.537874 0.065848
v 0.075509 -0.643312 0.065848
v 0.064177 -0.576548 0.065848
v 0.077290 -0.590591 0.065848
v 0.112551 -0.532232 0.065848
v 0.124813 -0.545364 0.065848
v 0.172337 -0.500137 0.065848
v 0.160925 -0.487916 0.065848
v 0.145849 -0.471028 0.065848
v 0.134977 -0.458325 0.065848
v 0.096351 -0.514085 0.065848
v 0.084700 -0.500408 0.065848
v 0.034400 -0.542511 0.065848
v 0.046853 -0.557142 0.065848
v 0.171050 -0.438533 0.065848
v 0.196060 -0.466548 0.065848
v 0.040592 -0.549856 0.077879
v 0.049110 -0.603761 0.077879
v 0.055892 -0.610955 0.069132
v 0.052281 -0.607142 0.076358
v 0.049282 -0.609533 0.075004
v 0.047021 -0.612097 0.069132
v 0.047790 -0.610938 0.072954
v 0.054708 -0.609709 0.073233
v 0.051732 -0.612531 0.069132
v 0.050878 -0.611224 0.072954
v 0.011730 -0.561487 0.069132
v 0.015111 -0.565506 0.076358
v 0.014993 -0.571700 0.076358
v 0.012397 -0.568215 0.075004
v 0.009694 -0.565442 0.069132
v 0.012835 -0.562805 0.073233
v 0.010896 -0.566438 0.072954
v 0.009594 -0.570172 0.069132
v 0.010832 -0.569539 0.072954
v 0.011458 -0.574717 0.069132
v 0.018112 -0.569039 0.077879
v 0.012622 -0.573723 0.073246
v 0.024566 -0.576529 0.069132
v 0.021129 -0.572558 0.076358
v 0.018026 -0.574813 0.075004
v 0.015653 -0.577273 0.069132
v 0.016472 -0.576150 0.072954
v 0.023438 -0.575231 0.073233
v 0.020340 -0.577917 0.069132
v 0.019545 -0.576574 0.072954
v 0.195196 -0.478383 0.069132
v 0.197205 -0.474545 0.069132
v 0.194230 -0.477367 0.073233
v 0.196149 -0.473835 0.072954
v 0.197511 -0.470319 0.069132
v 0.196351 -0.471062 0.072954
v 0.192252 -0.475274 0.076358
v 0.192664 -0.469719 0.076358
v 0.194859 -0.472467 0.075004
v 0.196060 -0.466548 0.069132
v 0.194942 -0.467592 0.073246
v 0.184194 -0.466600 0.069132
v 0.189667 -0.472518 0.077879
v 0.185141 -0.467633 0.073233
v 0.188160 -0.464858 0.069132
v 0.188797 -0.465960 0.072954
v 0.187094 -0.469750 0.076358
v 0.190073 -0.467341 0.075004
v 0.192397 -0.464842 0.069132
v 0.191577 -0.465948 0.072954
v 0.164397 -0.444211 0.077879
v 0.169658 -0.450318 0.069132
v 0.171050 -0.438533 0.069132
v 0.166856 -0.447080 0.076358
v 0.169586 -0.444393 0.075004
v 0.171837 -0.446573 0.069132
v 0.168739 -0.449259 0.073233
v 0.170814 -0.445816 0.072954
v 0.172332 -0.442365 0.069132
v 0.171140 -0.443055 0.072954
v 0.169887 -0.439526 0.073246
v 0.159194 -0.438055 0.069132
v 0.167516 -0.441549 0.076358
v 0.161950 -0.441331 0.076358
v 0.165034 -0.439058 0.075004
v 0.167468 -0.436665 0.069132
v 0.166599 -0.437734 0.072954
v 0.160094 -0.439129 0.073233
v 0.163234 -0.436492 0.069132
v 0.163821 -0.437621 0.072954
v 0.159194 -0.438055 0.065848
v 0.163250 -0.436490 0.065848
v 0.167453 -0.436662 0.065848
v 0.169658 -0.450318 0.065848
v 0.172333 -0.442380 0.065848
v 0.171842 -0.446558 0.065848
v 0.184194 -0.466600 0.065848
v 0.188175 -0.464855 0.065848
v 0.192383 -0.464839 0.065848
v 0.195196 -0.478383 0.065848
v 0.197513 -0.470334 0.065848
v 0.197209 -0.474530 0.065848
v 0.024566 -0.576529 0.065848
v 0.011458 -0.574717 0.065848
v 0.020324 -0.577918 0.065848
v 0.015669 -0.577278 0.065848
v 0.011730 -0.561487 0.065848
v 0.009591 -0.570155 0.065848
v 0.009691 -0.565458 0.065848
v 0.055892 -0.610955 0.065848
v 0.042716 -0.609731 0.065848
v 0.051716 -0.612533 0.065848
v 0.047038 -0.612102 0.065848
v 0.042396 -0.596502 0.065848
v 0.040647 -0.605257 0.065848
v 0.040537 -0.600560 0.065848
v 0.046103 -0.606568 0.076349
v 0.043834 -0.608686 0.073246
v 0.042396 -0.596502 0.069132
v 0.042716 -0.609731 0.069132
v 0.045954 -0.600366 0.076358
v 0.043363 -0.603194 0.075004
v 0.040540 -0.600544 0.069132
v 0.043559 -0.597769 0.073233
v 0.041785 -0.601486 0.072954
v 0.040650 -0.605274 0.069132
v 0.041859 -0.604587 0.072954
v 0.166602 -0.494054 0.077879
v 0.160925 -0.487916 0.069132
v 0.163925 -0.491174 0.076349
v 0.161914 -0.488994 0.073246
v 0.118651 -0.538827 0.077879
v 0.112551 -0.532232 0.069132
v 0.115775 -0.535733 0.076349
v 0.113614 -0.533390 0.073246
v 0.172337 -0.500137 0.069132
v 0.169292 -0.496922 0.076349
v 0.171329 -0.499077 0.073246
v 0.124813 -0.545364 0.069132
v 0.123731 -0.544225 0.073246
v 0.121542 -0.541909 0.076349
v 0.064177 -0.576548 0.069132
v 0.070700 -0.583601 0.077879
v 0.065313 -0.577786 0.073246
v 0.067624 -0.580292 0.076349
v 0.077290 -0.590591 0.069132
v 0.073791 -0.586896 0.076349
v 0.076133 -0.589373 0.073246
v 0.046853 -0.557142 0.069132
v 0.043528 -0.553290 0.076349
v 0.045753 -0.555872 0.073246
v 0.096351 -0.514085 0.069132
v 0.090493 -0.507275 0.077879
v 0.095322 -0.512898 0.073246
v 0.093240 -0.510484 0.076349
v 0.034400 -0.542511 0.069132
v 0.035478 -0.543800 0.073246
v 0.037671 -0.546409 0.076349
v 0.084700 -0.500408 0.069132
v 0.087761 -0.504052 0.076349
v 0.085709 -0.501613 0.073246
v 0.145849 -0.471028 0.069132
v 0.140383 -0.464703 0.077879
v 0.144888 -0.469926 0.073246
v 0.142946 -0.467684 0.076349
v 0.134977 -0.458325 0.069132
v 0.137833 -0.461710 0.076349
v 0.135918 -0.459445 0.073246
v 0.211382 -0.452241 -0.063096
v 0.204939 -0.409615 -0.049270
v 0.198591 -0.415032 -0.052019
v 0.241796 -0.378165 -0.037665
v 0.205279 -0.457940 -0.065848
v -0.037646 -0.616618 -0.042035
v -0.031385 -0.611276 -0.048383
v 0.249506 -0.416643 -0.049270
v -0.040021 -0.618645 -0.033386
v 0.009746 -0.640516 -0.050791
v -0.006747 -0.655916 -0.033386
v 0.257885 -0.408820 -0.046079
v 0.228622 -0.436144 -0.049270
v 0.222519 -0.441842 -0.052023
v 0.266368 -0.400899 -0.026201
v 0.264035 -0.403077 -0.037665
v -0.022856 -0.603997 -0.050791
v -0.004466 -0.653786 -0.042035
v 0.001550 -0.648169 -0.048383
v 0.235395 -0.383627 -0.046079
v 0.226674 -0.391068 -0.049270
v 0.244223 -0.376094 -0.026201
v 0.186992 -0.424929 -0.063100
v 0.180645 -0.430346 -0.065848
v 0.020850 0.007416 -0.049270
v 0.012576 0.006376 -0.052015
v 0.033150 -0.099372 -0.052008
v 0.041202 -0.097237 -0.049270
v 0.067680 -0.201419 -0.052006
v 0.075371 -0.198227 -0.049270
v 0.115545 -0.297932 -0.052008
v 0.122743 -0.293739 -0.049270
v 0.175887 -0.387178 -0.052015
v 0.182466 -0.382054 -0.049270
v 0.006292 0.106542 -0.052027
v 0.014647 0.106542 -0.049270
v 0.253467 -0.461587 -0.049270
v 0.247621 -0.467557 -0.052026
v -0.010838 0.003435 -0.065848
v -0.002564 0.004474 -0.063103
v 0.018384 -0.103287 -0.063110
v 0.010332 -0.105422 -0.065848
v 0.053564 -0.207276 -0.063112
v 0.045873 -0.210468 -0.065848
v 0.102345 -0.305622 -0.063110
v 0.095148 -0.309816 -0.065848
v 0.163849 -0.396554 -0.063103
v 0.157269 -0.401678 -0.065848
v -0.008934 0.106542 -0.063092
v -0.017290 0.106542 -0.065848
v 0.236968 -0.478436 -0.063092
v 0.231122 -0.484405 -0.065848
v 0.214053 -0.357454 -0.046079
v 0.220692 -0.352283 -0.037665
v 0.205009 -0.364498 -0.049270
v 0.223210 -0.350323 -0.026201
v 0.164608 -0.269349 -0.037665
v 0.157337 -0.273585 -0.046079
v 0.167365 -0.267743 -0.026201
v 0.147432 -0.279355 -0.049270
v 0.120123 -0.179657 -0.037665
v 0.112351 -0.182882 -0.046079
v 0.123070 -0.178434 -0.026201
v 0.101762 -0.187276 -0.049270
v 0.088036 -0.084821 -0.037665
v 0.079902 -0.086977 -0.046079
v 0.091120 -0.084003 -0.026201
v 0.068821 -0.089915 -0.049270
v 0.068924 0.013456 -0.037665
v 0.060575 0.012407 -0.046079
v 0.072090 0.013854 -0.026201
v 0.049200 0.010978 -0.049270
v 0.063099 0.106542 -0.037665
v 0.054684 0.106542 -0.046079
v 0.066290 0.106542 -0.026201
v 0.043220 0.106542 -0.049270
v 0.281479 -0.432982 -0.046079
v 0.287366 -0.426970 -0.037665
v 0.273458 -0.441172 -0.049270
v 0.289599 -0.424690 -0.026201
v -0.287397 -0.031312 -0.048383
v -0.295563 -0.032338 -0.042035
v -0.276271 -0.029915 -0.050791
v -0.298660 -0.032727 -0.033386
v -0.267049 -0.178962 -0.042035
v -0.259094 -0.176853 -0.048383
v -0.270066 -0.179762 -0.033386
v -0.248255 -0.173980 -0.050791
v -0.219177 -0.320454 -0.042035
v -0.211575 -0.317300 -0.048383
v -0.222060 -0.321650 -0.033386
v -0.201218 -0.313002 -0.050791
v -0.152807 -0.454270 -0.042035
v -0.145695 -0.450127 -0.048383
v -0.155504 -0.455841 -0.033386
v -0.136006 -0.444482 -0.050791
v -0.069132 -0.578004 -0.042035
v -0.062638 -0.572947 -0.048383
v -0.071594 -0.579922 -0.033386
v -0.053792 -0.566057 -0.050791
v -0.296023 0.106542 -0.048384
v -0.304254 0.106542 -0.042035
v -0.284810 0.106542 -0.050791
v -0.307375 0.106542 -0.033386
v 0.030343 -0.689433 -0.042035
v 0.036102 -0.683553 -0.048383
v 0.028160 -0.691663 -0.033386
v 0.043948 -0.675541 -0.050791
v -0.199443 0.043388 -0.065848
v -0.133966 0.047486 -0.065848
v -0.068489 0.051583 -0.065848
v 0.083658 -0.139148 -0.049270
v 0.056592 -0.148306 -0.049270
v 0.094517 -0.135474 -0.046079
v -0.237691 -0.247874 -0.048383
v -0.245487 -0.250512 -0.042035
v 0.105511 -0.131755 -0.026201
v -0.227069 -0.244280 -0.050791
v 0.026340 -0.158541 -0.065848
v 0.034229 -0.155872 -0.063111
v 0.102488 -0.132777 -0.037665
v -0.248444 -0.251512 -0.033386
v 0.048703 -0.150975 -0.052007
v 0.089993 -0.250479 -0.052007
v 0.140860 -0.225249 -0.037665
v 0.143719 -0.223832 -0.026201
v 0.068843 -0.260969 -0.065848
v 0.076305 -0.257268 -0.063111
v 0.097455 -0.246778 -0.049270
v -0.188237 -0.388476 -0.042035
v -0.170818 -0.379836 -0.050791
v -0.180864 -0.384819 -0.048383
v 0.123052 -0.234082 -0.049270
v -0.191033 -0.389863 -0.033386
v 0.133322 -0.228988 -0.046079
v -0.113045 -0.517541 -0.042035
v -0.106227 -0.512931 -0.048383
v 0.193902 -0.309970 -0.026201
v -0.115631 -0.519290 -0.033386
v -0.201417 0.106542 -0.065848
v 0.151123 -0.338899 -0.049270
v 0.144219 -0.343568 -0.052011
v -0.135812 0.106542 -0.065848
v 0.191258 -0.311757 -0.037665
v 0.184288 -0.316471 -0.046079
v -0.096939 -0.506649 -0.050791
v 0.174792 -0.322893 -0.049270
v -0.070206 0.106542 -0.065848
v 0.131571 -0.352120 -0.063107
v 0.124667 -0.356789 -0.065848
v 0.021089 -0.046843 -0.052012
v -0.002079 -0.051349 -0.065848
v -0.264680 -0.102417 -0.050791
v 0.076831 -0.036003 -0.037665
v -0.286830 -0.106725 -0.033386
v 0.029270 -0.045252 -0.049270
v 0.006102 -0.049758 -0.063107
v 0.068571 -0.037609 -0.046079
v 0.057318 -0.039798 -0.049270
v -0.283766 -0.106129 -0.042035
v 0.079963 -0.035394 -0.026201
v -0.275687 -0.104558 -0.048383
v 0.244223 -0.376094 0.000000
v 0.072090 0.013854 0.000000
v 0.028160 -0.691663 0.000000
v -0.298660 -0.032727 0.000000
v -0.006747 -0.655916 0.000000
v -0.270066 -0.179762 0.000000
v 0.066290 0.106542 0.000000
v -0.071594 -0.579922 0.000000
v -0.040021 -0.618645 0.000000
v 0.167365 -0.267743 0.000000
v 0.091120 -0.084003 0.000000
v 0.223210 -0.350323 0.000000
v 0.289599 -0.424690 0.000000
v -0.155504 -0.455841 0.000000
v -0.222060 -0.321650 0.000000
v 0.266368 -0.400899 0.000000
v -0.307375 0.106542 0.000000
v 0.123070 -0.178434 0.000000
v 0.105511 -0.131755 0.000000
v -0.248444 -0.251512 0.000000
v -0.191033 -0.389863 0.000000
v 0.143719 -0.223832 0.000000
v 0.193902 -0.309970 0.000000
v -0.115631 -0.519290 0.000000
v 0.079963 -0.035394 0.000000
v -0.286830 -0.106725 0.000000
v -0.251252 -0.026771 -0.063338
v -0.245935 -0.026103 -0.065848
v -0.003733 -0.587680 -0.063245
v 0.000405 -0.584149 -0.065848
v -0.259593 0.106542 -0.063339
v -0.254235 0.106542 -0.065848
v 0.065342 -0.653693 -0.065848
v 0.061514 -0.657603 -0.063208
v -0.218700 -0.166144 -0.065848
v -0.223884 -0.167518 -0.063334
v -0.172977 -0.301283 -0.065848
v -0.177938 -0.303342 -0.063324
v 0.028093 -0.623384 -0.063202
v 0.032096 -0.619647 -0.065848
v -0.109586 -0.429090 -0.065848
v -0.114242 -0.431803 -0.063305
v -0.029668 -0.547269 -0.065848
v -0.033942 -0.550597 -0.063271
v -0.203189 -0.236200 -0.063330
v -0.198106 -0.234481 -0.065848
v -0.148244 -0.368640 -0.063316
v -0.143426 -0.366250 -0.065848
v -0.076083 -0.492546 -0.063290
v -0.071610 -0.489521 -0.065848
v -0.239929 -0.097604 -0.063337
v -0.234667 -0.096580 -0.065848
v -0.014496 -0.596864 -0.050791
v -0.009782 -0.592841 -0.053748
v -0.273812 0.106542 -0.050791
v -0.267706 0.106542 -0.053650
v 0.055993 -0.663240 -0.053784
v 0.051635 -0.667691 -0.050791
v -0.237625 -0.171161 -0.050791
v -0.231718 -0.169595 -0.053655
v -0.191061 -0.308787 -0.050791
v -0.185408 -0.306441 -0.053665
v 0.022333 -0.628763 -0.053790
v 0.017777 -0.633018 -0.050791
v -0.126506 -0.438948 -0.050791
v -0.121202 -0.435857 -0.053685
v -0.259301 -0.027782 -0.053650
v -0.265360 -0.028544 -0.050791
v -0.045120 -0.559303 -0.050791
v -0.040250 -0.555511 -0.053721
v -0.210860 -0.238796 -0.053659
v -0.216652 -0.240755 -0.050791
v -0.155477 -0.372227 -0.053674
v -0.160967 -0.374951 -0.050791
v -0.082735 -0.497044 -0.053701
v -0.087832 -0.500491 -0.050791
v -0.247889 -0.099152 -0.053652
v -0.253885 -0.100318 -0.050791
v 0.056158 0.059382 -0.046079
v -0.305194 0.036771 -0.033386
v 0.044717 0.058666 -0.049270
v 0.102296 -0.615957 -0.065848
v 0.016200 0.056882 -0.049270
v -0.007344 0.055409 -0.063098
v 0.067741 0.060107 -0.026201
v -0.282673 0.038180 -0.050791
v -0.293865 0.037480 -0.048383
v 0.007869 0.056361 -0.052021
v -0.302079 0.036966 -0.042035
v -0.015675 0.054887 -0.065848
v 0.064556 0.059908 -0.037665
v 0.148197 -0.569085 -0.065848
v 0.194098 -0.522212 -0.065848
v -0.305194 0.036771 0.000000
v 0.067741 0.060107 0.000000
v -0.257506 0.039755 -0.063338
v -0.252157 0.040090 -0.065848
v -0.271697 0.038867 -0.050791
v -0.265603 0.039248 -0.053650
v 0.090895 -0.379627 -0.065848
v 0.036550 -0.416378 -0.065848
v 0.016425 -0.429988 -0.065848
v 0.059921 -0.330338 -0.065848
v -0.017758 -0.375593 -0.065848
v 0.003234 -0.363363 -0.065848
v -0.053453 -0.396388 -0.065848
v -0.026454 -0.308234 -0.065848
v -0.106991 -0.348179 -0.065848
v -0.014222 -0.235405 -0.065848
v -0.052378 -0.251239 -0.065848
v -0.074818 -0.260550 -0.065848
v -0.135413 -0.285695 -0.065848
v -0.052560 -0.122096 -0.065848
v -0.092491 -0.132683 -0.065848
v -0.155905 -0.149495 -0.065848
v -0.065947 -0.063769 -0.065848
v -0.106498 -0.071655 -0.065848
v -0.130346 -0.076293 -0.065848
v -0.170897 -0.084179 -0.065848
v -0.194745 -0.088817 -0.065848
v -0.159582 -0.221446 -0.065848
v -0.124086 -0.280995 -0.077879
v -0.112973 -0.276384 -0.065848
v -0.118564 -0.278703 -0.076215
v -0.114511 -0.277021 -0.071827
v -0.037920 -0.466738 -0.065848
v -0.032907 -0.463348 -0.076215
v -0.036542 -0.465806 -0.071827
v -0.027761 -0.459868 -0.077879
v -0.017795 -0.453129 -0.065848
v -0.022809 -0.456519 -0.076215
v -0.019174 -0.454061 -0.071827
v 0.070770 -0.393237 -0.065848
v 0.072149 -0.392305 -0.071827
v 0.075784 -0.389846 -0.076215
v 0.080929 -0.386367 -0.077879
v 0.089517 -0.380560 -0.071827
v 0.085882 -0.383018 -0.076215
v 0.032320 -0.279084 -0.065848
v 0.021542 -0.284429 -0.077879
v 0.030829 -0.279823 -0.071827
v 0.026898 -0.281773 -0.076215
v 0.010555 -0.289879 -0.065848
v 0.015977 -0.287189 -0.076215
v 0.012046 -0.289139 -0.071827
v -0.003110 -0.230794 -0.077879
v -0.012685 -0.234768 -0.071827
v -0.008632 -0.233086 -0.076215
v 0.008217 -0.226094 -0.065848
v 0.002627 -0.228414 -0.076215
v 0.006680 -0.226732 -0.071827
v -0.063848 -0.402444 -0.077879
v -0.054891 -0.397226 -0.071827
v -0.058683 -0.399435 -0.076215
v -0.074445 -0.408618 -0.065848
v -0.073007 -0.407780 -0.071827
v -0.069215 -0.405571 -0.076215
v -0.096214 -0.342834 -0.077879
v -0.101569 -0.345490 -0.076215
v -0.105501 -0.347440 -0.071827
v -0.085227 -0.337385 -0.065848
v -0.086718 -0.338124 -0.071827
v -0.090649 -0.340074 -0.076215
v 0.021439 -0.426597 -0.076215
v 0.017804 -0.429055 -0.071827
v 0.026584 -0.423118 -0.077879
v 0.031536 -0.419768 -0.076215
v 0.035171 -0.417310 -0.071827
v -0.059181 0.013750 -0.076221
v -0.060007 0.019104 -0.074626
v -0.055383 0.019824 -0.065848
v -0.054802 0.014218 -0.071817
v -0.056944 0.019412 -0.071548
v -0.060171 0.023545 -0.065848
v -0.060294 0.022012 -0.071548
v -0.065348 0.013092 -0.077879
v -0.066494 0.024534 -0.065848
v -0.065935 0.018767 -0.076221
v -0.071283 0.012458 -0.076221
v -0.071581 0.017941 -0.074626
v -0.072287 0.022389 -0.065848
v -0.066345 0.022956 -0.071817
v -0.071872 0.020887 -0.071548
v -0.075662 0.011990 -0.071817
v -0.076256 0.017732 -0.065848
v -0.074643 0.017633 -0.071548
v -0.124416 0.006784 -0.076221
v -0.125283 0.012542 -0.074626
v -0.120661 0.013282 -0.065848
v -0.120037 0.007252 -0.071817
v -0.122221 0.012850 -0.071548
v -0.131422 0.016748 -0.071817
v -0.125592 0.015669 -0.071548
v -0.130582 0.006126 -0.077879
v -0.142545 0.004849 -0.065848
v -0.131214 0.012224 -0.076221
v -0.136517 0.005492 -0.076221
v -0.136857 0.011379 -0.074626
v -0.137596 0.016159 -0.065848
v -0.137170 0.014544 -0.071548
v -0.140896 0.005025 -0.071817
v -0.139919 0.011071 -0.071548
v -0.183622 0.000462 -0.065848
v -0.196731 0.010517 -0.071817
v -0.190789 0.011084 -0.065848
v -0.190890 0.009325 -0.071548
v -0.189650 -0.000181 -0.076221
v -0.190559 0.005981 -0.074626
v -0.185271 0.000286 -0.071817
v -0.187497 0.006289 -0.071548
v -0.207780 -0.002117 -0.065848
v -0.195817 -0.000840 -0.077879
v -0.202904 0.009928 -0.065848
v -0.202468 0.008200 -0.071548
v -0.206131 -0.001941 -0.071817
v -0.206813 0.004647 -0.065848
v -0.205196 0.004509 -0.071548
v -0.196492 0.005681 -0.076221
v -0.201752 -0.001474 -0.076221
v -0.202133 0.004817 -0.074626
v 0.108422 -0.425146 -0.077879
v 0.103658 -0.436001 -0.065848
v 0.100156 -0.431412 -0.071817
v 0.104765 -0.434823 -0.071548
v 0.114456 -0.433013 -0.071817
v 0.109740 -0.436672 -0.065848
v 0.109013 -0.435294 -0.071548
v 0.103665 -0.428751 -0.076221
v 0.111883 -0.429681 -0.076221
v 0.107206 -0.432948 -0.074626
v 0.118195 -0.417737 -0.065848
v 0.116874 -0.418739 -0.071817
v 0.120293 -0.423220 -0.065848
v 0.118873 -0.423990 -0.071548
v 0.113364 -0.421399 -0.076221
v 0.116432 -0.425864 -0.074626
v 0.118216 -0.428179 -0.071548
v 0.041707 -0.445220 -0.077879
v 0.036915 -0.456293 -0.065848
v 0.033283 -0.451271 -0.071817
v 0.038041 -0.455129 -0.071548
v 0.042405 -0.455886 -0.071548
v 0.036860 -0.448702 -0.076221
v 0.045300 -0.450187 -0.076221
v 0.040529 -0.453318 -0.074626
v 0.051668 -0.438065 -0.065848
v 0.052967 -0.450162 -0.065848
v 0.048159 -0.453699 -0.071817
v 0.051787 -0.449010 -0.071548
v 0.050321 -0.439032 -0.071817
v 0.052423 -0.444662 -0.071548
v 0.046744 -0.441601 -0.076221
v 0.049934 -0.446473 -0.074626
v 0.003859 -0.504408 -0.077879
v -0.004407 -0.510674 -0.071817
v 0.000695 -0.514731 -0.071548
v 0.010793 -0.513449 -0.071817
v 0.005211 -0.515550 -0.071548
v -0.000897 -0.508014 -0.076221
v 0.007837 -0.509620 -0.076221
v 0.003136 -0.512857 -0.074625
v 0.012094 -0.514744 -0.065848
v 0.012311 -0.498002 -0.071817
v 0.014803 -0.503898 -0.071548
v 0.008801 -0.500662 -0.076221
v 0.012362 -0.505773 -0.074626
v 0.015692 -0.509647 -0.065848
v 0.014413 -0.508435 -0.071548
v 0.013632 -0.497000 -0.065848
v 0.016248 -0.503171 -0.065848
v -0.005728 -0.511676 -0.065848
v 0.006065 -0.517109 -0.065848
v -0.000378 -0.515945 -0.065848
v 0.049170 -0.455070 -0.065848
v 0.053875 -0.443955 -0.065848
v 0.031936 -0.452239 -0.065848
v 0.043152 -0.457375 -0.065848
v 0.119360 -0.429201 -0.065848
v 0.115429 -0.434265 -0.065848
v 0.098834 -0.432413 -0.065848
v -0.197134 0.012309 -0.065848
v -0.185946 0.006749 -0.065848
v -0.141530 0.011200 -0.065848
v -0.131582 0.018443 -0.065848
v -0.118388 0.007428 -0.065848
v -0.125470 0.017310 -0.065848
v -0.077311 0.011814 -0.065848
v -0.053153 0.014394 -0.065848
v -0.133876 -0.285057 -0.071827
v -0.129823 -0.283375 -0.076215
v -0.063490 -0.255850 -0.077879
v -0.053915 -0.251877 -0.071827
v -0.057968 -0.253558 -0.076215
v -0.069227 -0.258231 -0.076215
v -0.073281 -0.259912 -0.071827
v -0.048218 -0.319029 -0.065848
v -0.046727 -0.318290 -0.071827
v -0.042796 -0.316340 -0.076215
v -0.037232 -0.313580 -0.077879
v -0.031876 -0.310923 -0.076215
v -0.027944 -0.308973 -0.071827
v -0.007363 -0.369537 -0.077879
v -0.016320 -0.374755 -0.071827
v -0.012529 -0.372546 -0.076215
v 0.001796 -0.364201 -0.071827
v -0.001996 -0.366410 -0.076215
v 0.038928 -0.342568 -0.065848
v 0.044158 -0.339521 -0.076215
v 0.040366 -0.341730 -0.071827
v 0.049525 -0.336394 -0.077879
v 0.054691 -0.333385 -0.076215
v 0.058483 -0.331176 -0.071827
v -0.172531 -0.084497 -0.071827
v -0.176838 -0.085334 -0.076215
v -0.182935 -0.086520 -0.077879
v -0.188804 -0.087661 -0.076215
v -0.193111 -0.088499 -0.071827
v -0.179389 -0.155721 -0.065848
v -0.167759 -0.152638 -0.077879
v -0.177780 -0.155295 -0.071827
v -0.173538 -0.154170 -0.076215
v -0.157514 -0.149922 -0.071827
v -0.161755 -0.151046 -0.076215
v -0.118308 -0.073952 -0.077879
v -0.108132 -0.071973 -0.071827
v -0.112439 -0.072811 -0.076215
v -0.124405 -0.075138 -0.076215
v -0.128713 -0.075975 -0.071827
v -0.115974 -0.138909 -0.065848
v -0.104345 -0.135826 -0.077879
v -0.114366 -0.138482 -0.071827
v -0.110124 -0.137358 -0.076215
v -0.098341 -0.134234 -0.076215
v -0.094099 -0.133109 -0.071827
v -0.042099 -0.059132 -0.065848
v -0.043733 -0.059449 -0.071827
v -0.048040 -0.060287 -0.076215
v -0.054138 -0.061473 -0.077879
v -0.060006 -0.062614 -0.076215
v -0.064314 -0.063452 -0.071827
v -0.040931 -0.119013 -0.077879
v -0.050951 -0.121670 -0.071827
v -0.046709 -0.120545 -0.076215
v -0.029076 -0.115870 -0.065848
v -0.034926 -0.117421 -0.076215
v -0.030685 -0.116296 -0.071827
v -0.136568 -0.213660 -0.065848
v -0.147965 -0.217516 -0.077879
v -0.138145 -0.214193 -0.071827
v -0.142301 -0.215600 -0.076215
v -0.153848 -0.219506 -0.076215
v -0.158005 -0.220913 -0.071827
v -0.074424 -0.192634 -0.065848
v -0.085820 -0.196490 -0.077879
v -0.076000 -0.193167 -0.071827
v -0.080157 -0.194573 -0.076215
v -0.097437 -0.200420 -0.065848
v -0.095861 -0.199887 -0.071827
v -0.091704 -0.198480 -0.076215
v -0.012279 -0.171608 -0.065848
v -0.013855 -0.172141 -0.071827
v -0.018012 -0.173547 -0.076215
v -0.023896 -0.175538 -0.077879
v -0.035292 -0.179394 -0.065848
v -0.029559 -0.177454 -0.076215
v -0.033716 -0.178861 -0.071827
v 0.147067 -0.409106 -0.065848
v 0.222297 -0.493417 -0.065848
v -0.018565 -0.537874 -0.065848
v 0.075509 -0.643312 -0.065848
v 0.064177 -0.576548 -0.065848
v 0.077290 -0.590591 -0.065848
v 0.112551 -0.532232 -0.065848
v 0.124813 -0.545364 -0.065848
v 0.172337 -0.500137 -0.065848
v 0.160925 -0.487916 -0.065848
v 0.145849 -0.471028 -0.065848
v 0.134977 -0.458325 -0.065848
v 0.096351 -0.514085 -0.065848
v 0.084700 -0.500408 -0.065848
v 0.034400 -0.542511 -0.065848
v 0.046853 -0.557142 -0.065848
v 0.171050 -0.438533 -0.065848
v 0.196060 -0.466548 -0.065848
v 0.040592 -0.549856 -0.077879
v 0.049110 -0.603761 -0.077879
v 0.055892 -0.610955 -0.069132
v 0.052281 -0.607142 -0.076358
v 0.049282 -0.609533 -0.075004
v 0.047021 -0.612097 -0.069132
v 0.047790 -0.610938 -0.072954
v 0.054708 -0.609709 -0.073233
v 0.051732 -0.612531 -0.069132
v 0.050878 -0.611224 -0.072954
v 0.011730 -0.561487 -0.069132
v 0.015111 -0.565506 -0.076358
v 0.014993 -0.571700 -0.076358
v 0.012397 -0.568215 -0.075004
v 0.009694 -0.565442 -0.069132
v 0.012835 -0.562805 -0.073233
v 0.010896 -0.566438 -0.072954
v 0.009594 -0.570172 -0.069132
v 0.010832 -0.569539 -0.072954
v 0.011458 -0.574717 -0.069132
v 0.018112 -0.569039 -0.077879
v 0.012622 -0.573723 -0.073246
v 0.024566 -0.576529 -0.069132
v 0.021129 -0.572558 -0.076358
v 0.018026 -0.574813 -0.075004
v 0.015653 -0.577273 -0.069132
v 0.016472 -0.576150 -0.072954
v 0.023438 -0.575231 -0.073233
v 0.020340 -0.577917 -0.069132
v 0.019545 -0.576574 -0.072954
v 0.195196 -0.478383 -0.069132
v 0.197205 -0.474545 -0.069132
v 0.194230 -0.477367 -0.073233
v 0.196149 -0.473835 -0.072954
v 0.197511 -0.470319 -0.069132
v 0.196351 -0.471062 -0.072954
v 0.192252 -0.475274 -0.076358
v 0.192664 -0.469719 -0.076358
v 0.194859 -0.472467 -0.075004
v 0.196060 -0.466548 -0.069132
v 0.194942 -0.467592 -0.073246
v 0.184194 -0.466600 -0.069132
v 0.189667 -0.472518 -0.077879
v 0.185141 -0.467633 -0.073233
v 0.188160 -0.464858 -0.069132
v 0.188797 -0.465960 -0.072954
v 0.187094 -0.469750 -0.076358
v 0.190073 -0.467341 -0.075004
v 0.192397 -0.464842 -0.069132
v 0.191577 -0.465948 -0.072954
v 0.164397 -0.444211 -0.077879
v 0.169658 -0.450318 -0.069132
v 0.171050 -0.438533 -0.069132
v 0.166856 -0.447080 -0.076358
v 0.169586 -0.444393 -0.075004
v 0.171837 -0.446573 -0.069132
v 0.168739 -0.449259 -0.073233
v 0.170814 -0.445816 -0.072954
v 0.172332 -0.442365 -0.069132
v 0.171140 -0.443055 -0.072954
v 0.169887 -0.439526 -0.073246
v 0.159194 -0.438055 -0.069132
v 0.167516 -0.441549 -0.076358
v 0.161950 -0.441331 -0.076358
v 0.165034 -0.439058 -0.075004
v 0.167468 -0.436665 -0.069132
v 0.166599 -0.437734 -0.072954
v 0.160094 -0.439129 -0.073233
v 0.163234 -0.436492 -0.069132
v 0.163821 -0.437621 -0.072954
v 0.159194 -0.438055 -0.065848
v 0.163250 -0.436490 -0.065848
v 0.167453 -0.436662 -0.065848
v 0.169658 -0.450318 -0.065848
v 0.172333 -0.442380 -0.065848
v 0.171842 -0.446558 -0.065848
v 0.184194 -0.466600 -0.065848
v 0.188175 -0.464855 -0.065848
v 0.192383 -0.464839 -0.065848
v 0.195196 -0.478383 -0.065848
v 0.197513 -0.470334 -0.065848
v 0.197209 -0.474530 -0.065848
v 0.024566 -0.576529 -0.065848
v 0.011458 -0.574717 -0.065848
v 0.020324 -0.577918 -0.065848
v 0.015669 -0.577278 -0.065848
v 0.011730 -0.561487 -0.065848
v 0.009591 -0.570155 -0.065848
v 0.009691 -0.565458 -0.065848
v 0.055892 -0.610955 -0.065848
v 0.042716 -0.609731 -0.065848
v 0.051716 -0.612533 -0.065848
v 0.047038 -0.612102 -0.065848
v 0.042396 -0.596502 -0.065848
v 0.040647 -0.605257 -0.065848
v 0.040537 -0.600560 -0.065848
v 0.046103 -0.606568 -0.076349
v 0.043834 -0.608686 -0.073246
v 0.042396 -0.596502 -0.069132
v 0.042716 -0.609731 -0.069132
v 0.045954 -0.600366 -0.076358
v 0.043363 -0.603194 -0.075004
v 0.040540 -0.600544 -0.069132
v 0.043559 -0.597769 -0.073233
v 0.041785 -0.601486 -0.072954
v 0.040650 -0.605274 -0.069132
v 0.041859 -0.604587 -0.072954
v 0.166602 -0.494054 -0.077879
v 0.160925 -0.487916 -0.069132
v 0.163925 -0.491174 -0.076349
v 0.161914 -0.488994 -0.073246
v 0.118651 -0.538827 -0.077879
v 0.112551 -0.532232 -0.069132
v 0.115775 -0.535733 -0.076349
v 0.113614 -0.533390 -0.073246
v 0.172337 -0.500137 -0.069132
v 0.169292 -0.496922 -0.076349
v 0.171329 -0.499077 -0.073246
v 0.124813 -0.545364 -0.069132
v 0.123731 -0.544225 -0.073246
v 0.121542 -0.541909 -0.076349
v 0.064177 -0.576548 -0.069132
v 0.070700 -0.583601 -0.077879
v 0.065313 -0.577786 -0.073246
v 0.067624 -0.580292 -0.076349
v 0.077290 -0.590591 -0.069132
v 0.073791 -0.586896 -0.076349
v 0.076133 -0.589373 -0.073246
v 0.046853 -0.557142 -0.069132
v 0.043528 -0.553290 -0.076349
v 0.045753 -0.555872 -0.073246
v 0.096351 -0.514085 -0.069132
v 0.090493 -0.507275 -0.077879
v 0.095322 -0.512898 -0.073246
v 0.093240 -0.510484 -0.076349
v 0.034400 -0.542511 -0.069132
v 0.035478 -0.543800 -0.073246
v 0.037671 -0.546409 -0.076349
v 0.084700 -0.500408 -0.069132
v 0.087761 -0.504052 -0.076349
v 0.085709 -0.501613 -0.073246
v 0.145849 -0.471028 -0.069132
v 0.140383 -0.464703 -0.077879
v 0.144888 -0.469926 -0.073246
v 0.142946 -0.467684 -0.076349
v 0.134977 -0.458325 -0.069132
v 0.137833 -0.461710 -0.076349
v 0.135918 -0.459445 -0.073246
vn -0.0766 -0.0748 0.9943
vn -0.0782 -0.0731 0.9943
vn -0.3094 -0.2889 0.9060
vn -0.3029 -0.2958 0.9059
vn 0.8959 0.4443 -0.0000
vn 0.9236 0.3833 -0.0000
vn 0.9151 0.3797 0.1357
vn 0.8876 0.4402 0.1357
vn -0.6113 -0.0383 0.7905
vn -0.6124 -0.0191 0.7903
vn -0.6070 -0.0190 0.7945
vn -0.6059 -0.0379 0.7947
vn 0.1324 0.0083 0.9912
vn 0.1315 0.0167 0.9912
vn 0.4963 0.0629 0.8659
vn 0.4994 0.0313 0.8658
vn 0.4737 0.1603 0.8660
vn 0.4619 0.1917 0.8660
vn 0.7964 0.3305 0.5066
vn 0.8167 0.2763 0.5066
vn 0.4574 0.0286 0.8888
vn 0.4584 0.0143 0.8887
vn 0.4535 0.0142 0.8911
vn 0.4526 0.0283 0.8913
vn -0.7951 -0.1546 0.5864
vn -0.8035 -0.1019 0.5865
vn -0.9773 -0.1239 0.1717
vn -0.9670 -0.1881 0.1717
vn 0.0955 0.0932 0.9911
vn 0.0975 0.0911 0.9911
vn 0.1175 0.1097 0.9870
vn 0.1151 0.1124 0.9870
vn -0.0000 -0.0000 1.0000
vn 0.4909 0.0955 0.8660
vn 0.4834 0.1282 0.8660
vn 0.8334 0.2210 0.5066
vn 0.8463 0.1646 0.5066
vn 0.1143 0.1067 0.9877
vn 0.1119 0.1093 0.9877
vn 0.3251 0.3174 0.8908
vn 0.3320 0.3100 0.8909
vn -0.5916 -0.5524 0.5873
vn -0.5791 -0.5655 0.5872
vn 0.4340 0.1468 0.8889
vn 0.4429 0.1174 0.8889
vn 0.4378 0.1161 0.8915
vn 0.4290 0.1452 0.8916
vn 0.3589 0.3504 0.8651
vn 0.3665 0.3423 0.8652
vn -0.2214 -0.0069 0.9752
vn -0.2209 -0.0138 0.9752
vn 0.7155 0.6986 -0.0000
vn 0.7309 0.6825 -0.0000
vn 0.7242 0.6762 0.1356
vn 0.7089 0.6922 0.1356
vn -0.7257 -0.3599 0.5864
vn -0.7482 -0.3105 0.5864
vn -0.9099 -0.3776 0.1717
vn -0.8826 -0.4377 0.1717
vn 0.1327 0.0041 0.9911
vn 0.1616 0.0050 0.9868
vn 0.1612 0.0101 0.9869
vn 0.1255 0.0425 0.9912
vn 0.1281 0.0340 0.9912
vn 0.1560 0.0414 0.9869
vn 0.1529 0.0517 0.9869
vn -0.7673 -0.2596 0.5864
vn -0.7830 -0.2076 0.5864
vn -0.9523 -0.2525 0.1717
vn -0.9332 -0.3157 0.1717
vn 0.1301 0.0253 0.9912
vn 0.4231 0.1756 0.8889
vn 0.1490 0.0618 0.9869
vn 0.9473 0.3205 -0.0000
vn 0.9666 0.2563 -0.0000
vn 0.9577 0.2539 0.1357
vn 0.9385 0.3175 0.1357
vn -0.2059 -0.0546 0.9771
vn -0.2089 -0.0406 0.9771
vn -0.1058 -0.0206 0.9942
vn -0.1042 -0.0276 0.9942
vn -0.3517 -0.2379 0.9054
vn -0.3669 -0.2137 0.9054
vn -0.6999 -0.4078 0.5864
vn -0.6710 -0.4538 0.5864
vn -0.8083 -0.0506 0.5866
vn -0.8096 -0.0253 0.5864
vn -0.9847 -0.0308 0.1716
vn -0.9832 -0.0615 0.1717
vn -0.4022 -0.1361 0.9054
vn -0.4104 -0.1088 0.9054
vn 0.1551 0.0097 0.9878
vn 0.1539 0.0195 0.9879
vn 0.4496 0.0570 0.8914
vn 0.8606 0.0539 0.5064
vn 0.8554 0.1085 0.5065
vn 0.9829 0.1246 0.1357
vn 0.9888 0.0619 0.1357
vn -0.6015 -0.1170 0.7903
vn -0.6078 -0.0771 0.7904
vn -0.6022 -0.0764 0.7947
vn -0.5958 -0.1159 0.7948
vn 0.1233 0.0949 0.9878
vn 0.1189 0.1014 0.9877
vn 0.3454 0.2947 0.8910
vn 0.3594 0.2767 0.8912
vn 0.4546 0.0576 0.8888
vn 0.1602 0.0203 0.9869
vn 0.6305 0.5887 0.5058
vn 0.6172 0.6027 0.5057
vn -0.4168 -0.0811 0.9054
vn -0.4211 -0.0534 0.9054
vn 0.3276 0.3199 0.8890
vn 0.3345 0.3124 0.8891
vn -0.3804 -0.1887 0.9054
vn -0.3922 -0.1627 0.9054
vn -0.2113 -0.0268 0.9771
vn -0.1068 -0.0136 0.9942
vn 0.1521 0.0296 0.9879
vn 0.1497 0.0397 0.9879
vn 0.4447 0.0865 0.8915
vn 0.7724 0.3831 0.5066
vn 0.7450 0.4340 0.5066
vn 0.8561 0.4987 0.1357
vn -0.1850 -0.1078 0.9768
vn -0.1914 -0.0949 0.9769
vn -0.0966 -0.0479 0.9942
vn -0.0931 -0.0543 0.9942
vn 0.4498 0.0875 0.8888
vn 0.1585 0.0308 0.9869
vn 0.1224 0.0508 0.9912
vn -0.0995 -0.0413 0.9942
vn 0.1054 0.0811 0.9911
vn 0.1015 0.0866 0.9911
vn 0.3815 0.3255 0.8652
vn 0.3968 0.3055 0.8656
vn 0.1098 0.0742 0.9912
vn 0.4143 0.2802 0.8660
vn 0.3796 0.2567 0.8888
vn 0.3628 0.2793 0.8890
vn 0.1276 0.0983 0.9869
vn 0.1338 0.0905 0.9869
vn 0.1387 0.0688 0.9879
vn 0.1338 0.0779 0.9879
vn 0.3914 0.2280 0.8915
vn 0.4057 0.2012 0.8916
vn -0.6157 -0.5254 0.5873
vn -0.6416 -0.4940 0.5868
vn -0.7806 -0.6010 0.1718
vn -0.7494 -0.6395 0.1719
vn 0.7142 0.4830 0.5066
vn 0.6834 0.5261 0.5062
vn 0.7851 0.6044 0.1356
vn 0.8207 0.5550 0.1357
vn 0.1466 0.0496 0.9879
vn 0.1430 0.0593 0.9879
vn 0.4183 0.1736 0.8916
vn -0.0814 -0.0695 0.9943
vn -0.0851 -0.0655 0.9942
vn -0.3359 -0.2586 0.9057
vn -0.3220 -0.2748 0.9060
vn 0.4104 0.2036 0.8889
vn 0.3959 0.2306 0.8889
vn 0.1395 0.0813 0.9869
vn 0.1446 0.0717 0.9869
vn -0.8512 -0.4959 0.1717
vn -0.8161 -0.5519 0.1717
vn -0.1995 -0.0990 0.9749
vn -0.1929 -0.1124 0.9748
vn 0.9980 0.0625 -0.0000
vn 0.9995 0.0312 -0.0000
vn 0.9903 0.0310 0.1356
vn -0.2177 -0.0423 0.9751
vn -0.2145 -0.0569 0.9751
vn -0.1021 -0.0345 0.9942
vn -0.4235 -0.0265 0.9055
vn -0.4243 -0.0133 0.9054
vn 0.3753 0.2538 0.8915
vn 0.1145 0.0667 0.9912
vn 0.9725 0.1891 0.1357
vn 0.6562 0.5600 0.5058
vn 0.3481 0.2970 0.8892
vn 0.1187 0.0589 0.9912
vn 0.4321 0.2518 0.8660
vn 0.4480 0.2222 0.8660
vn 0.8284 0.5602 -0.0000
vn 0.8641 0.5034 -0.0000
vn -0.7200 -0.6723 0.1719
vn -0.7048 -0.6883 0.1718
vn -0.2127 -0.0133 0.9770
vn -0.2131 -0.0067 0.9770
vn -0.1076 -0.0034 0.9942
vn -0.1074 -0.0067 0.9942
vn 0.1555 0.0049 0.9878
vn 0.1283 0.0868 0.9879
vn 0.1222 0.1043 0.9870
vn -0.4411 -0.4307 0.7874
vn -0.4503 -0.4205 0.7876
vn -0.4472 -0.4175 0.7910
vn -0.4379 -0.4276 0.7908
vn 0.7537 0.6431 0.1356
vn 0.7607 0.6491 -0.0000
vn 0.7924 0.6100 -0.0000
vn -0.0893 -0.0604 0.9942
vn 0.9816 0.1909 -0.0000
vn 0.9921 0.1258 -0.0000
vn -0.5496 -0.2726 0.7897
vn -0.5664 -0.2351 0.7899
vn -0.5610 -0.2328 0.7944
vn -0.5443 -0.2700 0.7942
vn -0.1854 -0.1255 0.9746
vn -0.5090 -0.3442 0.7890
vn -0.5304 -0.3091 0.7894
vn -0.5253 -0.3060 0.7940
vn -0.5040 -0.3408 0.7936
vn -0.4870 -0.3750 0.7888
vn -0.4830 -0.3718 0.7927
vn -0.5807 -0.1965 0.7901
vn -0.5924 -0.1571 0.7902
vn -0.5868 -0.1556 0.7947
vn -0.5751 -0.1946 0.7946
vn -0.2104 -0.0712 0.9750
vn -0.2054 -0.0852 0.9750
vn -0.1569 -0.1532 0.9757
vn -0.1600 -0.1494 0.9757
vn -0.1659 -0.1414 0.9760
vn -0.1713 -0.1318 0.9764
vn -0.1649 -0.1541 0.9742
vn -0.1707 -0.1458 0.9745
vn -0.4679 -0.3994 0.7884
vn -0.4648 -0.3965 0.7917
vn -0.1778 -0.1202 0.9767
vn -0.1971 -0.0818 0.9770
vn -0.2019 -0.0683 0.9770
vn -0.9236 -0.3833 -0.0000
vn -0.8959 -0.4443 -0.0000
vn -0.9473 -0.3205 -0.0000
vn -0.8641 -0.5034 -0.0000
vn -0.8284 -0.5602 -0.0000
vn -0.7309 -0.6825 -0.0000
vn -0.7607 -0.6491 -0.0000
vn -0.7924 -0.6100 -0.0000
vn -0.9666 -0.2563 -0.0000
vn -0.9816 -0.1909 -0.0000
vn -0.9995 -0.0312 -0.0000
vn -0.9980 -0.0625 -0.0000
vn -0.9921 -0.1258 -0.0000
vn -0.7155 -0.6986 -0.0000
vn -0.2198 -0.0279 0.9751
vn -0.1618 -0.1580 0.9741
vn -0.1775 -0.1367 0.9746
vn 0.5003 0.0156 0.8657
vn 0.8620 0.0269 0.5062
vn -0.0233 0.1392 0.9900
vn 0.4693 0.1925 0.8618
vn 0.3928 0.5094 0.7656
vn -0.0557 0.5053 0.8611
vn 0.8353 0.2392 0.4950
vn 0.7118 0.5421 0.4465
vn 0.9287 0.2566 0.2676
vn 0.7779 0.5761 0.2510
vn 0.3756 0.8938 0.2452
vn 0.3551 0.8251 0.4395
vn -0.0968 0.9599 0.2631
vn -0.0894 0.8722 0.4809
vn -0.4919 0.4157 0.7650
vn -0.5080 0.0665 0.8588
vn -0.5152 0.7353 0.4405
vn -0.5475 0.7997 0.2464
vn -0.8801 0.4024 0.2519
vn -0.8084 0.3825 0.4475
vn -0.9630 0.0133 0.2693
vn -0.8690 0.0204 0.4944
vn -0.0201 0.1305 0.9912
vn 0.4722 0.1843 0.8620
vn 0.4017 0.4858 0.7763
vn -0.0542 0.4832 0.8738
vn 0.8371 0.2307 0.4960
vn 0.7245 0.5202 0.4521
vn 0.9310 0.2479 0.2680
vn 0.7918 0.5550 0.2550
vn 0.4010 0.8790 0.2580
vn 0.3778 0.8049 0.4577
vn -0.0870 0.9557 0.2810
vn -0.0783 0.8612 0.5023
vn -0.4942 0.3943 0.7748
vn -0.5069 0.0582 0.8600
vn -0.5269 0.7166 0.4570
vn -0.5603 0.7863 0.2603
vn -0.8889 0.3801 0.2556
vn -0.8160 0.3591 0.4529
vn -0.9630 0.0048 0.2695
vn -0.8687 0.0121 0.4952
vn -0.0977 0.9492 0.2991
vn -0.0762 0.8495 0.5221
vn 0.3944 0.7880 0.4727
vn 0.4169 0.8684 0.2685
vn -0.0521 0.4627 0.8850
vn 0.4086 0.4654 0.7852
vn -0.0215 0.1222 0.9923
vn 0.4728 0.1766 0.8633
vn 0.8386 0.2233 0.4968
vn 0.7355 0.5002 0.4570
vn 0.9329 0.2403 0.2682
vn 0.8036 0.5362 0.2583
vn -0.5778 0.7683 0.2756
vn -0.5416 0.6944 0.4738
vn -0.8968 0.3587 0.2589
vn -0.8225 0.3377 0.4576
vn -0.9629 -0.0029 0.2698
vn -0.8683 0.0046 0.4960
vn -0.5079 0.0506 0.8599
vn -0.4968 0.3732 0.7835
vn -0.6869 -0.6751 0.2691
vn -0.3652 -0.8962 0.2519
vn -0.3266 -0.8325 0.4475
vn -0.6140 -0.6152 0.4946
vn 0.1494 -0.9576 0.2464
vn 0.1287 -0.8885 0.4405
vn 0.5874 -0.7654 0.2630
vn 0.5327 -0.6964 0.4809
vn 0.3057 -0.4062 0.8611
vn -0.0733 -0.6398 0.7650
vn 0.0813 -0.1154 0.9900
vn -0.3201 -0.3983 0.8596
vn 0.8485 0.4563 0.2679
vn 0.7692 0.4043 0.4949
vn 0.8899 0.0931 0.4465
vn 0.9613 0.1137 0.2511
vn 0.4733 0.1858 0.8611
vn 0.6352 -0.1018 0.7656
vn 0.8240 -0.3576 0.4395
vn 0.8862 -0.3931 0.2451
vn -0.7057 -0.6554 0.2692
vn -0.4101 -0.8755 0.2557
vn -0.3692 -0.8115 0.4529
vn -0.6311 -0.5968 0.4956
vn 0.1055 -0.9598 0.2602
vn 0.0846 -0.8855 0.4569
vn 0.5718 -0.7707 0.2810
vn 0.5154 -0.6944 0.5023
vn 0.2816 -0.3964 0.8738
vn -0.1057 -0.6233 0.7748
vn 0.0736 -0.1097 0.9912
vn -0.3333 -0.3856 0.8604
vn 0.8844 -0.3888 0.2581
vn 0.8180 -0.3484 0.4577
vn 0.9603 0.1132 0.2548
vn 0.8869 0.0948 0.4521
vn 0.8529 0.4477 0.2684
vn 0.7725 0.3969 0.4957
vn 0.4727 0.1841 0.8618
vn 0.6232 -0.0946 0.7763
vn -0.6980 -0.6634 0.2695
vn -0.4069 -0.8760 0.2590
vn -0.3677 -0.8095 0.4577
vn -0.6243 -0.6034 0.4961
vn 0.1058 -0.9571 0.2699
vn 0.0802 -0.8777 0.4725
vn 0.5895 -0.7504 0.2989
vn 0.5170 -0.6784 0.5220
vn 0.2796 -0.3723 0.8850
vn -0.1078 -0.6116 0.7838
vn 0.0710 -0.1018 0.9923
vn -0.3310 -0.3867 0.8607
vn 0.8403 0.4710 0.2685
vn 0.7606 0.4182 0.4967
vn 0.8784 0.1398 0.4570
vn 0.9527 0.1603 0.2582
vn 0.4649 0.1997 0.8625
vn 0.6167 -0.0607 0.7849
vn 0.8261 -0.3047 0.4740
vn 0.8973 -0.3459 0.2742
vn -0.9126 -0.3088 0.2682
vn -0.8898 -0.3692 0.2682
vn -0.7989 -0.3315 0.5018
vn -0.8193 -0.2772 0.5018
vn -0.4684 -0.1945 0.8619
vn -0.4814 -0.1629 0.8612
vn -0.0078 -0.0032 1.0000
vn -0.0099 -0.0034 0.9999
vn -0.8324 -0.4850 0.2682
vn -0.7998 -0.5371 0.2681
vn -0.7180 -0.4821 0.5020
vn -0.7474 -0.4354 0.5018
vn -0.4191 -0.2812 0.8633
vn -0.4356 -0.2538 0.8636
vn -0.0018 -0.0013 1.0000
vn -0.0007 -0.0004 1.0000
vn 0.8898 0.3692 0.2682
vn 0.9126 0.3088 0.2682
vn 0.4727 0.1601 0.8666
vn 0.4610 0.1911 0.8666
vn -0.0028 -0.0009 1.0000
vn -0.0027 -0.0012 1.0000
vn -0.9465 -0.1795 0.2680
vn -0.9312 -0.2469 0.2682
vn -0.8361 -0.2217 0.5018
vn -0.8500 -0.1612 0.5015
vn -0.4892 -0.1297 0.8625
vn -0.4978 -0.0944 0.8621
vn -0.0060 -0.0016 1.0000
vn -0.0057 -0.0011 1.0000
vn 0.9312 0.2469 0.2682
vn 0.9465 0.1795 0.2681
vn 0.8469 0.1606 0.5069
vn 0.4886 0.0927 0.8676
vn 0.4813 0.1276 0.8672
vn -0.8630 -0.4281 0.2682
vn -0.7749 -0.3843 0.5018
vn -0.4526 -0.2244 0.8630
vn -0.4656 -0.1932 0.8636
vn -0.0026 -0.0013 1.0000
vn -0.0007 -0.0003 1.0000
vn -0.8631 -0.4281 0.2682
vn -0.4364 -0.2543 0.8630
vn -0.4534 -0.2249 0.8625
vn -0.0025 -0.0014 1.0000
vn -0.0055 -0.0028 1.0000
vn 0.4865 0.0923 0.8688
vn 0.4793 0.1271 0.8684
vn -0.0111 -0.0021 0.9999
vn -0.0101 -0.0027 0.9999
vn -0.4666 -0.1935 0.8630
vn -0.4785 -0.1620 0.8630
vn -0.4784 -0.1620 0.8630
vn -0.4191 -0.2813 0.8633
vn -0.0019 -0.0013 1.0000
vn 0.7998 0.5371 0.2681
vn 0.7159 0.4807 0.5063
vn 0.4147 0.2782 0.8664
vn -0.9465 -0.1795 0.2681
vn -0.4912 -0.1302 0.8612
vn -0.4998 -0.0948 0.8609
vn 0.8033 0.5319 0.2680
vn 0.8324 0.4850 0.2682
vn 0.7192 0.4763 0.5058
vn 0.4302 0.2507 0.8672
vn 0.4163 0.2754 0.8665
vn -0.0054 -0.0031 1.0000
vn -0.0025 -0.0016 1.0000
vn 0.7998 0.5371 0.2680
vn 0.4311 0.2514 0.8666
vn 0.4147 0.2783 0.8664
vn -0.4373 -0.2548 0.8625
vn -0.4525 -0.2245 0.8630
vn -0.0026 -0.0012 1.0000
vn 0.8631 0.4281 0.2682
vn 0.4470 0.2219 0.8666
vn -0.8032 -0.5319 0.2680
vn -0.7208 -0.4774 0.5025
vn -0.4211 -0.2787 0.8631
vn -0.4902 -0.1300 0.8619
vn -0.0081 -0.0021 1.0000
vn 0.8630 0.4281 0.2682
vn 0.4461 0.2212 0.8672
vn 0.4697 0.1589 0.8684
vn 0.4589 0.1906 0.8678
vn 0.4802 0.1275 0.8678
vn 0.4471 0.2216 0.8666
vn 0.9465 0.1795 0.2680
vn -0.6755 0.7374 -0.0000
vn -0.6633 0.7235 0.1910
vn -0.6646 0.7249 0.1814
vn -0.8082 0.5889 -0.0003
vn -0.7918 0.5806 0.1893
vn -0.6419 0.7668 -0.0000
vn -0.6303 0.7525 0.1910
vn -0.6315 0.7539 0.1814
vn -0.7811 0.6244 -0.0003
vn -0.7651 0.6155 0.1893
vn 0.6563 -0.7545 -0.0000
vn 0.6451 -0.7422 0.1814
vn 0.6439 -0.7408 0.1910
vn 0.4938 -0.8696 -0.0003
vn 0.4874 -0.8524 0.1893
vn 0.6894 -0.7244 -0.0000
vn 0.7985 -0.6021 -0.0003
vn 0.7868 -0.5957 0.1615
vn 0.6789 -0.7140 0.1713
vn 0.7707 -0.6371 -0.0003
vn 0.7594 -0.6303 0.1615
vn 0.6463 -0.7436 0.1713
vn 0.5322 -0.8466 -0.0003
vn 0.6764 -0.7113 0.1910
vn 0.5251 -0.8297 0.1893
vn -0.5080 0.8614 -0.0003
vn -0.6327 0.7552 0.1713
vn -0.5030 0.8491 0.1615
vn 0.6777 -0.7126 0.1814
vn -0.6658 0.7262 0.1713
vn -0.5460 0.8378 -0.0003
vn -0.5404 0.8257 0.1616
vn -0.1263 -0.1179 0.9850
vn -0.3876 -0.3619 0.8478
vn -0.0575 -0.6508 0.7571
vn 0.2168 -0.4676 0.8570
vn -0.6196 -0.5785 0.5306
vn -0.2544 -0.8351 0.4877
vn -0.7199 -0.6722 0.1729
vn -0.2938 -0.9419 0.1629
vn 0.1416 -0.9749 0.1715
vn 0.1113 -0.8552 0.5062
vn 0.4310 -0.7041 0.5644
vn -0.1313 -0.1120 0.9850
vn -0.4401 0.2684 0.8569
vn -0.6532 0.0164 0.7570
vn -0.4028 -0.3437 0.8483
vn -0.6509 0.5078 0.5644
vn -0.8372 0.2072 0.5062
vn -0.9527 0.2509 0.1715
vn -0.9691 -0.1855 0.1629
vn -0.8584 -0.1584 0.4878
vn -0.7492 -0.6393 0.1729
vn -0.6447 -0.5502 0.5307
vn -0.0865 -0.6476 0.7570
vn 0.1958 -0.4768 0.8569
vn -0.2915 -0.8228 0.4878
vn -0.3356 -0.9278 0.1629
vn 0.0979 -0.9803 0.1715
vn 0.0729 -0.8593 0.5062
vn 0.3991 -0.7227 0.5644
vn 0.9496 -0.2756 0.1494
vn 0.8563 -0.2430 0.4558
vn 0.6932 -0.5145 0.5047
vn 0.9760 0.1529 0.1549
vn 0.8746 0.1271 0.4679
vn 0.7201 0.6724 0.1716
vn 0.6206 0.5795 0.5282
vn 0.3857 0.3601 0.8494
vn 0.6874 -0.0479 0.7247
vn 0.1258 0.1175 0.9851
vn 0.4915 -0.2960 0.8190
vn -0.4659 0.7268 0.5047
vn -0.1838 0.8709 0.4558
vn -0.2100 0.9662 0.1494
vn -0.2617 0.5106 0.8190
vn -0.0007 0.6890 0.7247
vn 0.1866 0.8639 0.4679
vn 0.2194 0.9633 0.1549
vn 0.1309 0.1117 0.9851
vn 0.4778 -0.3177 0.8190
vn 0.6845 -0.0786 0.7247
vn 0.4014 0.3425 0.8494
vn 0.6695 -0.5450 0.5047
vn 0.8445 -0.2811 0.4558
vn 0.9363 -0.3178 0.1494
vn 0.9819 0.1091 0.1549
vn 0.8794 0.0878 0.4679
vn 0.7494 0.6395 0.1716
vn 0.6459 0.5512 0.5282
vn 0.0301 0.6884 0.7247
vn -0.2386 0.5218 0.8190
vn 0.2251 0.8547 0.4679
vn 0.2622 0.9525 0.1549
vn -0.1665 0.9747 0.1494
vn -0.1447 0.8782 0.4558
vn -0.4329 0.7469 0.5047
vn -0.4516 0.2483 0.8570
vn -0.6532 -0.0128 0.7571
vn -0.6729 0.4782 0.5644
vn -0.8456 0.1695 0.5062
vn -0.9630 0.2080 0.1715
vn -0.9598 -0.2286 0.1629
vn -0.8506 -0.1966 0.4877
vn 0.5749 -0.6064 0.5494
vn 0.5655 -0.5965 0.5696
vn 0.3644 -0.3865 0.8472
vn 0.3505 -0.3717 0.8596
vn 0.0006 0.0006 1.0000
vn 0.0006 0.0005 1.0000
vn -0.5564 0.6050 0.5696
vn -0.5656 0.6151 0.5494
vn -0.3469 0.3751 0.8596
vn -0.3607 0.3900 0.8472
vn 0.5472 -0.6315 0.5494
vn 0.5383 -0.6212 0.5696
vn 0.3468 -0.4024 0.8472
vn 0.3335 -0.3870 0.8596
vn 0.5844 -0.6164 0.5277
vn 0.3792 -0.4021 0.8334
vn -0.5750 0.6252 0.5277
vn -0.3753 0.4058 0.8334
vn 0.7309 0.6825 -0.0006
vn 0.2136 0.9769 0.0002
vn -0.2065 0.9784 0.0002
vn -0.7607 -0.6491 -0.0006
vn -0.9833 -0.1821 0.0002
vn -0.9696 0.2449 0.0002
vn -0.3345 -0.9424 0.0002
vn 0.0893 -0.9960 0.0002
vn 0.9488 -0.3157 0.0002
vn 0.9948 0.1018 0.0001
vn 0.7607 0.6491 -0.0006
vn 0.1338 -0.9910 0.0002
vn -0.2921 -0.9564 0.0002
vn -0.7309 -0.6825 -0.0006
vn -0.9742 -0.2259 0.0002
vn -0.9795 0.2013 0.0002
vn -0.1626 0.9867 0.0001
vn 0.2570 0.9664 0.0001
vn -0.5288 0.6293 0.5696
vn -0.5375 0.6397 0.5494
vn -0.3297 0.3902 0.8596
vn -0.3429 0.4058 0.8472
vn 0.5563 -0.6419 0.5277
vn 0.3608 -0.4187 0.8334
vn -0.5465 0.6503 0.5277
vn -0.3567 0.4222 0.8334
vn 0.9893 0.1462 0.0002
vn 0.9620 -0.2730 0.0002
vn 0.7851 0.6044 -0.1357
vn 0.8207 0.5550 -0.1357
vn -0.0000 -0.0000 -1.0000
vn 0.8334 0.2210 -0.5066
vn 0.9577 0.2539 -0.1357
vn 0.9385 0.3175 -0.1357
vn 0.8167 0.2763 -0.5066
vn 0.1187 0.0589 -0.9912
vn 0.1446 0.0717 -0.9869
vn 0.1490 0.0618 -0.9869
vn 0.1224 0.0508 -0.9912
vn -0.3220 -0.2748 -0.9060
vn -0.6157 -0.5254 -0.5873
vn -0.6416 -0.4940 -0.5868
vn -0.3359 -0.2586 -0.9057
vn -0.7673 -0.2596 -0.5864
vn -0.9332 -0.3157 -0.1717
vn -0.9523 -0.2525 -0.1717
vn -0.7830 -0.2076 -0.5864
vn -0.1021 -0.0345 -0.9942
vn -0.4022 -0.1361 -0.9054
vn -0.4104 -0.1088 -0.9054
vn -0.1042 -0.0276 -0.9942
vn 0.4480 0.2222 -0.8660
vn 0.4321 0.2518 -0.8660
vn 0.1145 0.0667 -0.9912
vn 0.7089 0.6922 -0.1356
vn 0.7242 0.6762 -0.1356
vn 0.6451 -0.7422 -0.1814
vn 0.6463 -0.7436 -0.1713
vn 0.1054 0.0811 -0.9911
vn 0.3968 0.3055 -0.8656
vn 0.3815 0.3255 -0.8652
vn 0.1015 0.0866 -0.9911
vn -0.3094 -0.2889 -0.9060
vn -0.0814 -0.0695 -0.9943
vn -0.0782 -0.0731 -0.9943
vn -0.4168 -0.0811 -0.9054
vn -0.1058 -0.0206 -0.9942
vn -0.2209 -0.0138 -0.9752
vn -0.2214 -0.0069 -0.9752
vn 0.6834 0.5261 -0.5062
vn 0.7537 0.6431 -0.1356
vn 0.6562 0.5600 -0.5058
vn 0.8463 0.1646 -0.5066
vn 0.9725 0.1891 -0.1357
vn 0.4104 0.2036 -0.8889
vn 0.4057 0.2012 -0.8916
vn 0.4183 0.1736 -0.8916
vn 0.4231 0.1756 -0.8889
vn -0.2177 -0.0423 -0.9751
vn -0.2198 -0.0279 -0.9751
vn -0.4235 -0.0265 -0.9055
vn -0.8083 -0.0506 -0.5866
vn -0.8096 -0.0253 -0.5864
vn -0.4243 -0.0133 -0.9054
vn 0.1395 0.0813 -0.9869
vn -0.2054 -0.0852 -0.9750
vn -0.2104 -0.0712 -0.9750
vn -0.6113 -0.0383 -0.7905
vn -0.6078 -0.0771 -0.7904
vn 0.7606 0.4182 -0.4967
vn 0.4649 0.1997 -0.8625
vn 0.4147 0.2783 -0.8664
vn 0.7159 0.4807 -0.5063
vn 0.8033 0.5319 -0.2680
vn 0.7192 0.4763 -0.5058
vn 0.7450 0.4340 -0.5066
vn 0.8324 0.4850 -0.2682
vn 0.7724 0.3831 -0.5066
vn 0.8631 0.4281 -0.2682
vn -0.2019 -0.0683 -0.9770
vn -0.5751 -0.1946 -0.7946
vn -0.5610 -0.2328 -0.7944
vn -0.1971 -0.0818 -0.9770
vn -0.1914 -0.0949 -0.9769
vn -0.5443 -0.2700 -0.7942
vn -0.5253 -0.3060 -0.7940
vn -0.1850 -0.1078 -0.9768
vn -0.1659 -0.1414 -0.9760
vn -0.0851 -0.0655 -0.9942
vn -0.1713 -0.1318 -0.9764
vn -0.4503 -0.4205 -0.7876
vn -0.1649 -0.1541 -0.9742
vn -0.1618 -0.1580 -0.9741
vn -0.4411 -0.4307 -0.7874
vn 0.7142 0.4830 -0.5066
vn 0.8876 0.4402 -0.1357
vn 0.8561 0.4987 -0.1357
vn 0.4429 0.1174 -0.8889
vn 0.1560 0.0414 -0.9869
vn 0.1529 0.0517 -0.9869
vn 0.4340 0.1468 -0.8889
vn 0.9151 0.3797 -0.1357
vn 0.7964 0.3305 -0.5066
vn -0.8361 -0.2217 -0.5018
vn -0.4912 -0.1302 -0.8612
vn -0.4814 -0.1629 -0.8612
vn -0.8193 -0.2772 -0.5018
vn -0.1068 -0.0136 -0.9942
vn -0.4211 -0.0534 -0.9054
vn -0.1074 -0.0067 -0.9942
vn -0.7806 -0.6010 -0.1718
vn -0.8161 -0.5519 -0.1717
vn -0.6710 -0.4538 -0.5864
vn -0.3804 -0.1887 -0.9054
vn -0.7257 -0.3599 -0.5864
vn -0.7482 -0.3105 -0.5864
vn -0.3922 -0.1627 -0.9054
vn -0.4785 -0.1620 -0.8630
vn -0.0028 -0.0009 -1.0000
vn -0.0027 -0.0012 -1.0000
vn -0.4666 -0.1935 -0.8630
vn -0.1600 -0.1494 -0.9757
vn 0.1466 0.0496 -0.9879
vn 0.4290 0.1452 -0.8916
vn 0.1430 0.0593 -0.9879
vn 0.1255 0.0425 -0.9912
vn 0.4737 0.1603 -0.8660
vn 0.4619 0.1917 -0.8660
vn 0.6305 0.5887 -0.5058
vn 0.5655 -0.5965 -0.5696
vn 0.3505 -0.3717 -0.8596
vn 0.3644 -0.3865 -0.8472
vn 0.5749 -0.6064 -0.5494
vn -0.6015 -0.1170 -0.7903
vn -0.8032 -0.5319 -0.2680
vn -0.7208 -0.4774 -0.5025
vn -0.6311 -0.5968 -0.4956
vn -0.7057 -0.6554 -0.2692
vn -0.5090 -0.3442 -0.7890
vn -0.5040 -0.3408 -0.7936
vn -0.5304 -0.3091 -0.7894
vn 0.1387 0.0688 -0.9879
vn 0.1338 0.0779 -0.9879
vn 0.0975 0.0911 -0.9911
vn 0.3665 0.3423 -0.8652
vn 0.3589 0.3504 -0.8651
vn 0.0955 0.0932 -0.9911
vn 0.4378 0.1161 -0.8915
vn -0.4870 -0.3750 -0.7888
vn -0.1775 -0.1367 -0.9746
vn -0.1707 -0.1458 -0.9745
vn -0.4679 -0.3994 -0.7884
vn 0.4584 0.0143 -0.8887
vn 0.1616 0.0050 -0.9868
vn 0.1612 0.0101 -0.9869
vn 0.4574 0.0286 -0.8888
vn -0.6059 -0.0379 -0.7947
vn -0.6070 -0.0190 -0.7945
vn -0.6124 -0.0191 -0.7903
vn -0.7989 -0.3315 -0.5018
vn -0.4534 -0.2249 -0.8625
vn -0.7749 -0.3843 -0.5018
vn -0.4684 -0.1945 -0.8619
vn -0.0966 -0.0479 -0.9942
vn -0.0995 -0.0413 -0.9942
vn 0.1521 0.0296 -0.9879
vn 0.4447 0.0865 -0.8915
vn 0.1497 0.0397 -0.9879
vn -0.4656 -0.1932 -0.8636
vn -0.4526 -0.2244 -0.8630
vn -0.9099 -0.3776 -0.1717
vn -0.5791 -0.5655 -0.5872
vn -0.7048 -0.6883 -0.1718
vn -0.7200 -0.6723 -0.1719
vn -0.5916 -0.5524 -0.5873
vn 0.1276 0.0983 -0.9869
vn 0.1338 0.0905 -0.9869
vn 0.1098 0.0742 -0.9912
vn 0.6789 -0.7140 -0.1713
vn 0.5844 -0.6164 -0.5277
vn 0.6932 -0.5145 -0.5047
vn 0.7868 -0.5957 -0.1615
vn 0.8898 0.3692 -0.2682
vn -0.7494 -0.6395 -0.1719
vn -0.3517 -0.2379 -0.9054
vn -0.6999 -0.4078 -0.5864
vn -0.3669 -0.2137 -0.9054
vn -0.9312 -0.2469 -0.2682
vn -0.9126 -0.3088 -0.2682
vn -0.2127 -0.0133 -0.9770
vn -0.1076 -0.0034 -0.9942
vn -0.2131 -0.0067 -0.9770
vn -0.0099 -0.0034 -0.9999
vn -0.0078 -0.0032 -1.0000
vn 0.0736 -0.1097 -0.9912
vn 0.4727 0.1841 -0.8618
vn 0.6232 -0.0946 -0.7763
vn 0.2816 -0.3964 -0.8738
vn -0.9670 -0.1881 -0.1717
vn -0.9773 -0.1239 -0.1717
vn -0.4830 -0.3718 -0.7927
vn -0.0007 -0.0004 -1.0000
vn -0.0026 -0.0012 -1.0000
vn 0.4470 0.2219 -0.8666
vn 0.4310 -0.7041 -0.5644
vn 0.1113 -0.8552 -0.5062
vn -0.0575 -0.6508 -0.7571
vn 0.2168 -0.4676 -0.8570
vn -0.9630 0.0048 -0.2695
vn -0.8687 0.0121 -0.4952
vn -0.8500 -0.1612 -0.5015
vn -0.9465 -0.1795 -0.2680
vn 0.4498 0.0875 -0.8888
vn 0.1585 0.0308 -0.9869
vn 0.2194 0.9633 -0.1549
vn 0.1866 0.8639 -0.4679
vn -0.1838 0.8709 -0.4558
vn -0.2100 0.9662 -0.1494
vn 0.3628 0.2793 -0.8890
vn 0.3594 0.2767 -0.8912
vn 0.3753 0.2538 -0.8915
vn 0.3796 0.2567 -0.8888
vn -0.0766 -0.0748 -0.9943
vn -0.3029 -0.2958 -0.9059
vn -0.8898 -0.3692 -0.2682
vn -0.8630 -0.4281 -0.2682
vn 0.4915 -0.2960 -0.8190
vn 0.6874 -0.0479 -0.7247
vn 0.8563 -0.2430 -0.4558
vn -0.2089 -0.0406 -0.9771
vn -0.2113 -0.0268 -0.9771
vn -0.0025 -0.0016 -1.0000
vn 0.4163 0.2754 -0.8665
vn -0.8512 -0.4959 -0.1717
vn -0.1854 -0.1255 -0.9746
vn 0.4793 0.1271 -0.8684
vn 0.4865 0.0923 -0.8688
vn 0.8469 0.1606 -0.5069
vn -0.4472 -0.4175 -0.7910
vn -0.4379 -0.4276 -0.7908
vn -0.1569 -0.1532 -0.9757
vn 0.1301 0.0253 -0.9912
vn 0.4909 0.0955 -0.8660
vn 0.4834 0.1282 -0.8660
vn 0.1281 0.0340 -0.9912
vn 0.1602 0.0203 -0.9869
vn 0.1315 0.0167 -0.9912
vn 0.3959 0.2306 -0.8889
vn 0.3914 0.2280 -0.8915
vn -0.2145 -0.0569 -0.9751
vn -0.4648 -0.3965 -0.7917
vn 0.1233 0.0949 -0.9878
vn 0.3454 0.2947 -0.8910
vn 0.1189 0.1014 -0.9877
vn 0.8606 0.0539 -0.5064
vn 0.9888 0.0619 -0.1357
vn 0.9829 0.1246 -0.1357
vn 0.8554 0.1085 -0.5065
vn -0.8826 -0.4377 -0.1717
vn 0.6172 0.6027 -0.5057
vn -0.5496 -0.2726 -0.7897
vn -0.1995 -0.0990 -0.9749
vn -0.1929 -0.1124 -0.9748
vn 0.3345 0.3124 -0.8891
vn 0.1175 0.1097 -0.9870
vn 0.1151 0.1124 -0.9870
vn 0.3276 0.3199 -0.8890
vn 0.9310 0.2479 -0.2680
vn 0.8371 0.2307 -0.4960
vn 0.7245 0.5202 -0.4521
vn 0.7918 0.5550 -0.2550
vn -0.5664 -0.2351 -0.7899
vn -0.5958 -0.1159 -0.7948
vn -0.5868 -0.1556 -0.7947
vn -0.2059 -0.0546 -0.9771
vn 0.1283 0.0868 -0.9879
vn 0.4143 0.2802 -0.8660
vn 0.3792 -0.4022 -0.8334
vn 0.4546 0.0576 -0.8888
vn -0.8631 -0.4281 -0.2682
vn 0.1555 0.0049 -0.9878
vn 0.1551 0.0097 -0.9878
vn -0.0101 -0.0027 -0.9999
vn -0.0111 -0.0021 -0.9999
vn -0.0931 -0.0543 -0.9942
vn 0.4526 0.0283 -0.8913
vn 0.4496 0.0570 -0.8914
vn 0.1539 0.0195 -0.9879
vn 0.9126 0.3088 -0.2682
vn 0.9312 0.2469 -0.2682
vn 0.8630 0.4281 -0.2682
vn 0.6845 -0.0786 -0.7247
vn 0.8794 0.0878 -0.4679
vn 0.8445 -0.2811 -0.4558
vn -0.0055 -0.0028 -1.0000
vn -0.5807 -0.1965 -0.7901
vn 0.7725 0.3969 -0.4957
vn 0.4311 0.2514 -0.8666
vn -0.0025 -0.0014 -1.0000
vn 0.4461 0.2212 -0.8672
vn 0.3481 0.2970 -0.8892
vn 0.1143 0.1067 -0.9877
vn 0.3320 0.3100 -0.8909
vn 0.9465 0.1795 -0.2681
vn 0.4693 0.1925 -0.8618
vn 0.8353 0.2392 -0.4950
vn 0.4963 0.0629 -0.8659
vn -0.5924 -0.1571 -0.7902
vn -0.0893 -0.0604 -0.9942
vn 0.4994 0.0313 -0.8658
vn 0.4302 0.2507 -0.8672
vn 0.1222 0.1043 -0.9870
vn -0.1778 -0.1202 -0.9767
vn 0.3251 0.3174 -0.8908
vn 0.8485 0.4563 -0.2679
vn 0.9613 0.1137 -0.2511
vn 0.8899 0.0931 -0.4465
vn 0.7692 0.4043 -0.4949
vn -0.0215 0.1222 -0.9923
vn -0.0521 0.4627 -0.8850
vn 0.4086 0.4654 -0.7852
vn 0.4728 0.1766 -0.8633
vn 0.0710 -0.1018 -0.9923
vn -0.0019 -0.0013 -1.0000
vn -0.0233 0.1392 -0.9900
vn -0.7951 -0.1546 -0.5864
vn 0.4697 0.1589 -0.8684
vn -0.9832 -0.0615 -0.1717
vn -0.9847 -0.0308 -0.1716
vn 0.9903 0.0310 -0.1356
vn -0.9630 0.0133 -0.2693
vn -0.8801 0.4024 -0.2519
vn -0.8084 0.3825 -0.4475
vn -0.8690 0.0204 -0.4944
vn -0.6022 -0.0764 -0.7947
vn -0.7474 -0.4354 -0.5018
vn -0.4373 -0.2548 -0.8625
vn -0.4211 -0.2787 -0.8631
vn -0.1313 -0.1120 -0.9850
vn -0.4028 -0.3437 -0.8483
vn -0.6532 0.0164 -0.7570
vn -0.4401 0.2684 -0.8569
vn -0.8035 -0.1019 -0.5865
vn -0.0865 -0.6476 -0.7570
vn -0.2915 -0.8228 -0.4878
vn -0.6447 -0.5502 -0.5307
vn 0.1324 0.0083 -0.9912
vn 0.1327 0.0041 -0.9911
vn -0.6315 0.7539 -0.1814
vn -0.6303 0.7525 -0.1910
vn 0.4589 0.1906 -0.8678
vn 0.4727 0.1601 -0.8666
vn 0.4802 0.1275 -0.8678
vn 0.1119 0.1093 -0.9877
vn 0.7201 0.6724 -0.1716
vn 0.9760 0.1529 -0.1549
vn 0.8746 0.1271 -0.4679
vn 0.6206 0.5795 -0.5282
vn -0.7918 0.5806 -0.1893
vn -0.6729 0.4782 -0.5644
vn -0.8456 0.1695 -0.5062
vn -0.9630 0.2080 -0.1715
vn -0.0007 -0.0003 -1.0000
vn -0.0026 -0.0013 -1.0000
vn -0.8324 -0.4850 -0.2682
vn -0.0081 -0.0021 -1.0000
vn -0.0054 -0.0031 -1.0000
vn 0.3928 0.5094 -0.7656
vn 0.7118 0.5421 -0.4465
vn 0.9287 0.2566 -0.2676
vn 0.7779 0.5761 -0.2510
vn -0.0557 0.5053 -0.8611
vn 0.3551 0.8251 -0.4395
vn 0.3756 0.8938 -0.2452
vn 0.4471 0.2216 -0.8666
vn -0.0968 0.9599 -0.2631
vn -0.0894 0.8722 -0.4809
vn -0.4978 -0.0944 -0.8621
vn -0.4892 -0.1297 -0.8625
vn 0.4813 0.1276 -0.8672
vn -0.0060 -0.0016 -1.0000
vn -0.0057 -0.0011 -1.0000
vn 0.4886 0.0927 -0.8676
vn -0.0201 0.1305 -0.9912
vn 0.4722 0.1843 -0.8620
vn -0.5069 0.0582 -0.8600
vn -0.5080 0.0665 -0.8588
vn -0.4919 0.4157 -0.7650
vn -0.4356 -0.2538 -0.8636
vn -0.0018 -0.0013 -1.0000
vn -0.4191 -0.2812 -0.8633
vn -0.5152 0.7353 -0.4405
vn -0.5475 0.7997 -0.2464
vn -0.6980 -0.6634 -0.2695
vn -0.6243 -0.6034 -0.4961
vn -0.3677 -0.8095 -0.4577
vn -0.4069 -0.8760 -0.2590
vn 0.8869 0.0948 -0.4521
vn -0.7180 -0.4821 -0.5020
vn -0.7998 -0.5371 -0.2681
vn -0.0542 0.4832 -0.8738
vn -0.4942 0.3943 -0.7748
vn -0.5269 0.7166 -0.4570
vn -0.0783 0.8612 -0.5023
vn 0.4017 0.4858 -0.7763
vn -0.0870 0.9557 -0.2810
vn 0.4010 0.8790 -0.2580
vn 0.3778 0.8049 -0.4577
vn 0.8180 -0.3484 -0.4577
vn 0.5154 -0.6944 -0.5023
vn 0.8844 -0.3888 -0.2581
vn 0.9603 0.1132 -0.2548
vn -0.1057 -0.6233 -0.7748
vn -0.3333 -0.3856 -0.8604
vn 0.0802 -0.8777 -0.4725
vn 0.1058 -0.9571 -0.2699
vn 0.8529 0.4477 -0.2684
vn -0.0977 0.9492 -0.2991
vn 0.4169 0.8684 -0.2685
vn 0.3944 0.7880 -0.4727
vn -0.0762 0.8495 -0.5221
vn -0.5603 0.7863 -0.2603
vn -0.8160 0.3591 -0.4529
vn -0.8889 0.3801 -0.2556
vn -0.3310 -0.3867 -0.8607
vn -0.1078 -0.6116 -0.7838
vn 0.5170 -0.6784 -0.5220
vn 0.2796 -0.3723 -0.8850
vn 0.5718 -0.7707 -0.2810
vn 0.1055 -0.9598 -0.2602
vn 0.0846 -0.8855 -0.4569
vn -0.5778 0.7683 -0.2756
vn -0.5416 0.6944 -0.4738
vn -0.8225 0.3377 -0.4576
vn -0.8968 0.3587 -0.2589
vn -0.4968 0.3732 -0.7835
vn 0.9329 0.2403 -0.2682
vn 0.8386 0.2233 -0.4968
vn 0.7355 0.5002 -0.4570
vn 0.8036 0.5362 -0.2583
vn 0.8862 -0.3931 -0.2451
vn 0.8240 -0.3576 -0.4395
vn 0.3057 -0.4062 -0.8611
vn 0.6352 -0.1018 -0.7656
vn 0.5327 -0.6964 -0.4809
vn 0.6167 -0.0607 -0.7849
vn 0.8261 -0.3047 -0.4740
vn 0.8403 0.4710 -0.2685
vn 0.9527 0.1603 -0.2582
vn 0.8784 0.1398 -0.4570
vn -0.3266 -0.8325 -0.4475
vn -0.0733 -0.6398 -0.7650
vn 0.1287 -0.8885 -0.4405
vn 0.0813 -0.1154 -0.9900
vn -0.3201 -0.3983 -0.8596
vn -0.6140 -0.6152 -0.4946
vn -0.4364 -0.2543 -0.8630
vn -0.4191 -0.2813 -0.8633
vn -0.4525 -0.2245 -0.8630
vn 0.4610 0.1911 -0.8666
vn -0.4998 -0.0948 -0.8609
vn -0.5079 0.0506 -0.8599
vn 0.7998 0.5371 -0.2681
vn 0.8620 0.0269 -0.5062
vn 0.5003 0.0156 -0.8657
vn 0.4535 0.0142 -0.8911
vn -0.4902 -0.1300 -0.8619
vn 0.4733 0.1858 -0.8611
vn -0.3692 -0.8115 -0.4529
vn 0.5874 -0.7654 -0.2630
vn -0.6869 -0.6751 -0.2691
vn -0.3652 -0.8962 -0.2519
vn 0.4147 0.2782 -0.8664
vn -0.4101 -0.8755 -0.2557
vn -0.8683 0.0046 -0.4960
vn -0.9629 -0.0029 -0.2698
vn -0.4784 -0.1620 -0.8630
vn 0.5895 -0.7504 -0.2989
vn 0.8973 -0.3459 -0.2742
vn -0.4329 0.7469 -0.5047
vn -0.1447 0.8782 -0.4558
vn 0.0301 0.6884 -0.7247
vn -0.2386 0.5218 -0.8190
vn 0.9465 0.1795 -0.2680
vn 0.7998 0.5371 -0.2680
vn -0.9465 -0.1795 -0.2681
vn 0.1494 -0.9576 -0.2464
vn 0.5322 -0.8466 0.0003
vn 0.5251 -0.8297 -0.1893
vn 0.6764 -0.7113 -0.1910
vn -0.6658 0.7262 -0.1713
vn -0.6646 0.7249 -0.1814
vn -0.6532 -0.0128 -0.7571
vn -0.8506 -0.1966 -0.4877
vn 0.3857 0.3601 -0.8494
vn -0.0007 0.6890 -0.7247
vn -0.7492 -0.6393 -0.1729
vn -0.3356 -0.9278 -0.1629
vn -0.5460 0.8378 0.0003
vn -0.5404 0.8257 -0.1616
vn 0.1416 -0.9749 -0.1715
vn -0.7199 -0.6722 -0.1729
vn -0.6196 -0.5785 -0.5306
vn -0.2544 -0.8351 -0.4877
vn -0.2938 -0.9419 -0.1629
vn 0.6439 -0.7408 -0.1910
vn 0.5383 -0.6212 -0.5696
vn 0.5472 -0.6315 -0.5494
vn 0.1958 -0.4768 -0.8569
vn 0.9363 -0.3178 -0.1494
vn 0.9819 0.1091 -0.1549
vn -0.3876 -0.3619 -0.8478
vn 0.5563 -0.6419 -0.5277
vn 0.3608 -0.4187 -0.8334
vn 0.4778 -0.3177 -0.8190
vn 0.6695 -0.5450 -0.5047
vn -0.9696 0.2449 -0.0002
vn -0.7811 0.6244 0.0003
vn -0.7651 0.6154 -0.1893
vn -0.9527 0.2509 -0.1715
vn -0.4659 0.7268 -0.5047
vn -0.5750 0.6252 -0.5277
vn -0.5656 0.6151 -0.5494
vn -0.3607 0.3900 -0.8472
vn -0.3469 0.3751 -0.8596
vn -0.5564 0.6050 -0.5696
vn 0.3468 -0.4024 -0.8472
vn 0.0006 0.0005 -1.0000
vn 0.7494 0.6395 -0.1716
vn 0.6459 0.5512 -0.5282
vn 0.0006 0.0006 -1.0000
vn -0.5288 0.6293 -0.5696
vn -0.3297 0.3902 -0.8596
vn -0.6509 0.5078 -0.5644
vn 0.9948 0.1018 -0.0001
vn 0.9488 -0.3157 -0.0002
vn -0.2921 -0.9564 -0.0002
vn -0.7309 -0.6825 0.0006
vn -0.6633 0.7235 -0.1910
vn -0.8082 0.5889 0.0003
vn 0.6777 -0.7126 -0.1814
vn -0.2065 0.9784 -0.0002
vn 0.2136 0.9769 -0.0002
vn 0.7309 0.6825 0.0006
vn -0.5375 0.6397 -0.5494
vn -0.9598 -0.2286 -0.1629
vn 0.9496 -0.2756 -0.1494
vn 0.1309 0.1117 -0.9851
vn 0.4014 0.3425 -0.8494
vn 0.2570 0.9664 -0.0001
vn 0.7607 0.6491 0.0006
vn 0.2622 0.9525 -0.1549
vn 0.3335 -0.3870 -0.8596
vn -0.4516 0.2483 -0.8570
vn 0.9893 0.1462 -0.0002
vn -0.1263 -0.1179 -0.9850
vn 0.1338 -0.9910 -0.0002
vn -0.3567 0.4222 -0.8334
vn -0.5465 0.6503 -0.5277
vn 0.7594 -0.6303 -0.1615
vn -0.3429 0.4058 -0.8472
vn -0.9742 -0.2259 -0.0002
vn -0.9795 0.2013 -0.0002
vn 0.0979 -0.9803 -0.1715
vn 0.4874 -0.8524 -0.1893
vn 0.4938 -0.8696 0.0003
vn 0.0893 -0.9960 -0.0002
vn -0.9833 -0.1821 -0.0002
vn -0.9691 -0.1855 -0.1629
vn 0.1258 0.1175 -0.9851
vn -0.3753 0.4058 -0.8334
vn -0.8584 -0.1584 -0.4878
vn -0.8372 0.2072 -0.5062
vn 0.0729 -0.8593 -0.5062
vn 0.3991 -0.7227 -0.5644
vn -0.2617 0.5106 -0.8190
vn -0.7607 -0.6491 0.0006
vn -0.6327 0.7552 -0.1713
vn -0.1626 0.9867 -0.0001
vn -0.1666 0.9747 -0.1494
vn -0.5080 0.8614 0.0003
vn -0.5030 0.8491 -0.1615
vn -0.3345 -0.9424 -0.0002
vn 0.7707 -0.6371 0.0003
vn 0.7985 -0.6021 0.0003
vn 0.2251 0.8547 -0.4679
vn 0.9620 -0.2730 -0.0002
vn 0.7145 -0.6997 -0.0000
vt 0.603204 0.166195
vt 0.590434 0.166195
vt 0.590434 0.162639
vt 0.603204 0.162639
vt 0.507443 0.290260
vt 0.488289 0.290261
vt 0.488288 0.282137
vt 0.507442 0.282136
vt 0.393829 0.175614
vt 0.375987 0.175614
vt 0.375987 0.171696
vt 0.393829 0.171696
vt 0.393831 0.271070
vt 0.411673 0.271070
vt 0.411673 0.274760
vt 0.393831 0.274760
vt 0.469134 0.274758
vt 0.488288 0.274757
vt 0.488288 0.278447
vt 0.469134 0.278448
vt 0.393831 0.259486
vt 0.375989 0.259483
vt 0.375989 0.253647
vt 0.393831 0.253643
vt 0.430824 0.159416
vt 0.411670 0.159416
vt 0.411670 0.156565
vt 0.430824 0.156565
vt 0.603211 0.271060
vt 0.590441 0.271061
vt 0.590441 0.262202
vt 0.603210 0.262201
vt 0.375988 0.214168
vt 0.375987 0.193826
vt 0.393829 0.193826
vt 0.393830 0.214168
vt 0.430827 0.274759
vt 0.449980 0.274759
vt 0.449981 0.278448
vt 0.430827 0.278449
vt 0.590440 0.250909
vt 0.603209 0.250908
vt 0.603209 0.253636
vt 0.590440 0.253635
vt 0.590434 0.159416
vt 0.603204 0.159416
vt 0.469134 0.259490
vt 0.449980 0.259491
vt 0.449980 0.253635
vt 0.469133 0.253634
vt 0.603211 0.274750
vt 0.590442 0.274751
vt 0.375987 0.177449
vt 0.393829 0.177449
vt 0.603212 0.290254
vt 0.590443 0.290255
vt 0.590442 0.282131
vt 0.603211 0.282130
vt 0.507437 0.159416
vt 0.488284 0.159416
vt 0.488284 0.156564
vt 0.507437 0.156564
vt 0.375989 0.271071
vt 0.375989 0.262211
vt 0.393831 0.262211
vt 0.469134 0.271068
vt 0.449980 0.271069
vt 0.449980 0.262209
vt 0.469134 0.262209
vt 0.469131 0.159416
vt 0.449977 0.159416
vt 0.449977 0.156565
vt 0.469131 0.156565
vt 0.430826 0.271070
vt 0.488287 0.259490
vt 0.488287 0.262208
vt 0.469135 0.290262
vt 0.449981 0.290262
vt 0.449981 0.282138
vt 0.469135 0.282138
vt 0.449977 0.169604
vt 0.430824 0.169605
vt 0.430824 0.166195
vt 0.449977 0.166195
vt 0.545743 0.162638
vt 0.526590 0.162638
vt 0.526590 0.159415
vt 0.545743 0.159415
vt 0.393829 0.159416
vt 0.375987 0.159416
vt 0.375987 0.156565
vt 0.393829 0.156565
vt 0.469131 0.162639
vt 0.449977 0.162639
vt 0.449979 0.230742
vt 0.449979 0.217933
vt 0.469132 0.217932
vt 0.469132 0.230741
vt 0.393830 0.250918
vt 0.411672 0.250917
vt 0.411672 0.253640
vt 0.393831 0.278450
vt 0.411673 0.278450
vt 0.411673 0.282139
vt 0.393831 0.282140
vt 0.430824 0.175613
vt 0.411670 0.175614
vt 0.411670 0.171696
vt 0.430824 0.171696
vt 0.564902 0.250911
vt 0.577671 0.250910
vt 0.577671 0.253634
vt 0.564902 0.253633
vt 0.411672 0.259488
vt 0.411672 0.262210
vt 0.590442 0.278441
vt 0.603211 0.278440
vt 0.430824 0.162639
vt 0.411670 0.162639
vt 0.603210 0.259473
vt 0.590440 0.259476
vt 0.507437 0.162638
vt 0.488284 0.162638
vt 0.411670 0.169605
vt 0.411670 0.166195
vt 0.430826 0.250917
vt 0.449980 0.250916
vt 0.430826 0.253637
vt 0.507440 0.230740
vt 0.507439 0.217931
vt 0.526592 0.217930
vt 0.526593 0.230739
vt 0.507442 0.278446
vt 0.526596 0.278445
vt 0.526596 0.282135
vt 0.526590 0.169603
vt 0.507437 0.169604
vt 0.507437 0.166194
vt 0.526590 0.166194
vt 0.430826 0.259489
vt 0.430826 0.262210
vt 0.507439 0.210398
vt 0.507438 0.197589
vt 0.526591 0.197588
vt 0.526592 0.210397
vt 0.488288 0.271068
vt 0.488284 0.166194
vt 0.564903 0.271063
vt 0.577672 0.271062
vt 0.577672 0.274752
vt 0.564903 0.274753
vt 0.545749 0.271064
vt 0.545749 0.274754
vt 0.545748 0.259484
vt 0.564902 0.259481
vt 0.564902 0.262203
vt 0.545749 0.262205
vt 0.507441 0.250914
vt 0.526594 0.250913
vt 0.526594 0.253632
vt 0.507441 0.253632
vt 0.577665 0.159416
vt 0.564896 0.159416
vt 0.564896 0.156564
vt 0.577665 0.156565
vt 0.545750 0.278444
vt 0.564903 0.278443
vt 0.564904 0.282132
vt 0.545750 0.282134
vt 0.469133 0.250915
vt 0.488287 0.250915
vt 0.488287 0.253632
vt 0.577665 0.166195
vt 0.564896 0.166194
vt 0.564896 0.162638
vt 0.577665 0.162639
vt 0.507441 0.259489
vt 0.526595 0.259487
vt 0.526595 0.262206
vt 0.507441 0.262207
vt 0.526590 0.156564
vt 0.545743 0.156564
vt 0.507438 0.190056
vt 0.507437 0.177446
vt 0.526590 0.177445
vt 0.526591 0.190055
vt 0.488285 0.210399
vt 0.488285 0.197590
vt 0.393831 0.290264
vt 0.375990 0.290264
vt 0.375989 0.282140
vt 0.587725 0.214160
vt 0.587727 0.234502
vt 0.580382 0.234502
vt 0.580381 0.214160
vt 0.430824 0.190058
vt 0.430824 0.177448
vt 0.449977 0.177448
vt 0.449978 0.190058
vt 0.469131 0.166195
vt 0.430825 0.210400
vt 0.406358 0.210401
vt 0.406358 0.197592
vt 0.430824 0.197591
vt 0.393829 0.162639
vt 0.375987 0.162639
vt 0.545748 0.253632
vt 0.526595 0.271066
vt 0.430827 0.282139
vt 0.430825 0.230742
vt 0.406359 0.230743
vt 0.406359 0.217934
vt 0.430825 0.217933
vt 0.577673 0.278442
vt 0.577671 0.259478
vt 0.545746 0.217929
vt 0.545747 0.230738
vt 0.507442 0.271067
vt 0.526596 0.274755
vt 0.507442 0.274756
vt 0.545750 0.290258
vt 0.526597 0.290259
vt 0.553831 0.217928
vt 0.561170 0.230737
vt 0.590434 0.156565
vt 0.603204 0.156565
vt 0.393829 0.169605
vt 0.375987 0.169605
vt 0.375987 0.166195
vt 0.393829 0.166195
vt 0.375989 0.250919
vt 0.375988 0.234511
vt 0.393830 0.234510
vt 0.545748 0.250912
vt 0.577671 0.262203
vt 0.603204 0.175556
vt 0.590434 0.175554
vt 0.590434 0.171748
vt 0.603204 0.171745
vt 0.577673 0.282131
vt 0.449979 0.238275
vt 0.469133 0.238274
vt 0.577673 0.290256
vt 0.564904 0.290256
vt 0.545743 0.166194
vt 0.430827 0.290263
vt 0.411673 0.290263
vt 0.507437 0.175603
vt 0.488284 0.175606
vt 0.488284 0.171701
vt 0.507437 0.171704
vt 0.545743 0.177444
vt 0.545744 0.190054
vt 0.545743 0.175591
vt 0.526590 0.175598
vt 0.526590 0.171708
vt 0.545743 0.171713
vt 0.555685 0.217412
vt 0.557047 0.216048
vt 0.557562 0.214198
vt 0.574956 0.214165
vt 0.574957 0.234495
vt 0.564901 0.234467
vt 0.564386 0.232616
vt 0.563021 0.231251
vt 0.469132 0.210399
vt 0.469131 0.197590
vt 0.564896 0.175583
vt 0.564896 0.171721
vt 0.603208 0.234501
vt 0.593151 0.234501
vt 0.593150 0.214159
vt 0.603207 0.214159
vt 0.488286 0.238273
vt 0.593148 0.193817
vt 0.603205 0.193816
vt 0.469131 0.175609
vt 0.449977 0.175611
vt 0.449977 0.171697
vt 0.469131 0.171698
vt 0.488284 0.190057
vt 0.469131 0.190057
vt 0.469131 0.177447
vt 0.488284 0.177447
vt 0.603204 0.169602
vt 0.590434 0.169602
vt 0.577665 0.169602
vt 0.564896 0.169603
vt 0.590434 0.177440
vt 0.577665 0.177442
vt 0.577665 0.175572
vt 0.507440 0.238273
vt 0.577665 0.171731
vt 0.430826 0.238275
vt 0.545743 0.169603
vt 0.488284 0.169604
vt 0.469131 0.169604
vt 0.526594 0.238272
vt 0.488284 0.146213
vt 0.507437 0.146213
vt 0.469130 0.146213
vt 0.526590 0.146213
vt 0.545743 0.146213
vt 0.590434 0.146213
vt 0.577665 0.146213
vt 0.564896 0.146213
vt 0.449978 0.197591
vt 0.449978 0.210400
vt 0.449977 0.146213
vt 0.430824 0.146213
vt 0.375987 0.146213
vt 0.393829 0.146213
vt 0.411670 0.146213
vt 0.603204 0.146213
vt 0.488286 0.230740
vt 0.488286 0.217931
vt 0.545747 0.238271
vt 0.545745 0.197587
vt 0.545745 0.210396
vt 0.411670 0.177448
vt 0.603204 0.177440
vt 0.564896 0.177443
vt 0.406358 0.190059
vt 0.404507 0.190573
vt 0.375989 0.274760
vt 0.375989 0.278450
vt 0.593147 0.184658
vt 0.592673 0.183382
vt 0.591711 0.182420
vt 0.590435 0.181946
vt 0.603204 0.181945
vt 0.577670 0.246999
vt 0.578946 0.246525
vt 0.579908 0.245562
vt 0.580383 0.244287
vt 0.587727 0.244286
vt 0.588202 0.245562
vt 0.589164 0.246524
vt 0.590440 0.246998
vt 0.402629 0.234474
vt 0.403143 0.236397
vt 0.404508 0.237762
vt 0.404508 0.231257
vt 0.403143 0.232623
vt 0.402628 0.214204
vt 0.403144 0.216057
vt 0.404508 0.217420
vt 0.945664 0.609739
vt 0.943968 0.609626
vt 0.944093 0.608082
vt 0.945653 0.608192
vt 0.942192 0.609250
vt 0.942957 0.607668
vt 0.940296 0.608693
vt 0.941284 0.606569
vt 0.943199 0.604980
vt 0.943981 0.606907
vt 0.945681 0.604480
vt 0.945680 0.606511
vt 0.947152 0.608058
vt 0.947311 0.609610
vt 0.947319 0.606882
vt 0.948019 0.604986
vt 0.949954 0.606526
vt 0.948280 0.607710
vt 0.950963 0.608681
vt 0.949051 0.609253
vt 0.953554 0.449171
vt 0.951799 0.449052
vt 0.951923 0.447447
vt 0.953542 0.447567
vt 0.949968 0.448674
vt 0.950743 0.447037
vt 0.948012 0.448109
vt 0.949015 0.445925
vt 0.950953 0.444283
vt 0.951778 0.446245
vt 0.953405 0.443732
vt 0.953445 0.445836
vt 0.955085 0.447442
vt 0.955254 0.449036
vt 0.955234 0.446207
vt 0.955943 0.444220
vt 0.957984 0.445810
vt 0.956251 0.447063
vt 0.959045 0.448059
vt 0.957059 0.448659
vt 0.737642 0.254866
vt 0.737561 0.257011
vt 0.735811 0.257412
vt 0.735072 0.255400
vt 0.737656 0.258808
vt 0.735982 0.258679
vt 0.737656 0.260459
vt 0.735852 0.260333
vt 0.733968 0.259943
vt 0.734786 0.258282
vt 0.731923 0.259330
vt 0.733009 0.257020
vt 0.740139 0.255369
vt 0.739410 0.257405
vt 0.742238 0.256995
vt 0.740454 0.258276
vt 0.743333 0.259312
vt 0.741283 0.259933
vt 0.739402 0.260335
vt 0.739262 0.258689
vt 0.950851 0.760501
vt 0.949885 0.762556
vt 0.948255 0.761486
vt 0.948998 0.759950
vt 0.948032 0.764108
vt 0.947265 0.762238
vt 0.945697 0.764608
vt 0.945684 0.762607
vt 0.945682 0.760966
vt 0.947131 0.761108
vt 0.945691 0.759466
vt 0.947291 0.759599
vt 0.940467 0.760511
vt 0.942319 0.759961
vt 0.943058 0.761498
vt 0.941432 0.762564
vt 0.944034 0.759588
vt 0.944167 0.761101
vt 0.944042 0.762237
vt 0.943278 0.764107
vt 0.958886 0.597954
vt 0.958131 0.600015
vt 0.956315 0.599179
vt 0.956984 0.597512
vt 0.956722 0.601870
vt 0.955276 0.600244
vt 0.952890 0.602239
vt 0.953278 0.600318
vt 0.955205 0.602366
vt 0.953518 0.598639
vt 0.955086 0.598831
vt 0.953579 0.597054
vt 0.955228 0.597213
vt 0.950870 0.601466
vt 0.951702 0.599786
vt 0.949228 0.599946
vt 0.950845 0.598943
vt 0.948340 0.597940
vt 0.950189 0.597422
vt 0.951900 0.597117
vt 0.951948 0.598650
vt 0.743199 0.421915
vt 0.742155 0.424115
vt 0.740421 0.422960
vt 0.741217 0.421322
vt 0.740170 0.425759
vt 0.739351 0.423764
vt 0.737583 0.426282
vt 0.737655 0.424173
vt 0.737675 0.422427
vt 0.739226 0.422549
vt 0.737682 0.420812
vt 0.739392 0.420946
vt 0.732082 0.421940
vt 0.734085 0.421330
vt 0.734883 0.422946
vt 0.733150 0.424185
vt 0.735914 0.420940
vt 0.736047 0.422557
vt 0.735884 0.423792
vt 0.735166 0.425769
vt 0.561168 0.197586
vt 0.553831 0.210395
vt 0.402628 0.193789
vt 0.403142 0.195712
vt 0.404504 0.197076
vt 0.404505 0.210917
vt 0.403142 0.212281
vt 0.403142 0.191939
vt 0.951357 0.670113
vt 0.951357 0.688957
vt 0.949464 0.688957
vt 0.949464 0.670114
vt 0.947571 0.688957
vt 0.947571 0.670114
vt 0.945678 0.688957
vt 0.945678 0.670113
vt 0.951356 0.726643
vt 0.951343 0.745489
vt 0.949448 0.745462
vt 0.949463 0.726643
vt 0.947562 0.745441
vt 0.947571 0.726642
vt 0.945610 0.745434
vt 0.945609 0.726642
vt 0.731515 0.345294
vt 0.731519 0.325113
vt 0.733546 0.325113
vt 0.733542 0.345294
vt 0.735573 0.325114
vt 0.735570 0.345294
vt 0.737601 0.325114
vt 0.737597 0.345295
vt 0.959466 0.472655
vt 0.959477 0.492165
vt 0.957518 0.492166
vt 0.957505 0.472669
vt 0.955558 0.492167
vt 0.955549 0.472679
vt 0.953598 0.492167
vt 0.953522 0.472683
vt 0.947649 0.492167
vt 0.947653 0.472660
vt 0.949612 0.472672
vt 0.949608 0.492167
vt 0.951569 0.472680
vt 0.951568 0.492167
vt 0.959484 0.531182
vt 0.959486 0.550692
vt 0.957526 0.550693
vt 0.957524 0.531183
vt 0.955566 0.550693
vt 0.955564 0.531183
vt 0.953535 0.550693
vt 0.953533 0.531183
vt 0.743749 0.365477
vt 0.743746 0.385658
vt 0.741718 0.385657
vt 0.741722 0.365477
vt 0.739691 0.385656
vt 0.739695 0.365476
vt 0.737590 0.385655
vt 0.737667 0.365476
vt 0.939931 0.651271
vt 0.939937 0.632429
vt 0.941831 0.632440
vt 0.941824 0.651271
vt 0.943721 0.632449
vt 0.943717 0.651272
vt 0.945678 0.632452
vt 0.945678 0.651272
vt 0.743756 0.325115
vt 0.743753 0.345296
vt 0.741726 0.345295
vt 0.741729 0.325115
vt 0.739698 0.345295
vt 0.739702 0.325114
vt 0.959481 0.511673
vt 0.957521 0.511674
vt 0.955561 0.511674
vt 0.953530 0.511674
vt 0.743728 0.405841
vt 0.741698 0.405812
vt 0.739679 0.405788
vt 0.737589 0.405782
vt 0.939951 0.745492
vt 0.941845 0.745463
vt 0.943731 0.745444
vt 0.951347 0.632427
vt 0.951357 0.651271
vt 0.949464 0.651271
vt 0.949454 0.632440
vt 0.947571 0.651272
vt 0.947565 0.632449
vt 0.947709 0.589730
vt 0.947659 0.570204
vt 0.949619 0.570202
vt 0.949674 0.589656
vt 0.951579 0.570200
vt 0.951614 0.589610
vt 0.953609 0.570200
vt 0.953539 0.589588
vt 0.731527 0.405843
vt 0.731509 0.385656
vt 0.733536 0.385655
vt 0.733556 0.405811
vt 0.735564 0.385655
vt 0.735576 0.405792
vt 0.959488 0.570203
vt 0.957527 0.570201
vt 0.955568 0.570200
vt 0.951357 0.707800
vt 0.949464 0.707800
vt 0.947571 0.707800
vt 0.945609 0.707800
vt 0.939931 0.726643
vt 0.939930 0.707800
vt 0.941823 0.707800
vt 0.941824 0.726642
vt 0.943716 0.707800
vt 0.943717 0.726642
vt 0.959456 0.589725
vt 0.957486 0.589658
vt 0.955543 0.589604
vt 0.743752 0.284753
vt 0.743759 0.304935
vt 0.741732 0.304935
vt 0.741724 0.284767
vt 0.739705 0.304935
vt 0.739701 0.284776
vt 0.737678 0.304935
vt 0.737680 0.284780
vt 0.731512 0.365475
vt 0.733539 0.365475
vt 0.735566 0.365476
vt 0.939930 0.688957
vt 0.939931 0.670114
vt 0.941824 0.670113
vt 0.941823 0.688957
vt 0.943717 0.670114
vt 0.943716 0.688957
vt 0.731523 0.304933
vt 0.733550 0.304933
vt 0.735577 0.304934
vt 0.947655 0.550694
vt 0.947653 0.531184
vt 0.949613 0.531184
vt 0.949615 0.550694
vt 0.951573 0.531184
vt 0.951575 0.550693
vt 0.731532 0.284753
vt 0.733560 0.284766
vt 0.735585 0.284776
vt 0.947650 0.511675
vt 0.949610 0.511675
vt 0.951570 0.511674
vt 0.561170 0.238270
vt 0.563021 0.237755
vt 0.564385 0.236393
vt 0.564762 0.247000
vt 0.564381 0.191929
vt 0.563021 0.190569
vt 0.561167 0.190053
vt 0.564736 0.181948
vt 0.406359 0.238276
vt 0.557045 0.212272
vt 0.555682 0.210909
vt 0.563021 0.197070
vt 0.564384 0.195706
vt 0.564898 0.193855
vt 0.574955 0.193826
vt 0.574958 0.244287
vt 0.575433 0.245562
vt 0.576395 0.246525
vt 0.591903 0.975681
vt 0.570997 0.975647
vt 0.571040 0.974602
vt 0.591903 0.974635
vt 0.577666 0.181947
vt 0.576390 0.182422
vt 0.575428 0.183384
vt 0.574954 0.184660
vt 0.603209 0.246997
vt 0.593152 0.244286
vt 0.580378 0.184659
vt 0.587723 0.184658
vt 0.587724 0.193818
vt 0.580379 0.193818
vt 0.561567 0.974898
vt 0.562039 0.973804
vt 0.145936 0.969165
vt 0.166872 0.969189
vt 0.166828 0.970235
vt 0.145936 0.970213
vt 0.176300 0.969949
vt 0.175813 0.971052
vt 0.166898 0.979624
vt 0.145940 0.979666
vt 0.145940 0.978617
vt 0.166849 0.978568
vt 0.176367 0.978738
vt 0.175875 0.977660
vt 0.612815 0.965229
vt 0.622896 0.965966
vt 0.622407 0.967082
vt 0.612775 0.966275
vt 0.124992 0.979632
vt 0.114867 0.978832
vt 0.115368 0.977720
vt 0.125035 0.978583
vt 0.561549 0.966061
vt 0.570989 0.965228
vt 0.571035 0.966281
vt 0.562015 0.967131
vt 0.114974 0.969938
vt 0.125004 0.969190
vt 0.125042 0.970240
vt 0.115448 0.971029
vt 0.591908 0.965198
vt 0.591908 0.966244
vt 0.612820 0.975656
vt 0.612779 0.974604
vt 0.622878 0.974844
vt 0.622411 0.973773
vt 0.562877 0.970451
vt 0.561909 0.970460
vt 0.561803 0.969532
vt 0.562763 0.969419
vt 0.560871 0.970447
vt 0.561094 0.969453
vt 0.559669 0.970458
vt 0.559969 0.969076
vt 0.560819 0.967898
vt 0.561562 0.968858
vt 0.562476 0.968323
vt 0.174978 0.974381
vt 0.175078 0.973359
vt 0.176034 0.973452
vt 0.175930 0.974367
vt 0.175364 0.972243
vt 0.176301 0.972778
vt 0.176998 0.971829
vt 0.177846 0.972984
vt 0.176733 0.973390
vt 0.178136 0.974342
vt 0.176959 0.974358
vt 0.176054 0.975272
vt 0.175109 0.975396
vt 0.176754 0.975340
vt 0.177875 0.975695
vt 0.177043 0.976859
vt 0.176301 0.975932
vt 0.175402 0.976477
vt 0.623612 0.967871
vt 0.622901 0.968835
vt 0.621953 0.968289
vt 0.624476 0.969053
vt 0.623336 0.969461
vt 0.624759 0.970446
vt 0.623558 0.970449
vt 0.622512 0.970447
vt 0.622626 0.969518
vt 0.621551 0.970449
vt 0.621659 0.969418
vt 0.621950 0.972579
vt 0.622865 0.972043
vt 0.623608 0.973003
vt 0.621664 0.971482
vt 0.622624 0.971369
vt 0.623334 0.971448
vt 0.624456 0.971824
vt 0.116271 0.974392
vt 0.116139 0.975414
vt 0.115181 0.975298
vt 0.115310 0.974378
vt 0.115831 0.976522
vt 0.114899 0.975971
vt 0.114180 0.976919
vt 0.113340 0.975735
vt 0.114476 0.975345
vt 0.113075 0.974351
vt 0.114269 0.974362
vt 0.115210 0.973458
vt 0.116172 0.973359
vt 0.114501 0.973372
vt 0.113372 0.972984
vt 0.114245 0.971820
vt 0.114977 0.972781
vt 0.115907 0.972250
vt 0.591715 0.246524
vt 0.592677 0.245561
vt 0.589159 0.182420
vt 0.588197 0.183383
vt 0.579904 0.183384
vt 0.578941 0.182421
vt 0.562777 0.971479
vt 0.561816 0.971387
vt 0.562487 0.972606
vt 0.561543 0.972068
vt 0.560832 0.973044
vt 0.559978 0.971857
vt 0.561106 0.971444
vt 0.591908 0.967643
vt 0.571082 0.967681
vt 0.591907 0.969042
vt 0.571112 0.969066
vt 0.591906 0.970440
vt 0.571128 0.970443
vt 0.571083 0.973203
vt 0.591904 0.973236
vt 0.571115 0.971820
vt 0.591905 0.971837
vt 0.145940 0.977216
vt 0.166797 0.977166
vt 0.145939 0.975815
vt 0.166762 0.975779
vt 0.145938 0.974415
vt 0.166748 0.974390
vt 0.612736 0.967674
vt 0.612707 0.969059
vt 0.612695 0.970439
vt 0.612736 0.973205
vt 0.612709 0.971818
vt 0.626129 0.970450
vt 0.625612 0.972394
vt 0.624414 0.973880
vt 0.179449 0.974329
vt 0.178939 0.972470
vt 0.177859 0.970944
vt 0.178972 0.976190
vt 0.177913 0.977732
vt 0.113294 0.977805
vt 0.112222 0.976236
vt 0.111740 0.974335
vt 0.560016 0.967018
vt 0.558807 0.968498
vt 0.558270 0.970460
vt 0.558807 0.972436
vt 0.560021 0.973929
vt 0.113385 0.970915
vt 0.112270 0.972453
vt 0.166787 0.971633
vt 0.145937 0.971614
vt 0.166758 0.973014
vt 0.145937 0.973015
vt 0.125080 0.977181
vt 0.125109 0.975791
vt 0.125120 0.974398
vt 0.125083 0.971635
vt 0.125111 0.973019
vt 0.625600 0.968525
vt 0.624488 0.966966
vt 0.564904 0.002169
vt 0.564903 0.010293
vt 0.545750 0.010292
vt 0.545750 0.002168
vt 0.430825 0.082026
vt 0.449978 0.082026
vt 0.449978 0.094835
vt 0.430824 0.094834
vt 0.603208 0.057925
vt 0.603207 0.078267
vt 0.593150 0.078266
vt 0.593151 0.057924
vt 0.526593 0.061687
vt 0.545747 0.061688
vt 0.545746 0.074497
vt 0.526592 0.074496
vt 0.449980 0.013977
vt 0.449980 0.010288
vt 0.469134 0.010288
vt 0.469134 0.013978
vt 0.507441 0.021359
vt 0.507441 0.030219
vt 0.488287 0.030218
vt 0.488288 0.021358
vt 0.587725 0.078266
vt 0.580380 0.078266
vt 0.580382 0.057924
vt 0.587727 0.057924
vt 0.577665 0.129787
vt 0.577665 0.133010
vt 0.564896 0.133010
vt 0.564896 0.129787
vt 0.469131 0.133010
vt 0.469131 0.135861
vt 0.449977 0.135861
vt 0.449977 0.133010
vt 0.469131 0.126231
vt 0.469131 0.129787
vt 0.449977 0.129787
vt 0.449977 0.126231
vt 0.507442 0.017669
vt 0.526595 0.017670
vt 0.526595 0.021360
vt 0.603212 0.002172
vt 0.603211 0.010296
vt 0.590442 0.010295
vt 0.590442 0.002171
vt 0.290128 0.698185
vt 0.289080 0.698185
vt 0.289046 0.677279
vt 0.290095 0.677236
vt 0.564903 0.021363
vt 0.564903 0.017673
vt 0.577672 0.017674
vt 0.577672 0.021363
vt 0.590434 0.129787
vt 0.577665 0.126231
vt 0.590434 0.126230
vt 0.430824 0.129787
vt 0.430824 0.126231
vt 0.488286 0.061685
vt 0.488285 0.074494
vt 0.469132 0.074494
vt 0.469132 0.061685
vt 0.375987 0.098600
vt 0.393829 0.098600
vt 0.393829 0.114977
vt 0.375987 0.114977
vt 0.564903 0.013983
vt 0.577673 0.010294
vt 0.577672 0.013984
vt 0.430827 0.013977
vt 0.430827 0.010287
vt 0.507441 0.032937
vt 0.507441 0.038794
vt 0.488287 0.038794
vt 0.488287 0.032936
vt 0.406358 0.102367
vt 0.430824 0.102367
vt 0.430824 0.114978
vt 0.411670 0.114977
vt 0.404507 0.101853
vt 0.393829 0.129787
vt 0.393829 0.133010
vt 0.375987 0.133010
vt 0.375987 0.129787
vt 0.526595 0.030220
vt 0.488284 0.102369
vt 0.488284 0.114979
vt 0.469131 0.114979
vt 0.469131 0.102368
vt 0.393829 0.116812
vt 0.411670 0.116812
vt 0.939325 0.007162
vt 0.941153 0.007553
vt 0.940812 0.022702
vt 0.938792 0.022682
vt 0.930552 0.457437
vt 0.932516 0.457511
vt 0.932460 0.476962
vt 0.930500 0.476960
vt 0.949044 0.803563
vt 0.950937 0.803564
vt 0.950934 0.822405
vt 0.949041 0.822405
vt 0.469131 0.122822
vt 0.469131 0.120727
vt 0.488284 0.120725
vt 0.488284 0.122822
vt 0.507437 0.122822
vt 0.507437 0.120722
vt 0.526590 0.120718
vt 0.526590 0.122822
vt 0.577665 0.122823
vt 0.564896 0.126231
vt 0.564896 0.122823
vt 0.590434 0.116872
vt 0.590435 0.114986
vt 0.603204 0.114986
vt 0.603204 0.116870
vt 0.545749 0.013982
vt 0.507442 0.013980
vt 0.507442 0.010290
vt 0.526596 0.010291
vt 0.526596 0.013981
vt 0.507439 0.082028
vt 0.507438 0.094837
vt 0.488285 0.094836
vt 0.488285 0.082027
vt 0.449980 0.032935
vt 0.449980 0.030217
vt 0.469134 0.030217
vt 0.469133 0.032935
vt 0.375988 0.057915
vt 0.393830 0.057916
vt 0.393829 0.078258
vt 0.375988 0.078258
vt 0.488288 0.010289
vt 0.488288 0.013979
vt 0.958567 0.878930
vt 0.956675 0.878929
vt 0.956677 0.860089
vt 0.958570 0.860089
vt 0.411670 0.126231
vt 0.411670 0.129787
vt 0.393829 0.126231
vt 0.564896 0.135861
vt 0.545743 0.135861
vt 0.545743 0.133010
vt 0.507437 0.129787
vt 0.507437 0.133010
vt 0.488284 0.133010
vt 0.488284 0.129787
vt 0.944918 0.103385
vt 0.942817 0.103385
vt 0.942818 0.083203
vt 0.944919 0.083203
vt 0.590434 0.122823
vt 0.469133 0.041511
vt 0.469133 0.038792
vt 0.488287 0.041511
vt 0.469134 0.021358
vt 0.469134 0.017668
vt 0.488288 0.017669
vt 0.590442 0.013985
vt 0.094506 0.971299
vt 0.094475 0.972685
vt 0.073683 0.972655
vt 0.073683 0.971256
vt 0.430824 0.116813
vt 0.942297 0.457443
vt 0.940327 0.457509
vt 0.939826 0.449657
vt 0.941728 0.449215
vt 0.526592 0.082029
vt 0.526591 0.094838
vt 0.507439 0.061686
vt 0.507439 0.074495
vt 0.545743 0.116834
vt 0.545743 0.120712
vt 0.526590 0.116828
vt 0.430825 0.061683
vt 0.430825 0.074493
vt 0.406359 0.074492
vt 0.406359 0.061683
vt 0.507440 0.041512
vt 0.526594 0.041513
vt 0.526593 0.054154
vt 0.507440 0.054153
vt 0.590441 0.021364
vt 0.590441 0.017675
vt 0.603211 0.017675
vt 0.603210 0.021365
vt 0.449980 0.038791
vt 0.564896 0.116843
vt 0.564896 0.114983
vt 0.577665 0.114984
vt 0.577665 0.116854
vt 0.375989 0.032943
vt 0.375989 0.030215
vt 0.393831 0.030215
vt 0.393831 0.032940
vt 0.393829 0.120730
vt 0.375987 0.120730
vt 0.375987 0.116812
vt 0.946947 0.083203
vt 0.944921 0.063021
vt 0.946948 0.063021
vt 0.956679 0.841247
vt 0.958572 0.841248
vt 0.507437 0.126231
vt 0.488284 0.126231
vt 0.430826 0.041509
vt 0.430826 0.038789
vt 0.449979 0.041510
vt 0.940361 0.515977
vt 0.938401 0.515976
vt 0.938405 0.496469
vt 0.940365 0.496470
vt 0.488284 0.135861
vt 0.603204 0.133010
vt 0.603204 0.135861
vt 0.590434 0.135861
vt 0.590434 0.133010
vt 0.564902 0.030222
vt 0.545748 0.030221
vt 0.545749 0.021361
vt 0.052818 0.969883
vt 0.052856 0.971282
vt 0.043641 0.971895
vt 0.043186 0.970688
vt 0.950932 0.841247
vt 0.949039 0.841247
vt 0.577665 0.135861
vt 0.545743 0.129787
vt 0.526590 0.133010
vt 0.526590 0.129787
vt 0.960460 0.878931
vt 0.960462 0.860090
vt 0.393829 0.122821
vt 0.375987 0.126231
vt 0.375987 0.122821
vt 0.954784 0.860089
vt 0.954786 0.841247
vt 0.936422 0.450114
vt 0.934742 0.450051
vt 0.934791 0.448519
vt 0.936360 0.448530
vt 0.430824 0.135861
vt 0.411670 0.135861
vt 0.564896 0.120705
vt 0.952829 0.803565
vt 0.954722 0.803565
vt 0.954720 0.822405
vt 0.952827 0.822405
vt 0.103111 0.971943
vt 0.104025 0.972479
vt 0.103784 0.973152
vt 0.102823 0.973039
vt 0.941876 0.599089
vt 0.939891 0.598489
vt 0.940338 0.574482
vt 0.942298 0.574497
vt 0.430826 0.032937
vt 0.430826 0.030216
vt 0.041136 0.975429
vt 0.042259 0.975053
vt 0.042727 0.975648
vt 0.041984 0.976608
vt 0.564902 0.032944
vt 0.564902 0.038793
vt 0.545748 0.038794
vt 0.545748 0.032941
vt 0.603204 0.126231
vt 0.603204 0.129787
vt 0.942320 0.515977
vt 0.942324 0.496470
vt 0.043934 0.973024
vt 0.042967 0.973124
vt 0.042692 0.972441
vt 0.430824 0.122821
vt 0.411670 0.122821
vt 0.406358 0.094834
vt 0.406358 0.082025
vt 0.936380 0.457580
vt 0.934456 0.457557
vt 0.526590 0.135861
vt 0.526596 0.002167
vt 0.507442 0.002166
vt 0.564381 0.100496
vt 0.564736 0.110477
vt 0.545743 0.114982
vt 0.545744 0.102372
vt 0.561167 0.102373
vt 0.563021 0.101857
vt 0.449979 0.061684
vt 0.449978 0.074493
vt 0.950928 0.878929
vt 0.952821 0.878929
vt 0.952823 0.897750
vt 0.950933 0.897759
vt 0.590434 0.120678
vt 0.603204 0.120681
vt 0.603204 0.122824
vt 0.430826 0.021356
vt 0.430826 0.017667
vt 0.449980 0.017667
vt 0.449980 0.021357
vt 0.411672 0.030216
vt 0.411672 0.021356
vt 0.526594 0.032939
vt 0.526594 0.038794
vt 0.449978 0.102368
vt 0.449977 0.114978
vt 0.577665 0.120694
vt 0.564901 0.041515
vt 0.577671 0.038792
vt 0.577671 0.041516
vt 0.393831 0.013976
vt 0.393831 0.010286
vt 0.411673 0.010287
vt 0.411673 0.013977
vt 0.507437 0.135861
vt 0.603211 0.013986
vt 0.507437 0.116823
vt 0.507437 0.114980
vt 0.526590 0.114981
vt 0.590440 0.032950
vt 0.590440 0.030224
vt 0.603210 0.030225
vt 0.603210 0.032953
vt 0.930845 0.599038
vt 0.932801 0.598474
vt 0.933575 0.600110
vt 0.931848 0.601222
vt 0.488284 0.116819
vt 0.430824 0.120730
vt 0.449977 0.120729
vt 0.449977 0.122821
vt 0.561170 0.054156
vt 0.545747 0.054155
vt 0.545748 0.041514
vt 0.564762 0.045426
vt 0.564385 0.056033
vt 0.563021 0.054670
vt 0.545749 0.017672
vt 0.052885 0.972667
vt 0.411672 0.032938
vt 0.948974 0.083203
vt 0.948976 0.063021
vt 0.375989 0.041507
vt 0.393830 0.041508
vt 0.954782 0.878929
vt 0.954779 0.897747
vt 0.430827 0.002163
vt 0.411673 0.002163
vt 0.526590 0.126231
vt 0.393831 0.038783
vt 0.411672 0.038786
vt 0.411672 0.041509
vt 0.469135 0.002164
vt 0.449981 0.002164
vt 0.949037 0.860088
vt 0.950930 0.860089
vt 0.949035 0.878929
vt 0.930495 0.496468
vt 0.932455 0.496468
vt 0.932451 0.515975
vt 0.930491 0.515975
vt 0.285761 0.667425
vt 0.285808 0.666719
vt 0.286433 0.667143
vt 0.942893 0.063021
vt 0.469131 0.116817
vt 0.933032 0.449746
vt 0.940794 0.042840
vt 0.942821 0.042840
vt 0.940792 0.063020
vt 0.577671 0.032947
vt 0.507438 0.102370
vt 0.526591 0.102371
vt 0.561170 0.061689
vt 0.553831 0.074497
vt 0.469131 0.094836
vt 0.469132 0.082027
vt 0.590440 0.041517
vt 0.590440 0.038790
vt 0.449979 0.054151
vt 0.430825 0.054150
vt 0.949039 0.897770
vt 0.953067 0.920572
vt 0.951291 0.920948
vt 0.411673 0.017666
vt 0.449977 0.116815
vt 0.545743 0.126231
vt 0.393831 0.017666
vt 0.934419 0.476964
vt 0.577671 0.030223
vt 0.545743 0.122823
vt 0.603209 0.038789
vt 0.593147 0.107768
vt 0.603204 0.110481
vt 0.590435 0.110480
vt 0.591711 0.110006
vt 0.592673 0.109043
vt 0.949584 0.769698
vt 0.950549 0.767645
vt 0.952175 0.768712
vt 0.951435 0.770248
vt 0.942856 0.168044
vt 0.942856 0.169695
vt 0.941182 0.169824
vt 0.941052 0.168170
vt 0.488286 0.054152
vt 0.469133 0.054152
vt 0.942922 0.007682
vt 0.942825 0.022712
vt 0.488288 0.002165
vt 0.954763 0.920459
vt 0.430824 0.133010
vt 0.952823 0.860089
vt 0.577673 0.002170
vt 0.603205 0.098609
vt 0.593148 0.098608
vt 0.393829 0.135861
vt 0.375987 0.135861
vt 0.563021 0.061175
vt 0.564386 0.059810
vt 0.564900 0.057959
vt 0.574957 0.057931
vt 0.574956 0.078260
vt 0.557561 0.078228
vt 0.557047 0.076377
vt 0.555685 0.075014
vt 0.393831 0.002162
vt 0.375989 0.010286
vt 0.375990 0.002162
vt 0.960061 0.921517
vt 0.959052 0.923672
vt 0.957379 0.922488
vt 0.958149 0.920946
vt 0.411670 0.120730
vt 0.940367 0.476963
vt 0.938408 0.476965
vt 0.938384 0.457563
vt 0.284842 0.727223
vt 0.284828 0.728175
vt 0.283913 0.728279
vt 0.283820 0.727323
vt 0.940791 0.143725
vt 0.942887 0.143722
vt 0.411670 0.133010
vt 0.285733 0.728299
vt 0.285801 0.728999
vt 0.284819 0.729204
vt 0.393831 0.021356
vt 0.375989 0.021355
vt 0.279627 0.698181
vt 0.280675 0.698181
vt 0.280696 0.719073
vt 0.279651 0.719117
vt 0.952825 0.841247
vt 0.938762 0.103385
vt 0.940789 0.103385
vt 0.940788 0.123566
vt 0.938761 0.123566
vt 0.603209 0.041517
vt 0.040834 0.974051
vt 0.041117 0.972658
vt 0.042257 0.973066
vt 0.042035 0.974054
vt 0.103546 0.977424
vt 0.103099 0.976226
vt 0.104043 0.975688
vt 0.104754 0.976664
vt 0.402628 0.057952
vt 0.404508 0.054664
vt 0.403143 0.056029
vt 0.936370 0.515976
vt 0.936374 0.496469
vt 0.946949 0.042840
vt 0.948977 0.042839
vt 0.936734 0.103385
vt 0.936733 0.123566
vt 0.404508 0.075006
vt 0.403144 0.076368
vt 0.402628 0.078222
vt 0.403143 0.059803
vt 0.404508 0.061169
vt 0.577670 0.045427
vt 0.590440 0.045427
vt 0.589164 0.045902
vt 0.588202 0.046864
vt 0.587727 0.048139
vt 0.580382 0.048139
vt 0.579908 0.046863
vt 0.578946 0.045901
vt 0.942889 0.123566
vt 0.936449 0.476965
vt 0.932447 0.535481
vt 0.930487 0.535481
vt 0.953192 0.922116
vt 0.952056 0.922529
vt 0.949395 0.921504
vt 0.950383 0.923627
vt 0.954752 0.922006
vt 0.953080 0.923290
vt 0.952297 0.925217
vt 0.934414 0.496468
vt 0.938767 0.042839
vt 0.954780 0.925718
vt 0.954778 0.923686
vt 0.938382 0.574472
vt 0.938393 0.554988
vt 0.940352 0.554988
vt 0.934403 0.554987
vt 0.936433 0.554987
vt 0.936356 0.574468
vt 0.934403 0.574471
vt 0.932444 0.554987
vt 0.932446 0.574479
vt 0.936386 0.597977
vt 0.934631 0.598096
vt 0.938086 0.598112
vt 0.956409 0.920588
vt 0.956251 0.922140
vt 0.956683 0.803565
vt 0.954725 0.784774
vt 0.956676 0.784768
vt 0.956418 0.923316
vt 0.930484 0.554987
vt 0.930487 0.574491
vt 0.957117 0.925212
vt 0.948440 0.006580
vt 0.946458 0.007172
vt 0.945661 0.005533
vt 0.947397 0.004380
vt 0.933687 0.448226
vt 0.960468 0.803564
vt 0.958575 0.803565
vt 0.958562 0.784747
vt 0.960457 0.784720
vt 0.936374 0.599581
vt 0.937916 0.599706
vt 0.938065 0.600941
vt 0.936276 0.601312
vt 0.934756 0.599701
vt 0.936236 0.603415
vt 0.933785 0.602865
vt 0.934610 0.600902
vt 0.934545 0.447383
vt 0.936121 0.446851
vt 0.933712 0.445702
vt 0.932071 0.447222
vt 0.937928 0.448337
vt 0.938070 0.449956
vt 0.944592 0.004729
vt 0.945411 0.002734
vt 0.931183 0.449228
vt 0.942841 0.173637
vt 0.940271 0.173102
vt 0.941011 0.171091
vt 0.942761 0.171492
vt 0.960465 0.841248
vt 0.938774 0.602927
vt 0.939082 0.600085
vt 0.940815 0.601337
vt 0.944632 0.007548
vt 0.944466 0.005944
vt 0.942896 0.004320
vt 0.942915 0.006067
vt 0.935733 0.444930
vt 0.938047 0.444803
vt 0.938118 0.446925
vt 0.945338 0.173135
vt 0.944609 0.171098
vt 0.945655 0.170227
vt 0.947438 0.171510
vt 0.944462 0.169815
vt 0.937123 0.169172
vt 0.939168 0.168559
vt 0.939986 0.170220
vt 0.938208 0.171482
vt 0.952395 0.766102
vt 0.953159 0.767972
vt 0.954798 0.769243
vt 0.953284 0.769108
vt 0.954801 0.767603
vt 0.941287 0.005936
vt 0.941124 0.004701
vt 0.403142 0.080145
vt 0.404505 0.081509
vt 0.404504 0.095350
vt 0.403142 0.096714
vt 0.402627 0.098637
vt 0.545745 0.082030
vt 0.553831 0.082030
vt 0.561168 0.094840
vt 0.545745 0.094839
vt 0.937322 0.006552
vt 0.938390 0.004307
vt 0.940123 0.005547
vt 0.957372 0.768724
vt 0.956247 0.769102
vt 0.956382 0.767972
vt 0.954807 0.770743
vt 0.956407 0.770611
vt 0.958114 0.770259
vt 0.944922 0.042840
vt 0.944915 0.022706
vt 0.946935 0.022683
vt 0.956681 0.822406
vt 0.938765 0.063020
vt 0.940791 0.083203
vt 0.938763 0.083203
vt 0.958555 0.897760
vt 0.956666 0.897751
vt 0.942316 0.535484
vt 0.940356 0.535483
vt 0.942311 0.554989
vt 0.938766 0.143734
vt 0.944602 0.168169
vt 0.944907 0.143726
vt 0.950960 0.784745
vt 0.949066 0.784716
vt 0.948964 0.022655
vt 0.375989 0.013976
vt 0.375989 0.017666
vt 0.934411 0.515976
vt 0.375989 0.038779
vt 0.944916 0.123566
vt 0.946931 0.143735
vt 0.946943 0.123566
vt 0.953151 0.770621
vt 0.939157 0.447990
vt 0.954814 0.765602
vt 0.959967 0.769710
vt 0.959001 0.767655
vt 0.936736 0.083203
vt 0.958574 0.822406
vt 0.952845 0.784764
vt 0.936366 0.535482
vt 0.934407 0.535482
vt 0.940973 0.447154
vt 0.946483 0.168571
vt 0.948534 0.169192
vt 0.938397 0.535483
vt 0.936737 0.063020
vt 0.942824 0.002211
vt 0.940407 0.002724
vt 0.960467 0.822406
vt 0.282713 0.668150
vt 0.283243 0.667221
vt 0.283921 0.667454
vt 0.283822 0.668416
vt 0.936738 0.143747
vt 0.936763 0.022650
vt 0.936740 0.042838
vt 0.960449 0.897773
vt 0.946945 0.103385
vt 0.948973 0.103385
vt 0.939564 0.445299
vt 0.957148 0.766102
vt 0.942327 0.476962
vt 0.403142 0.100487
vt 0.948959 0.143749
vt 0.948971 0.123567
vt 0.104039 0.969682
vt 0.103572 0.970751
vt 0.094553 0.969899
vt 0.094599 0.968847
vt 0.052771 0.979263
vt 0.052812 0.978211
vt 0.073686 0.978247
vt 0.073686 0.979293
vt 0.103770 0.975007
vt 0.104479 0.975064
vt 0.043081 0.974052
vt 0.042969 0.974975
vt 0.284803 0.730381
vt 0.286155 0.730120
vt 0.564898 0.098570
vt 0.574954 0.098599
vt 0.574954 0.107766
vt 0.042714 0.978449
vt 0.043181 0.977378
vt 0.104768 0.971518
vt 0.105917 0.974078
vt 0.104715 0.974067
vt 0.104493 0.973073
vt 0.105618 0.972697
vt 0.289030 0.719094
vt 0.287628 0.719042
vt 0.287678 0.698184
vt 0.285857 0.727354
vt 0.287382 0.666424
vt 0.286197 0.665584
vt 0.103677 0.974080
vt 0.287643 0.677324
vt 0.286253 0.677353
vt 0.285876 0.668383
vt 0.286985 0.668074
vt 0.281405 0.730104
vt 0.280410 0.728545
vt 0.281513 0.728058
vt 0.282290 0.729243
vt 0.043642 0.976185
vt 0.052855 0.976813
vt 0.073685 0.976848
vt 0.073684 0.975450
vt 0.094471 0.975438
vt 0.094504 0.976821
vt 0.286277 0.698184
vt 0.284877 0.698183
vt 0.284860 0.677364
vt 0.284814 0.665319
vt 0.284824 0.666513
vt 0.073684 0.974052
vt 0.094459 0.974061
vt 0.282094 0.719032
vt 0.283476 0.719002
vt 0.282703 0.727609
vt 0.286698 0.664465
vt 0.288268 0.665537
vt 0.106779 0.972119
vt 0.107317 0.974081
vt 0.094589 0.979264
vt 0.094546 0.978219
vt 0.104018 0.978518
vt 0.073682 0.969858
vt 0.041178 0.977484
vt 0.039981 0.975998
vt 0.039464 0.974054
vt 0.406359 0.054150
vt 0.282076 0.698181
vt 0.105608 0.975477
vt 0.041982 0.971477
vt 0.284854 0.668515
vt 0.284841 0.667553
vt 0.282916 0.664513
vt 0.284798 0.663984
vt 0.283446 0.665616
vt 0.286240 0.719007
vt 0.102809 0.975099
vt 0.039994 0.972130
vt 0.102709 0.974071
vt 0.105571 0.970639
vt 0.284851 0.718993
vt 0.283481 0.677355
vt 0.282097 0.677327
vt 0.288182 0.667612
vt 0.283477 0.698182
vt 0.564384 0.096720
vt 0.563021 0.095356
vt 0.555681 0.081516
vt 0.557045 0.080154
vt 0.106779 0.976057
vt 0.105564 0.977550
vt 0.574958 0.048139
vt 0.576395 0.045901
vt 0.575432 0.046863
vt 0.287320 0.729288
vt 0.288121 0.728120
vt 0.289199 0.728612
vt 0.288193 0.730159
vt 0.282931 0.731184
vt 0.283444 0.730091
vt 0.052897 0.974047
vt 0.044042 0.974055
vt 0.052882 0.975426
vt 0.577666 0.110479
vt 0.575428 0.109042
vt 0.576390 0.110004
vt 0.580378 0.107767
vt 0.580379 0.098607
vt 0.587724 0.098608
vt 0.587723 0.107767
vt 0.603209 0.045428
vt 0.593152 0.048140
vt 0.290085 0.719143
vt 0.283851 0.728978
vt 0.283239 0.728547
vt 0.286393 0.728546
vt 0.286938 0.727647
vt 0.578941 0.110004
vt 0.579904 0.109042
vt 0.588197 0.109043
vt 0.589159 0.110005
vt 0.043929 0.975088
vt 0.284790 0.731694
vt 0.280702 0.677285
vt 0.281377 0.665628
vt 0.282282 0.666489
vt 0.280401 0.667218
vt 0.281491 0.667692
vt 0.286651 0.731218
vt 0.289295 0.667111
vt 0.073682 0.968811
vt 0.279652 0.677248
vt 0.052779 0.968837
vt 0.042698 0.969572
vt 0.283834 0.666745
vt 0.041105 0.970572
vt 0.198488 0.863529
vt 0.201066 0.864380
vt 0.209883 0.864380
vt 0.213420 0.865364
vt 0.216016 0.867961
vt 0.217001 0.871498
vt 0.217001 0.879582
vt 0.101703 0.879582
vt 0.101703 0.869281
vt 0.102666 0.866612
vt 0.105206 0.864653
vt 0.108666 0.863910
vt 0.112056 0.863910
vt 0.113978 0.862987
vt 0.116413 0.860079
vt 0.118101 0.859264
vt 0.122584 0.859264
vt 0.134398 0.859264
vt 0.154641 0.859264
vt 0.174884 0.859264
vt 0.187320 0.859264
vt 0.191212 0.859264
vt 0.193790 0.860115
vt 0.592677 0.046864
vt 0.591715 0.045902
vt 0.198488 0.895636
vt 0.193790 0.899050
vt 0.191212 0.899901
vt 0.187320 0.899901
vt 0.174884 0.899901
vt 0.154641 0.899901
vt 0.134398 0.899901
vt 0.122584 0.899901
vt 0.118101 0.899901
vt 0.116413 0.899086
vt 0.113978 0.896178
vt 0.112056 0.895254
vt 0.108666 0.895254
vt 0.105206 0.894512
vt 0.102666 0.892553
vt 0.101703 0.889884
vt 0.217001 0.887667
vt 0.216016 0.891204
vt 0.213420 0.893801
vt 0.209883 0.894785
vt 0.201066 0.894785
s 1
usemtl Material.001
f 2525/3497/1185 2427/3498/1186 2436/3499/1187 2523/3500/1188
f 3267/3501/1189 3263/3502/1190 2480/3503/1191 2543/3504/1192
f 2647/3505/1193 2584/3506/1194 2609/3507/1195 2650/3508/1196
f 2634/3509/1197 2489/3510/1198 2487/3511/1199 2632/3512/1200
f 2531/3513/1201 2479/3514/1202 2478/3515/1203 2538/3516/1204
f 2641/3517/1205 2452/3518/1206 2466/3519/1207 2637/3520/1208
f 2577/3521/1209 2499/3522/1210 2501/3523/1211 2572/3524/1212
f 2496/3525/1213 2425/3526/1214 2430/3527/1215 2454/3528/1216
f 2560/3529/1217 2557/3530/1217 2526/3531/1217 2527/3532/1217
f 2575/3533/1218 2483/3534/1219 2482/3535/1220 2571/3536/1221
f 2422/3537/1222 2469/3538/1223 2468/3539/1224 2418/3540/1225
f 2523/3500/1188 2436/3499/1187 2435/3541/1226 2522/3542/1227
f 2540/3543/1228 2444/3544/1229 2458/3545/1230 2537/3546/1231
f 2425/3526/1214 2496/3525/1213 2494/3547/1232 2429/3548/1233
f 2557/3530/1217 2585/3549/1234 2648/3550/1235 2526/3531/1217
f 3258/3551/1236 3261/3552/1237 2432/3553/1238 2497/3554/1239
f 2547/3555/1240 2506/3556/1241 2508/3557/1242 2551/3558/1243
f 2634/3509/1197 2493/3559/1244 2453/3560/1245 2636/3561/1246
f 2529/3562/1247 2485/3563/1248 2445/3564/1249 2530/3565/1250
f 2533/3566/1251 2502/3567/1252 2504/3568/1253 2539/3569/1254
f 2576/3570/1255 2485/3563/1248 2483/3534/1219 2575/3533/1218
f 2540/3543/1228 2446/3571/1256 2447/3572/1257 2530/3565/1250
f 3264/3573/1258 3256/3574/1259 2484/3575/1260 2534/3576/1261
f 2612/3577/1262 2631/3578/1263 2570/3579/1264 2505/3580/1265
f 2554/3581/1266 2511/3582/1267 2510/3583/1268 2553/3584/1269
f 2642/3585/1270 2519/3586/1271 2521/3587/1272 2633/3588/1273
f 2532/3589/1274 2503/3590/1275 2502/3567/1252 2533/3566/1251
f 2664/3591/1217 2665/3592/1217 2904/3593/1217 2915/3594/1217
f 2643/3595/1276 2456/3596/1277 2457/3597/1278 2637/3520/1208
f 2644/3598/1279 2486/3599/1280 2488/3600/1281 2638/3601/1282
f 2604/3602/1283 2580/3603/1284 2620/3604/1285 2630/3605/1286
f 2465/3606/1287 2441/3607/1288 2440/3608/1289 2464/3609/1290
f 2641/3517/1205 2443/3610/1291 2442/3611/1292 2636/3561/1246
f 2433/3612/1293 2495/3613/1294 2497/3554/1239 2432/3553/1238
f 2579/3614/1295 2498/3615/1296 2499/3522/1210 2577/3521/1209
f 2455/3616/1297 2431/3617/1298 2418/3540/1225 2468/3539/1224
f 2549/3618/1299 2507/3619/1300 2506/3556/1241 2547/3555/1240
f 2631/3578/1263 2621/3620/1301 2500/3621/1302 2570/3579/1264
f 2569/3622/1303 2459/3623/1304 2458/3545/1230 2574/3624/1305
f 2694/3625/1217 2658/3626/1217 2656/3627/1217 2858/3628/1217
f 2542/3629/1306 2474/3630/1307 2476/3631/1308 2543/3504/1192
f 2618/3632/1309 2627/3633/1310 2548/3634/1311 2513/3635/1312
f 2568/3636/1313 2444/3544/1229 2445/3564/1249 2573/3637/1314
f 2847/3638/1217 2712/3639/1217 2657/3640/1217 2655/3641/1217
f 2529/3562/1247 2481/3642/1315 2479/3514/1202 2531/3513/1201
f 2548/3634/1311 2509/3643/1316 2507/3619/1300 2549/3618/1299
f 2472/3644/1317 2438/3645/1318 2437/3646/1319 2470/3647/1320
f 2564/3648/1321 2472/3644/1317 2470/3647/1320 2562/3649/1322
f 2632/3512/1200 2487/3511/1199 2486/3599/1280 2644/3598/1279
f 2559/3650/1323 2450/3651/1324 2451/3652/1325 2558/3653/1326
f 2538/3516/1204 2478/3515/1203 2480/3503/1191 2534/3576/1261
f 2544/3654/1327 2463/3655/1328 2462/3656/1329 2545/3657/1330
f 2429/3548/1233 2494/3547/1232 2495/3613/1294 2433/3612/1293
f 2423/3658/1331 2514/3659/1332 2516/3660/1333 2426/3661/1334
f 2561/3662/1335 2471/3663/1336 2473/3664/1337 2555/3665/1338
f 2536/3666/1339 2461/3667/1340 2460/3668/1341 2537/3546/1231
f 2434/3669/1342 2517/3670/1343 2515/3671/1344 2424/3672/1345
f 2541/3673/1346 2448/3674/1347 2449/3675/1348 2546/3676/1349
f 2553/3584/1269 2510/3583/1268 2512/3677/1350 2556/3678/1351
f 2659/3679/1217 2601/3680/1352 2594/3681/1353 2706/3682/1217
f 2847/3638/1217 2662/3683/1217 2674/3684/1217 2712/3639/1217
f 3340/3685/1354 3252/3686/1355 2492/3687/1356 2638/3601/1282
f 2924/3688/1217 2927/3689/1217 2928/3690/1217 2930/3691/1217
f 2671/3692/1217 2605/3693/1357 2588/3694/1358 2869/3695/1217
f 2541/3673/1346 2446/3571/1256 2460/3668/1341 2545/3657/1330
f 2535/3696/1359 2505/3580/1265 2503/3590/1275 2532/3589/1274
f 2669/3697/1217 2746/3698/1217 2754/3699/1217 2670/3700/1217
f 2431/3617/1298 2455/3616/1297 2454/3528/1216 2430/3527/1215
f 2640/3701/1360 2518/3702/1361 2519/3586/1271 2642/3585/1270
f 2559/3650/1323 2448/3674/1347 2462/3656/1329 2566/3703/1362
f 2568/3636/1313 2443/3610/1291 2457/3597/1278 2574/3624/1305
f 2564/3648/1321 2477/3704/1363 2449/3675/1348 2558/3653/1326
f 2571/3536/1221 2482/3535/1220 2484/3575/1260 2578/3705/1364
f 2667/3706/1217 2838/3707/1217 2836/3708/1217 2668/3709/1217
f 2470/3647/1320 2437/3646/1319 2421/3710/1365 2471/3663/1336
f 2420/3711/1366 2450/3651/1324 2464/3609/1290 2440/3608/1289
f 2858/3628/1217 2656/3627/1217 2652/3712/1217 2684/3713/1217
f 2550/3714/1367 2477/3704/1363 2475/3715/1368 2552/3716/1369
f 3268/3717/1370 3255/3718/1371 2476/3631/1308 2555/3665/1338
f 2552/3716/1369 2475/3715/1368 2474/3630/1307 2542/3629/1306
f 2684/3713/1217 2652/3712/1217 2797/3719/1217 2831/3720/1217
f 2522/3542/1227 2435/3541/1226 2428/3721/1372 2524/3722/1373
f 2649/3723/1374 2608/3724/1375 2520/3725/1376 2639/3726/1377
f 2467/3727/1378 2565/3728/1217 2528/3729/1217 2643/3595/1276
f 2424/3672/1345 2515/3671/1344 2514/3659/1332 2423/3658/1331
f 2567/3730/1379 2465/3606/1287 2464/3609/1290 2566/3703/1362
f 2450/3651/1324 2420/3711/1366 2419/3731/1380 2451/3652/1325
f 2587/3732/1381 2592/3733/1382 2616/3734/1383 2610/3735/1384
f 2471/3663/1336 2421/3710/1365 2439/3736/1385 2473/3664/1337
f 2639/3726/1377 2520/3725/1376 2518/3702/1361 2640/3701/1360
f 2550/3714/1367 2481/3642/1315 2447/3572/1257 2546/3676/1349
f 2438/3645/1318 2472/3644/1317 2451/3652/1325 2419/3731/1380
f 2576/3570/1255 2489/3510/1198 2442/3611/1292 2573/3637/1314
f 2459/3623/1304 2895/3737/1217 2911/3738/1217 2536/3666/1339
f 3246/3739/1386 3257/3740/1387 2473/3664/1337 2439/3736/1385
f 2562/3649/1322 2470/3647/1320 2471/3663/1336 2561/3662/1335
f 2563/3741/1388 2513/3635/1312 2511/3582/1267 2554/3581/1266
f 3270/3742/1389 3247/3743/1390 2488/3600/1281 2578/3705/1364
f 2570/3579/1264 2500/3621/1302 2498/3615/1296 2579/3614/1295
f 2667/3706/1217 2668/3709/1217 2665/3592/1217 2664/3591/1217
f 2509/3643/1316 2535/3696/1359 2532/3589/1274 2507/3619/1300
f 2600/3744/1391 2591/3745/1392 2615/3746/1393 2626/3747/1394
f 2459/3623/1304 2536/3666/1339 2537/3546/1231 2458/3545/1230
f 2482/3535/1220 2538/3516/1204 2534/3576/1261 2484/3575/1260
f 2485/3563/1248 2529/3562/1247 2531/3513/1201 2483/3534/1219
f 2507/3619/1300 2532/3589/1274 2533/3566/1251 2506/3556/1241
f 3263/3502/1190 3264/3573/1258 2534/3576/1261 2480/3503/1191
f 2444/3544/1229 2540/3543/1228 2530/3565/1250 2445/3564/1249
f 2506/3556/1241 2533/3566/1251 2539/3569/1254 2508/3557/1242
f 2481/3642/1315 2529/3562/1247 2530/3565/1250 2447/3572/1257
f 2446/3571/1256 2540/3543/1228 2537/3546/1231 2460/3668/1341
f 2483/3534/1219 2531/3513/1201 2538/3516/1204 2482/3535/1220
f 2477/3704/1363 2550/3714/1367 2546/3676/1349 2449/3675/1348
f 2479/3514/1202 2552/3716/1369 2542/3629/1306 2478/3515/1203
f 2481/3642/1315 2550/3714/1367 2552/3716/1369 2479/3514/1202
f 2448/3674/1347 2541/3673/1346 2545/3657/1330 2462/3656/1329
f 2446/3571/1256 2541/3673/1346 2546/3676/1349 2447/3572/1257
f 2461/3667/1340 2544/3654/1327 2545/3657/1330 2460/3668/1341
f 2513/3635/1312 2548/3634/1311 2549/3618/1299 2511/3582/1267
f 2706/3682/1217 2594/3681/1353 2603/3748/1395 2677/3749/1217
f 2602/3750/1396 2595/3751/1397 2619/3752/1398 2628/3753/1399
f 2478/3515/1203 2542/3629/1306 2543/3504/1192 2480/3503/1191
f 2511/3582/1267 2549/3618/1299 2547/3555/1240 2510/3583/1268
f 2422/3537/1222 2418/3540/1225 2440/3608/1289 2441/3607/1288
f 2797/3719/1217 2826/3754/1217 2798/3755/1217 2825/3756/1217 2931/3757/1217 2929/3758/1217 2830/3759/1217 2777/3760/1217 2773/3761/1217 2831/3720/1217
f 2510/3583/1268 2547/3555/1240 2551/3558/1243 2512/3677/1350
f 3255/3718/1371 3267/3501/1189 2543/3504/1192 2476/3631/1308
f 2517/3670/1343 2563/3741/1388 2554/3581/1266 2515/3671/1344
f 2475/3715/1368 2562/3649/1322 2561/3662/1335 2474/3630/1307
f 2463/3655/1328 2567/3730/1379 2566/3703/1362 2462/3656/1329
f 3257/3740/1387 3268/3717/1370 2555/3665/1338 2473/3664/1337
f 2472/3644/1317 2564/3648/1321 2558/3653/1326 2451/3652/1325
f 2450/3651/1324 2559/3650/1323 2566/3703/1362 2464/3609/1290
f 2662/3683/1217 2908/3762/1217 2898/3763/1217 2674/3684/1217
f 2514/3659/1332 2553/3584/1269 2556/3678/1351 2516/3660/1333
f 2474/3630/1307 2561/3662/1335 2555/3665/1338 2476/3631/1308
f 2448/3674/1347 2559/3650/1323 2558/3653/1326 2449/3675/1348
f 2477/3704/1363 2564/3648/1321 2562/3649/1322 2475/3715/1368
f 2597/3764/1400 2602/3750/1396 2628/3753/1399 2623/3765/1401
f 2515/3671/1344 2554/3581/1266 2553/3584/1269 2514/3659/1332
f 2646/3766/1217 2926/3767/1217 2925/3768/1217 2645/3769/1217
f 2505/3580/1265 2570/3579/1264 2579/3614/1295 2503/3590/1275
f 3256/3574/1259 3270/3742/1389 2578/3705/1364 2484/3575/1260
f 2485/3563/1248 2576/3570/1255 2573/3637/1314 2445/3564/1249
f 2461/3667/1340 2536/3666/1339 2911/3738/1217 2700/3770/1217
f 2645/3769/1217 2925/3768/1217 2923/3771/1217 2635/3772/1217
f 2486/3599/1280 2571/3536/1221 2578/3705/1364 2488/3600/1281
f 2444/3544/1229 2568/3636/1313 2574/3624/1305 2458/3545/1230
f 2443/3610/1291 2568/3636/1313 2573/3637/1314 2442/3611/1292
f 2456/3596/1277 2569/3622/1303 2574/3624/1305 2457/3597/1278
f 2503/3590/1275 2579/3614/1295 2577/3521/1209 2502/3567/1252
f 2598/3773/1402 2589/3774/1403 2613/3775/1404 2624/3776/1405
f 2489/3510/1198 2576/3570/1255 2575/3533/1218 2487/3511/1199
f 2487/3511/1199 2575/3533/1218 2571/3536/1221 2486/3599/1280
f 2502/3567/1252 2577/3521/1209 2572/3524/1212 2504/3568/1253
f 2595/3751/1397 2600/3744/1391 2626/3747/1394 2619/3752/1398
f 2663/3777/1217 2672/3778/1217 2599/3779/1406 2590/3780/1407
f 2611/3781/1408 2617/3782/1409 2427/3498/1186 2525/3497/1185
f 2606/3783/1410 2622/3784/1411 2517/3670/1343 2434/3669/1342
f 2592/3733/1382 2593/3785/1412 2583/3786/1413 2582/3787/1414
f 2544/3654/1327 2461/3667/1340 2700/3770/1217 2690/3788/1217
f 2616/3734/1383 2592/3733/1382 2582/3787/1414 2607/3789/1415
f 2565/3728/1217 2560/3529/1217 2527/3532/1217 2528/3729/1217
f 2569/3622/1303 2886/3790/1217 2895/3737/1217 2459/3623/1304
f 2582/3787/1414 2597/3764/1400 2623/3765/1401 2607/3789/1415
f 2622/3784/1411 2629/3791/1416 2563/3741/1388 2517/3670/1343
f 2591/3745/1392 2598/3773/1402 2624/3776/1405 2615/3746/1393
f 2617/3782/1409 2616/3734/1383 2607/3789/1415 2606/3783/1410
f 2614/3792/1417 2625/3793/1418 2535/3696/1359 2509/3643/1316
f 2629/3791/1416 2618/3632/1309 2513/3635/1312 2563/3741/1388
f 2627/3633/1310 2614/3792/1417 2509/3643/1316 2548/3634/1311
f 2625/3793/1418 2612/3577/1262 2505/3580/1265 2535/3696/1359
f 2589/3774/1403 2604/3602/1283 2630/3605/1286 2613/3775/1404
f 2544/3654/1327 2690/3788/1217 2654/3794/1217 2463/3655/1328
f 2427/3498/1186 2617/3782/1409 2606/3783/1410 2434/3669/1342
f 2436/3499/1187 2427/3498/1186 2434/3669/1342 2424/3672/1345
f 2435/3541/1226 2436/3499/1187 2424/3672/1345 2423/3658/1331
f 2551/3558/1243 2508/3557/1242 3260/3795/1419 3266/3796/1420
f 2508/3557/1242 2539/3569/1254 3265/3797/1421 3260/3795/1419
f 2556/3678/1351 2512/3677/1350 3259/3798/1422 3269/3799/1423
f 2512/3677/1350 2551/3558/1243 3266/3796/1420 3259/3798/1422
f 2428/3721/1372 2435/3541/1226 2423/3658/1331 2426/3661/1334
f 3250/3800/1424 2428/3721/1372 2426/3661/1334 3254/3801/1425
f 2426/3661/1334 2516/3660/1333 3253/3802/1426 3254/3801/1425
f 2516/3660/1333 2556/3678/1351 3269/3799/1423 3253/3802/1426
f 2669/3697/1217 2670/3700/1217 2666/3803/1217 2880/3804/1217
f 2539/3569/1254 2504/3568/1253 3251/3805/1427 3265/3797/1421
f 2504/3568/1253 2572/3524/1212 3271/3806/1428 3251/3805/1427
f 2880/3804/1217 2666/3803/1217 2898/3763/1217 2908/3762/1217
f 2633/3588/1273 2521/3587/1272 3262/3807/1429 3339/3808/1430
f 2572/3524/1212 2501/3523/1211 3249/3809/1431 3271/3806/1428
f 2524/3722/1373 2428/3721/1372 3250/3800/1424 3248/3810/1432
f 2660/3811/1217 2915/3594/1217 2904/3593/1217 2661/3812/1217
f 2869/3695/1217 2588/3694/1358 2599/3779/1406 2672/3778/1217
f 2659/3679/1217 2663/3777/1217 2590/3780/1407 2601/3680/1352
f 2463/3655/1328 2654/3794/1217 2651/3813/1217 2567/3730/1379
f 2655/3641/1217 2657/3640/1217 2681/3814/1217 2653/3815/1217
f 2694/3625/1217 2660/3811/1217 2661/3812/1217 2658/3626/1217
f 2647/3505/1193 2580/3603/1284 2581/3816/1433 2648/3550/1235
f 2580/3603/1284 2604/3602/1283 2605/3693/1357 2581/3816/1433
f 2595/3751/1397 2602/3750/1396 2603/3748/1395 2594/3681/1353
f 2591/3745/1392 2600/3744/1391 2601/3680/1352 2590/3780/1407
f 2589/3774/1403 2598/3773/1402 2599/3779/1406 2588/3694/1358
f 2592/3733/1382 2587/3732/1381 2586/3817/1434 2593/3785/1412
f 2597/3764/1400 2582/3787/1414 2583/3786/1413 2596/3818/1435
f 2598/3773/1402 2591/3745/1392 2590/3780/1407 2599/3779/1406
f 2600/3744/1391 2595/3751/1397 2594/3681/1353 2601/3680/1352
f 2602/3750/1396 2597/3764/1400 2596/3818/1435 2603/3748/1395
f 2604/3602/1283 2589/3774/1403 2588/3694/1358 2605/3693/1357
f 2432/3553/1238 3261/3552/1237 3246/3739/1386 2439/3736/1385
f 2631/3578/1263 2612/3577/1262 2613/3775/1404 2630/3605/1286
f 2629/3791/1416 2622/3784/1411 2623/3765/1401 2628/3753/1399
f 2627/3633/1310 2618/3632/1309 2619/3752/1398 2626/3747/1394
f 2625/3793/1418 2614/3792/1417 2615/3746/1393 2624/3776/1405
f 2622/3784/1411 2606/3783/1410 2607/3789/1415 2623/3765/1401
f 2617/3782/1409 2611/3781/1408 2610/3735/1384 2616/3734/1383
f 2433/3612/1293 2432/3553/1238 2439/3736/1385 2421/3710/1365
f 2612/3577/1262 2625/3793/1418 2624/3776/1405 2613/3775/1404
f 2614/3792/1417 2627/3633/1310 2626/3747/1394 2615/3746/1393
f 2618/3632/1309 2629/3791/1416 2628/3753/1399 2619/3752/1398
f 2429/3548/1233 2433/3612/1293 2421/3710/1365 2437/3646/1319
f 2621/3620/1301 2631/3578/1263 2630/3605/1286 2620/3604/1285
f 2425/3526/1214 2429/3548/1233 2437/3646/1319 2438/3645/1318
f 2649/3723/1374 2621/3620/1301 2620/3604/1285 2650/3508/1196
f 2430/3527/1215 2425/3526/1214 2438/3645/1318 2419/3731/1380
f 2608/3724/1375 2649/3723/1374 2650/3508/1196 2609/3507/1195
f 2584/3506/1194 2647/3505/1193 2648/3550/1235 2585/3549/1234
f 2431/3617/1298 2430/3527/1215 2419/3731/1380 2420/3711/1366
f 2501/3523/1211 2633/3588/1273 3339/3808/1430 3249/3809/1431
f 2762/3819/1217 2767/3820/1217 2581/3816/1433 2605/3693/1357 2671/3692/1217
f 2500/3621/1302 2639/3726/1377 2640/3701/1360 2498/3615/1296
f 2621/3620/1301 2649/3723/1374 2639/3726/1377 2500/3621/1302
f 2498/3615/1296 2640/3701/1360 2642/3585/1270 2499/3522/1210
f 3247/3743/1390 3340/3685/1354 2638/3601/1282 2488/3600/1281
f 2491/3821/1436 2632/3512/1200 2644/3598/1279 2490/3822/1437
f 2452/3518/1206 2641/3517/1205 2636/3561/1246 2453/3560/1245
f 2490/3822/1437 2644/3598/1279 2638/3601/1282 2492/3687/1356
f 2467/3727/1378 2643/3595/1276 2637/3520/1208 2466/3519/1207
f 2499/3522/1210 2642/3585/1270 2633/3588/1273 2501/3523/1211
f 3025/3823/1217 3027/3824/1217 3028/3825/1217 3026/3826/1217 2593/3785/1412 2586/3817/1434 2921/3827/1217
f 2489/3510/1198 2634/3509/1197 2636/3561/1246 2442/3611/1292
f 2443/3610/1291 2641/3517/1205 2637/3520/1208 2457/3597/1278
f 2493/3559/1244 2634/3509/1197 2632/3512/1200 2491/3821/1436
f 2580/3603/1284 2647/3505/1193 2650/3508/1196 2620/3604/1285
f 2418/3540/1225 2431/3617/1298 2420/3711/1366 2440/3608/1289
f 2934/3828/1217 3010/3829/1217 3011/3830/1217 3009/3831/1217 3012/3832/1217 3013/3833/1217 3014/3834/1217 2935/3835/1217 2422/3537/1222 2441/3607/1288
f 2728/3836/1217 2725/3837/1217 2722/3838/1217 2456/3596/1277 2643/3595/1276 2528/3729/1217
f 2838/3707/1217 2736/3839/1217 2732/3840/1217 2728/3836/1217 2528/3729/1217 2527/3532/1217 2835/3841/1217 2837/3842/1217 2740/3843/1217 2836/3708/1217
f 2727/3844/1438 2720/3845/1439 2721/3846/1440 2729/3847/1441
f 2720/3845/1439 2723/3848/1442 2724/3849/1443 2721/3846/1440
f 2839/3850/1444 2722/3851/1445 2724/3849/1443 2723/3848/1442
f 2722/3851/1445 2725/3852/1446 2726/3853/1447 2724/3849/1443
f 2728/3854/1448 2733/3855/1449 2726/3853/1447 2725/3852/1446
f 2733/3855/1449 2729/3847/1441 2721/3846/1440 2726/3853/1447
f 2721/3846/1440 2724/3849/1443 2726/3853/1447
f 2727/3844/1438 2729/3847/1441 2731/3856/1450 2730/3857/1451
f 2729/3847/1441 2733/3855/1449 2734/3858/1452 2731/3856/1450
f 2728/3854/1448 2732/3859/1453 2734/3858/1452 2733/3855/1449
f 2732/3859/1453 2736/3860/1454 2737/3861/1455 2734/3858/1452
f 2838/3862/1456 2735/3863/1457 2737/3861/1455 2736/3860/1454
f 2735/3863/1457 2730/3857/1451 2731/3856/1450 2737/3861/1455
f 2731/3856/1450 2734/3858/1452 2737/3861/1455
f 2745/3864/1458 2738/3865/1459 2739/3866/1460 2747/3867/1461
f 2738/3865/1459 2741/3868/1462 2742/3869/1463 2739/3866/1460
f 2836/3870/1464 2740/3871/1465 2742/3869/1463 2741/3868/1462
f 2740/3871/1465 2837/3872/1466 2744/3873/1467 2742/3869/1463
f 2835/3874/1468 2743/3875/1469 2744/3873/1467 2837/3872/1466
f 2743/3875/1469 2747/3867/1461 2739/3866/1460 2744/3873/1467
f 2739/3866/1460 2742/3869/1463 2744/3873/1467
f 2745/3864/1458 2747/3867/1461 2749/3876/1470 2748/3877/1471
f 2747/3867/1461 2743/3875/1469 2751/3878/1472 2749/3876/1470
f 2835/3874/1468 2750/3879/1473 2751/3878/1472 2743/3875/1469
f 2750/3879/1473 2834/3880/1474 2753/3881/1475 2751/3878/1472
f 2746/3882/1476 2752/3883/1477 2753/3881/1475 2834/3880/1474
f 2752/3883/1477 2748/3877/1471 2749/3876/1470 2753/3881/1475
f 2749/3876/1470 2751/3878/1472 2753/3881/1475
f 2832/3884/1478 2755/3885/1479 2757/3886/1480 2756/3887/1481
f 2755/3885/1479 2769/3888/1482 2759/3889/1483 2757/3886/1480
f 2763/3890/1484 2758/3891/1485 2759/3889/1483 2769/3888/1482
f 2758/3891/1485 2760/3892/1486 2761/3893/1487 2759/3889/1483
f 2754/3894/1488 2833/3895/1489 2761/3893/1487 2760/3892/1486
f 2833/3895/1489 2756/3887/1481 2757/3886/1480 2761/3893/1487
f 2757/3886/1480 2759/3889/1483 2761/3893/1487
f 2832/3884/1478 2764/3896/1490 2765/3897/1491 2755/3885/1479
f 2764/3896/1490 2767/3898/1492 2768/3899/1493 2765/3897/1491
f 2762/3900/1494 2766/3901/1495 2768/3899/1493 2767/3898/1492
f 2766/3901/1495 2770/3902/1496 2771/3903/1497 2768/3899/1493
f 2763/3890/1484 2769/3888/1482 2771/3903/1497 2770/3902/1496
f 2769/3888/1482 2755/3885/1479 2765/3897/1491 2771/3903/1497
f 2765/3897/1491 2768/3899/1493 2771/3903/1497
f 2831/3904/1498 2773/3905/1499 2775/3906/1500 2774/3907/1501
f 2773/3905/1499 2777/3908/1502 2778/3909/1503 2775/3906/1500
f 2830/3910/1504 2776/3911/1505 2778/3909/1503 2777/3908/1502
f 2776/3911/1505 2780/3912/1506 2781/3913/1507 2778/3909/1503
f 2772/3914/1508 2779/3915/1509 2781/3913/1507 2780/3912/1506
f 2779/3915/1509 2774/3907/1501 2775/3906/1500 2781/3913/1507
f 2775/3906/1500 2778/3909/1503 2781/3913/1507
f 2782/3916/1510 2783/3917/1511 2785/3918/1512 2784/3919/1513
f 2783/3917/1511 2786/3920/1514 2787/3921/1515 2785/3918/1512
f 2772/3914/1508 2780/3912/1506 2787/3921/1515 2786/3920/1514
f 2780/3912/1506 2776/3911/1505 2788/3922/1516 2787/3921/1515
f 2830/3910/1504 2829/3923/1517 2788/3922/1516 2776/3911/1505
f 2829/3923/1517 2784/3919/1513 2785/3918/1512 2788/3922/1516
f 2785/3918/1512 2787/3921/1515 2788/3922/1516
f 2827/3924/1518 2790/3925/1519 2792/3926/1520 2791/3927/1521
f 2790/3925/1519 2828/3928/1522 2793/3929/1523 2792/3926/1520
f 2825/3930/1524 2799/3931/1525 2793/3929/1523 2828/3932/1522
f 2799/3931/1525 2795/3933/1526 2796/3934/1527 2793/3929/1523
f 2789/3935/1528 2794/3936/1529 2796/3934/1527 2795/3933/1526
f 2794/3936/1529 2791/3927/1521 2792/3926/1520 2796/3934/1527
f 2792/3926/1520 2793/3929/1523 2796/3934/1527
f 2825/3930/1524 2798/3937/1530 2800/3938/1531 2799/3931/1525
f 2798/3937/1530 2826/3939/1532 2802/3940/1533 2800/3938/1531
f 2797/3941/1534 2801/3942/1535 2802/3940/1533 2826/3939/1532
f 2801/3942/1535 2803/3943/1536 2804/3944/1537 2802/3940/1533
f 2789/3935/1528 2795/3933/1526 2804/3944/1537 2803/3943/1536
f 2795/3933/1526 2799/3931/1525 2800/3938/1531 2804/3944/1537
f 2800/3938/1531 2802/3940/1533 2804/3944/1537
f 2822/3945/1538 2824/3946/1539 2807/3947/1540 2806/3948/1541
f 2824/3946/1539 2823/3949/1542 2809/3950/1543 2807/3947/1540
f 2813/3951/1544 2808/3952/1545 2809/3950/1543 2823/3949/1542
f 2808/3952/1545 2811/3953/1546 2812/3954/1547 2809/3950/1543
f 2805/3955/1548 2810/3956/1549 2812/3954/1547 2811/3953/1546
f 2810/3956/1549 2806/3948/1541 2807/3947/1540 2812/3954/1547
f 2807/3947/1540 2809/3950/1543 2812/3954/1547
f 2820/3957/1550 2814/3958/1551 2815/3959/1552 2821/3960/1553
f 2814/3958/1551 2816/3961/1554 2817/3962/1555 2815/3959/1552
f 2805/3955/1548 2811/3953/1546 2817/3962/1555 2816/3961/1554
f 2811/3953/1546 2808/3952/1545 2819/3963/1556 2817/3962/1555
f 2813/3951/1544 2818/3964/1557 2819/3963/1556 2808/3952/1545
f 2818/3964/1557 2821/3960/1553 2815/3959/1552 2819/3963/1556
f 2815/3959/1552 2817/3962/1555 2819/3963/1556
f 2653/3815/1217 2681/3814/1217 2820/3965/1217 2827/3966/1217
f 2527/3532/1217 2526/3531/1217 2832/3967/1217 2756/3968/1217 2833/3969/1217 2754/3699/1217 2746/3698/1217 2834/3970/1217 2750/3971/1217 2835/3841/1217
f 2767/3820/1217 2764/3972/1217 2832/3967/1217 2526/3531/1217 2648/3550/1235 2581/3816/1433
f 2915/3973/1558 2660/3974/1559 2698/3975/1560 2917/3976/1561
f 2917/3976/1561 2698/3975/1560 2699/3977/1562 2916/3978/1563
f 2916/3978/1563 2699/3977/1562 2697/3979/1564 2914/3980/1565
f 2858/3981/1566 2684/3982/1567 2685/3983/1568 2860/3984/1569
f 2860/3984/1569 2685/3983/1568 2686/3985/1570 2859/3986/1571
f 2859/3986/1571 2686/3985/1570 2687/3987/1572 2861/3988/1573
f 2674/3989/1574 2898/3990/1575 2900/3991/1204 2676/3992/1203
f 2676/3992/1203 2900/3991/1204 2901/3993/1576 2675/3994/1577
f 2675/3994/1577 2901/3993/1576 2899/3995/1578 2673/3996/1579
f 2669/3997/1580 2880/3998/1581 2882/3999/1582 2879/4000/1583
f 2879/4000/1583 2882/3999/1582 2883/4001/1584 2878/4002/1585
f 2878/4002/1585 2883/4001/1584 2881/4003/1586 2875/4004/1587
f 2665/4005/1588 2668/4006/1589 2876/4007/1590 2885/4008/1220
f 2885/4008/1220 2876/4007/1590 2877/4009/1591 2884/4010/1592
f 2884/4010/1592 2877/4009/1591 2875/4004/1587 2881/4003/1586
f 2662/4011/1559 2847/4012/1593 2848/4013/1594 2846/4014/1560
f 2846/4014/1560 2848/4013/1594 2849/4015/1595 2845/4016/1596
f 2845/4016/1596 2849/4015/1595 2850/4017/1597 2842/4018/1598
f 2659/4019/1599 2706/4020/1566 2707/4021/1569 2711/4022/1594
f 2711/4022/1594 2707/4021/1569 2708/4023/1600 2710/4024/1601
f 2710/4024/1601 2708/4023/1600 2703/4025/1602 2709/4026/1603
f 2895/4027/1588 2886/4028/1589 2887/4029/1590 2897/4030/1220
f 2897/4030/1220 2887/4029/1590 2888/4031/1604 2896/4032/1605
f 2896/4032/1605 2888/4031/1604 2889/4033/1606 2892/4034/1607
f 2672/4035/1558 2663/4036/1559 2840/4037/1560 2903/4038/1561
f 2903/4038/1561 2840/4037/1560 2841/4039/1608 2902/4040/1609
f 2902/4040/1609 2841/4039/1608 2673/3996/1579 2899/3995/1578
f 2880/3998/1581 2908/4041/1558 2909/4042/1561 2882/3999/1582
f 2882/3999/1582 2909/4042/1561 2910/4043/1610 2883/4001/1584
f 2883/4001/1584 2910/4043/1610 2905/4044/1578 2881/4003/1586
f 2677/4045/1567 2822/3945/1538 2806/3948/1541 2679/4046/1568
f 2679/4046/1568 2806/3948/1541 2810/3956/1549 2678/4047/1611
f 2678/4047/1611 2810/3956/1549 2805/3955/1548 2680/4048/1612
f 2782/3916/1510 2651/4049/1613 2688/4050/1614 2783/3917/1511
f 2783/3917/1511 2688/4050/1614 2689/4051/1615 2786/3920/1514
f 2786/3920/1514 2689/4051/1615 2687/3987/1572 2772/3914/1508
f 2908/4041/1558 2662/4011/1559 2846/4014/1560 2909/4042/1561
f 2909/4042/1561 2846/4014/1560 2845/4016/1596 2910/4043/1610
f 2910/4043/1610 2845/4016/1596 2842/4018/1598 2905/4044/1578
f 2667/4052/1616 2664/4053/1581 2893/4054/1582 2891/4055/1583
f 2891/4055/1583 2893/4054/1582 2894/4056/1617 2890/4057/1618
f 2890/4057/1618 2894/4056/1617 2892/4034/1607 2889/4033/1606
f 2652/4058/1619 2656/4059/1620 2856/4060/1307 2719/4061/1621
f 2719/4061/1621 2856/4060/1307 2857/4062/1622 2718/4063/1623
f 2718/4063/1623 2857/4062/1622 2853/4064/1624 2717/4065/1625
f 2681/4066/1626 2657/4067/1620 2704/4068/1307 2683/4069/1614
f 2683/4069/1614 2704/4068/1307 2705/4070/1627 2682/4071/1628
f 2682/4071/1628 2705/4070/1627 2703/4025/1602 2680/4048/1612
f 2706/4020/1566 2677/4045/1567 2679/4046/1568 2707/4021/1569
f 2707/4021/1569 2679/4046/1568 2678/4047/1611 2708/4023/1600
f 2708/4023/1600 2678/4047/1611 2680/4048/1612 2703/4025/1602
f 2847/4012/1593 2655/4072/1566 2854/4073/1569 2848/4013/1594
f 2848/4013/1594 2854/4073/1569 2855/4074/1629 2849/4015/1595
f 2849/4015/1595 2855/4074/1629 2853/4064/1624 2850/4017/1597
f 2694/4075/1593 2858/3981/1566 2860/3984/1569 2696/4076/1594
f 2696/4076/1594 2860/3984/1569 2859/3986/1571 2695/4077/1630
f 2695/4077/1630 2859/3986/1571 2861/3988/1573 2691/4078/1631
f 2684/3982/1567 2831/3904/1498 2774/3907/1501 2685/3983/1568
f 2685/3983/1568 2774/3907/1501 2779/3915/1509 2686/3985/1570
f 2686/3985/1570 2779/3915/1509 2772/3914/1508 2687/3987/1572
f 2654/4079/1620 2690/4080/1632 2692/4081/1306 2863/4082/1307
f 2863/4082/1307 2692/4081/1306 2693/4083/1633 2862/4084/1368
f 2862/4084/1368 2693/4083/1633 2691/4078/1631 2861/3988/1573
f 2653/4085/1634 2827/3924/1518 2791/3927/1521 2716/4086/1635
f 2716/4086/1635 2791/3927/1521 2794/3936/1529 2715/4087/1636
f 2715/4087/1636 2794/3936/1529 2789/3935/1528 2717/4065/1625
f 2671/4088/1580 2869/4089/1581 2871/4090/1582 2868/4091/1583
f 2868/4091/1583 2871/4090/1582 2872/4092/1637 2867/4093/1618
f 2867/4093/1618 2872/4092/1637 2870/4094/1638 2866/4095/1606
f 2657/4067/1620 2712/4096/1639 2713/4097/1306 2704/4068/1307
f 2704/4068/1307 2713/4097/1306 2714/4098/1640 2705/4070/1627
f 2705/4070/1627 2714/4098/1640 2709/4026/1603 2703/4025/1602
f 2700/4099/1574 2911/4100/1575 2912/4101/1204 2702/4102/1203
f 2702/4102/1203 2912/4101/1204 2913/4103/1641 2701/4104/1642
f 2701/4104/1642 2913/4103/1641 2914/3980/1565 2697/3979/1564
f 2655/4072/1566 2653/4085/1634 2716/4086/1635 2854/4073/1569
f 2854/4073/1569 2716/4086/1635 2715/4087/1636 2855/4074/1629
f 2855/4074/1629 2715/4087/1636 2717/4065/1625 2853/4064/1624
f 2690/4080/1632 2700/4099/1574 2702/4102/1203 2692/4081/1306
f 2692/4081/1306 2702/4102/1203 2701/4104/1642 2693/4083/1633
f 2693/4083/1633 2701/4104/1642 2697/3979/1564 2691/4078/1631
f 2898/3990/1575 2666/4105/1588 2873/4106/1220 2900/3991/1204
f 2900/3991/1204 2873/4106/1220 2874/4107/1643 2901/3993/1576
f 2901/3993/1576 2874/4107/1643 2870/4094/1638 2899/3995/1578
f 2869/4089/1581 2672/4035/1558 2903/4038/1561 2871/4090/1582
f 2871/4090/1582 2903/4038/1561 2902/4040/1609 2872/4092/1637
f 2872/4092/1637 2902/4040/1609 2899/3995/1578 2870/4094/1638
f 2663/4036/1559 2659/4019/1599 2711/4022/1594 2840/4037/1560
f 2840/4037/1560 2711/4022/1594 2710/4024/1601 2841/4039/1608
f 2841/4039/1608 2710/4024/1601 2709/4026/1603 2673/3996/1579
f 2712/4096/1639 2674/3989/1574 2676/3992/1203 2713/4097/1306
f 2713/4097/1306 2676/3992/1203 2675/3994/1577 2714/4098/1640
f 2714/4098/1640 2675/3994/1577 2673/3996/1579 2709/4026/1603
f 2658/4108/1639 2661/4109/1574 2843/4110/1203 2852/4111/1306
f 2852/4111/1306 2843/4110/1203 2844/4112/1202 2851/4113/1644
f 2851/4113/1644 2844/4112/1202 2842/4018/1598 2850/4017/1597
f 2656/4059/1620 2658/4108/1639 2852/4111/1306 2856/4060/1307
f 2856/4060/1307 2852/4111/1306 2851/4113/1644 2857/4062/1622
f 2857/4062/1622 2851/4113/1644 2850/4017/1597 2853/4064/1624
f 2666/4105/1588 2670/4114/1645 2864/4115/1590 2873/4106/1220
f 2873/4106/1220 2864/4115/1590 2865/4116/1604 2874/4107/1643
f 2874/4107/1643 2865/4116/1604 2866/4095/1606 2870/4094/1638
f 2661/4109/1574 2904/4117/1575 2906/4118/1204 2843/4110/1203
f 2843/4110/1203 2906/4118/1204 2907/4119/1576 2844/4112/1202
f 2844/4112/1202 2907/4119/1576 2905/4044/1578 2842/4018/1598
f 2651/4049/1613 2654/4079/1620 2863/4082/1307 2688/4050/1614
f 2688/4050/1614 2863/4082/1307 2862/4084/1368 2689/4051/1615
f 2689/4051/1615 2862/4084/1368 2861/3988/1573 2687/3987/1572
f 2660/3974/1559 2694/4075/1593 2696/4076/1594 2698/3975/1560
f 2698/3975/1560 2696/4076/1594 2695/4077/1630 2699/3977/1562
f 2699/3977/1562 2695/4077/1630 2691/4078/1631 2697/3979/1564
f 2797/3941/1534 2652/4058/1619 2719/4061/1621 2801/3942/1535
f 2801/3942/1535 2719/4061/1621 2718/4063/1623 2803/3943/1536
f 2803/3943/1536 2718/4063/1623 2717/4065/1625 2789/3935/1528
f 2820/3957/1550 2681/4066/1626 2683/4069/1614 2814/3958/1551
f 2814/3958/1551 2683/4069/1614 2682/4071/1628 2816/3961/1554
f 2816/3961/1554 2682/4071/1628 2680/4048/1612 2805/3955/1548
f 2904/4117/1575 2665/4005/1588 2885/4008/1220 2906/4118/1204
f 2906/4118/1204 2885/4008/1220 2884/4010/1592 2907/4119/1576
f 2907/4119/1576 2884/4010/1592 2881/4003/1586 2905/4044/1578
f 2664/4053/1581 2915/3973/1558 2917/3976/1561 2893/4054/1582
f 2893/4054/1582 2917/3976/1561 2916/3978/1563 2894/4056/1617
f 2894/4056/1617 2916/3978/1563 2914/3980/1565 2892/4034/1607
f 2911/4100/1575 2895/4027/1588 2897/4030/1220 2912/4101/1204
f 2912/4101/1204 2897/4030/1220 2896/4032/1605 2913/4103/1641
f 2913/4103/1641 2896/4032/1605 2892/4034/1607 2914/3980/1565
f 2762/3900/1494 2671/4088/1580 2868/4091/1583 2766/3901/1495
f 2766/3901/1495 2868/4091/1583 2867/4093/1618 2770/3902/1496
f 2770/3902/1496 2867/4093/1618 2866/4095/1606 2763/3890/1484
f 2670/4114/1645 2754/3894/1488 2760/3892/1486 2864/4115/1590
f 2864/4115/1590 2760/3892/1486 2758/3891/1485 2865/4116/1604
f 2865/4116/1604 2758/3891/1485 2763/3890/1484 2866/4095/1606
f 2746/3882/1476 2669/3997/1580 2879/4000/1583 2752/3883/1477
f 2752/3883/1477 2879/4000/1583 2878/4002/1585 2748/3877/1471
f 2748/3877/1471 2878/4002/1585 2875/4004/1587 2745/3864/1458
f 2668/4006/1589 2836/3870/1464 2741/3868/1462 2876/4007/1590
f 2876/4007/1590 2741/3868/1462 2738/3865/1459 2877/4009/1591
f 2877/4009/1591 2738/3865/1459 2745/3864/1458 2875/4004/1587
f 2838/3862/1456 2667/4052/1616 2891/4055/1583 2735/3863/1457
f 2735/3863/1457 2891/4055/1583 2890/4057/1618 2730/3857/1451
f 2730/3857/1451 2890/4057/1618 2889/4033/1606 2727/3844/1438
f 2886/4028/1589 2839/3850/1444 2723/3848/1442 2887/4029/1590
f 2887/4029/1590 2723/3848/1442 2720/3845/1439 2888/4031/1604
f 2888/4031/1604 2720/3845/1439 2727/3844/1438 2889/4033/1606
f 2782/4120/1217 2784/4121/1217 2829/4122/1217 2918/4123/1217 2465/3606/1287 2567/3730/1379 2651/3813/1217
f 2823/4124/1217 2824/4125/1217 2822/4126/1217 2677/3749/1217 2603/3748/1395 2596/3818/1435 2920/4127/1217
f 2456/3596/1277 2722/3838/1217 2839/4128/1217 2886/3790/1217 2569/3622/1303
f 2825/3756/1217 2828/4129/1217 2790/4130/1217 2827/3966/1217 2820/3965/1217 2821/4131/1217 2818/4132/1217 2813/4133/1217 2932/4134/1217 2931/3757/1217
f 3006/4135/1217 3007/4136/1217 3008/4137/1217 2934/3828/1217 2441/3607/1288 2465/3606/1287 2918/4123/1217
f 2924/4138/1646 2922/4139/1646 3057/4140/1647 3048/4141/1648
f 3019/4142/1217 3023/4143/1217 3024/4144/1217 3022/4145/1217 2920/4127/1217 2596/3818/1435 2583/3786/1413
f 3006/4135/1217 2918/4123/1217 2829/4122/1217 2830/3759/1217 2929/3758/1217
f 2927/3689/1217 3012/3832/1217 3009/3831/1217 2928/3690/1217
f 2919/4146/1217 3015/4147/1217 2926/3767/1217 2646/3766/1217
f 3018/4148/1217 3029/4149/1217 2922/4150/1217 2933/4151/1217
f 2813/4133/1217 2823/4124/1217 2920/4127/1217 3022/4145/1217 2932/4134/1217
f 2635/3772/1217 2923/3771/1217 3025/3823/1217 2921/3827/1217
f 2922/4139/1646 3029/4152/1649 3034/4153/1650 3057/4140/1647
f 2931/4154/1651 2932/4155/1651 3071/4156/1652 3074/4157/1653
f 2932/4155/1651 3022/4158/1654 2946/4159/1655 3071/4156/1652
f 2933/4160/1656 2930/4161/1656 3067/4162/1657 3064/4163/1658
f 3018/4164/1659 2933/4160/1656 3064/4163/1658 2958/4165/1660
f 2926/4166/1661 3015/4167/1662 2966/4168/1663 3051/4169/1664
f 2928/4170/1656 3009/4171/1665 2987/4172/1666 3077/4173/1667
f 3025/4174/1668 2923/4175/1661 3061/4176/1669 2938/4177/1670
f 3006/4178/1671 2929/4179/1651 3081/4180/1672 2997/4181/1673
f 2922/4150/1217 2924/3688/1217 2930/3691/1217 2933/4151/1217
f 2925/4182/1661 2926/4166/1661 3051/4169/1664 3054/4183/1674
f 2923/4175/1661 2925/4182/1661 3054/4183/1674 3061/4176/1669
f 2929/4179/1651 2931/4154/1651 3074/4157/1653 3081/4180/1672
f 2930/4161/1656 2928/4170/1656 3077/4173/1667 3067/4162/1657
f 2927/4184/1646 2924/4138/1646 3048/4141/1648 3044/4185/1675
f 3012/4186/1676 2927/4184/1646 3044/4185/1675 2977/4187/1677
f 2937/4188/1678 3032/4189/1679 2940/4190/1680 2939/4191/1681
f 3032/4189/1679 3033/4192/1682 2942/4193/1683 2940/4190/1680
f 3035/4194/1684 2941/4195/1685 2942/4193/1683 3033/4192/1682
f 2941/4195/1685 2944/4196/1686 2945/4197/1687 2942/4193/1683
f 2938/4177/1670 2943/4198/1688 2945/4197/1687 2944/4196/1686
f 2943/4198/1688 2939/4191/1681 2940/4190/1680 2945/4197/1687
f 2940/4190/1680 2942/4193/1683 2945/4197/1687
f 2956/4199/1689 2947/4200/1690 2949/4201/1691 2948/4202/1692
f 2947/4200/1690 2951/4203/1693 2952/4204/1694 2949/4201/1691
f 2946/4159/1655 2950/4205/1695 2952/4204/1694 2951/4203/1693
f 2950/4205/1695 2953/4206/1696 2954/4207/1697 2952/4204/1694
f 2955/4208/1698 2957/4209/1699 2954/4207/1697 2953/4206/1696
f 2957/4209/1699 2948/4202/1692 2949/4201/1691 2954/4207/1697
f 2949/4201/1691 2952/4204/1694 2954/4207/1697
f 2956/4199/1689 2948/4202/1692 2960/4210/1700 2959/4211/1701
f 2948/4202/1692 2957/4209/1699 2962/4212/1702 2960/4210/1700
f 2955/4208/1698 2961/4213/1703 2962/4212/1702 2957/4209/1699
f 2961/4213/1703 2964/4214/1704 2965/4215/1705 2962/4212/1702
f 2958/4165/1660 2963/4216/1706 2965/4215/1705 2964/4214/1704
f 2963/4216/1706 2959/4211/1701 2960/4210/1700 2965/4215/1705
f 2960/4210/1700 2962/4212/1702 2965/4215/1705
f 2966/4168/1663 2967/4217/1707 2969/4218/1708 2968/4219/1709
f 2967/4217/1707 2970/4220/1710 2971/4221/1711 2969/4218/1708
f 2975/4222/1712 2976/4223/1713 2971/4221/1711 2970/4220/1710
f 2976/4223/1713 2973/4224/1714 2974/4225/1715 2971/4221/1711
f 2978/4226/1716 2972/4227/1717 2974/4225/1715 2973/4224/1714
f 2972/4227/1717 2968/4219/1709 2969/4218/1708 2974/4225/1715
f 2969/4218/1708 2971/4221/1711 2974/4225/1715
f 2977/4187/1677 2979/4228/1718 2981/4229/1719 2980/4230/1720
f 2979/4228/1718 2982/4231/1721 2983/4232/1722 2981/4229/1719
f 2978/4226/1716 2973/4224/1714 2983/4232/1722 2982/4231/1721
f 2973/4224/1714 2976/4223/1713 2985/4233/1723 2983/4232/1722
f 2975/4222/1712 2984/4234/1724 2985/4233/1723 2976/4223/1713
f 2984/4234/1724 2980/4230/1720 2981/4229/1719 2985/4233/1723
f 2981/4229/1719 2983/4232/1722 2985/4233/1723
f 2986/4235/1725 2989/4236/1726 2990/4237/1727 2998/4238/1728
f 2989/4236/1726 2992/4239/1729 2993/4240/1730 2990/4237/1727
f 2987/4172/1666 2991/4241/1731 2993/4240/1730 2992/4239/1729
f 2991/4241/1731 2994/4242/1732 2995/4243/1733 2993/4240/1730
f 2988/4244/1734 2996/4245/1735 2995/4243/1733 2994/4242/1732
f 2996/4245/1735 2998/4238/1728 2990/4237/1727 2995/4243/1733
f 2990/4237/1727 2993/4240/1730 2995/4243/1733
f 2986/4235/1725 2998/4238/1728 3000/4246/1736 2999/4247/1737
f 2998/4238/1728 2996/4245/1735 3002/4248/1738 3000/4246/1736
f 2988/4244/1734 3001/4249/1739 3002/4248/1738 2996/4245/1735
f 3001/4249/1739 3004/4250/1740 3005/4251/1741 3002/4248/1738
f 2997/4181/1673 3003/4252/1742 3005/4251/1741 3004/4250/1740
f 3003/4252/1742 2999/4247/1737 3000/4246/1736 3005/4251/1741
f 3000/4246/1736 3002/4248/1738 3005/4251/1741
f 2935/3835/1217 3016/4253/1217 3017/4254/1217 3015/4147/1217 2919/4146/1217 2469/3538/1223 2422/3537/1222
f 3026/3826/1217 3030/4255/1217 3031/4256/1217 3029/4149/1217 3018/4148/1217 3020/4257/1217 3021/4258/1217 3019/4142/1217 2583/3786/1413 2593/3785/1412
f 2937/4188/1678 3036/4259/1743 3037/4260/1744 3032/4189/1679
f 3036/4259/1743 3039/4261/1745 3040/4262/1746 3037/4260/1744
f 3034/4153/1650 3038/4263/1747 3040/4262/1746 3039/4261/1745
f 3038/4263/1747 3041/4264/1748 3042/4265/1749 3040/4262/1746
f 3035/4194/1684 3033/4192/1682 3042/4265/1749 3041/4264/1748
f 3033/4192/1682 3032/4189/1679 3037/4260/1744 3042/4265/1749
f 3037/4260/1744 3040/4262/1746 3042/4265/1749
f 3061/4176/1669 3054/4183/1674 3055/4266/1750 3063/4267/1751
f 3063/4267/1751 3055/4266/1750 3056/4268/1752 3062/4269/1753
f 3062/4269/1753 3056/4268/1752 3047/4270/1754 3058/4271/1755
f 3048/4141/1648 3057/4140/1647 3059/4272/1756 3050/4273/1757
f 3050/4273/1757 3059/4272/1756 3060/4274/1758 3049/4275/1759
f 3049/4275/1759 3060/4274/1758 3058/4271/1755 3047/4270/1754
f 3064/4163/1658 3067/4162/1657 3069/4276/1760 3066/4277/1761
f 3066/4277/1761 3069/4276/1760 3070/4278/1762 3065/4279/1763
f 3065/4279/1763 3070/4278/1762 3068/4280/1755 2936/4281/1755
f 3051/4169/1664 2966/4168/1663 2968/4219/1709 3053/4282/1764
f 3053/4282/1764 2968/4219/1709 2972/4227/1717 3052/4283/1765
f 3052/4283/1765 2972/4227/1717 2978/4226/1716 3043/4284/1754
f 3044/4185/1675 3048/4141/1648 3050/4273/1757 3046/4285/1766
f 3046/4285/1766 3050/4273/1757 3049/4275/1759 3045/4286/1767
f 3045/4286/1767 3049/4275/1759 3047/4270/1754 3043/4284/1754
f 2977/4187/1677 3044/4185/1675 3046/4285/1766 2979/4228/1718
f 2979/4228/1718 3046/4285/1766 3045/4286/1767 2982/4231/1721
f 2982/4231/1721 3045/4286/1767 3043/4284/1754 2978/4226/1716
f 3054/4183/1674 3051/4169/1664 3053/4282/1764 3055/4266/1750
f 3055/4266/1750 3053/4282/1764 3052/4283/1765 3056/4268/1752
f 3056/4268/1752 3052/4283/1765 3043/4284/1754 3047/4270/1754
f 2975/4222/1712 2935/4287/1768 3014/4288/1769 2984/4234/1724
f 2984/4234/1724 3014/4288/1769 3013/4289/1770 2980/4230/1720
f 2980/4230/1720 3013/4289/1770 3012/4186/1676 2977/4187/1677
f 3019/4290/1771 2955/4208/1698 2953/4206/1696 3023/4291/1772
f 3023/4291/1772 2953/4206/1696 2950/4205/1695 3024/4292/1773
f 3024/4292/1773 2950/4205/1695 2946/4159/1655 3022/4158/1654
f 2955/4208/1698 3019/4290/1771 3021/4293/1774 2961/4213/1703
f 2961/4213/1703 3021/4293/1774 3020/4294/1775 2964/4214/1704
f 2964/4214/1704 3020/4294/1775 3018/4164/1659 2958/4165/1660
f 2987/4172/1666 3009/4171/1665 3011/4295/1776 2991/4241/1731
f 2991/4241/1731 3011/4295/1776 3010/4296/1777 2994/4242/1732
f 2994/4242/1732 3010/4296/1777 2934/4297/1778 2988/4244/1734
f 3025/4174/1668 2938/4177/1670 2944/4196/1686 3027/4298/1779
f 3027/4298/1779 2944/4196/1686 2941/4195/1685 3028/4299/1780
f 3028/4299/1780 2941/4195/1685 3035/4194/1684 3026/4300/1781
f 3026/4300/1781 3035/4194/1684 3041/4264/1748 3030/4301/1782
f 3030/4301/1782 3041/4264/1748 3038/4263/1747 3031/4302/1783
f 3031/4302/1783 3038/4263/1747 3034/4153/1650 3029/4152/1649
f 3006/4178/1671 2997/4181/1673 3004/4250/1740 3007/4303/1784
f 3007/4303/1784 3004/4250/1740 3001/4249/1739 3008/4304/1785
f 3008/4304/1785 3001/4249/1739 2988/4244/1734 2934/4297/1778
f 3074/4157/1653 3071/4156/1652 3072/4305/1786 3076/4306/1787
f 3076/4306/1787 3072/4305/1786 3073/4307/1788 3075/4308/1789
f 3075/4308/1789 3073/4307/1788 2936/4281/1755 3068/4280/1755
f 3067/4162/1657 3077/4173/1667 3079/4309/1790 3069/4276/1760
f 3069/4276/1760 3079/4309/1790 3080/4310/1791 3070/4278/1762
f 3070/4278/1762 3080/4310/1791 3078/4311/1755 3068/4280/1755
f 3081/4180/1672 3074/4157/1653 3076/4306/1787 3083/4312/1792
f 3083/4312/1792 3076/4306/1787 3075/4308/1789 3082/4313/1793
f 3082/4313/1793 3075/4308/1789 3068/4280/1755 3078/4311/1755
f 2958/4165/1660 3064/4163/1658 3066/4277/1761 2963/4216/1706
f 2963/4216/1706 3066/4277/1761 3065/4279/1763 2959/4211/1701
f 2959/4211/1701 3065/4279/1763 2936/4281/1755 2956/4199/1689
f 3071/4156/1652 2946/4159/1655 2951/4203/1693 3072/4305/1786
f 3072/4305/1786 2951/4203/1693 2947/4200/1690 3073/4307/1788
f 3073/4307/1788 2947/4200/1690 2956/4199/1689 2936/4281/1755
f 3077/4173/1667 2987/4172/1666 2992/4239/1729 3079/4309/1790
f 3079/4309/1790 2992/4239/1729 2989/4236/1726 3080/4310/1791
f 3080/4310/1791 2989/4236/1726 2986/4235/1725 3078/4311/1755
f 2997/4181/1673 3081/4180/1672 3083/4312/1792 3003/4252/1742
f 3003/4252/1742 3083/4312/1792 3082/4313/1793 2999/4247/1737
f 2999/4247/1737 3082/4313/1793 3078/4311/1755 2986/4235/1725
f 3057/4140/1647 3034/4153/1650 3039/4261/1745 3059/4272/1756
f 3059/4272/1756 3039/4261/1745 3036/4259/1743 3060/4274/1758
f 3060/4274/1758 3036/4259/1743 2937/4188/1678 3058/4271/1755
f 2938/4177/1670 3061/4176/1669 3063/4267/1751 2943/4198/1688
f 2943/4198/1688 3063/4267/1751 3062/4269/1753 2939/4191/1681
f 2939/4191/1681 3062/4269/1753 3058/4271/1755 2937/4188/1678
f 2935/4287/1768 2975/4222/1712 2970/4220/1710 3016/4314/1794
f 3016/4314/1794 2970/4220/1710 2967/4217/1707 3017/4315/1795
f 3017/4315/1795 2967/4217/1707 2966/4168/1663 3015/4167/1662
f 3257/4316/1387 3139/4317/1796 3221/4318/1797 3268/4319/1370
f 3363/4320/1798 3574/4321/1798 3360/4322/1798 3364/4323/1798
f 3338/4324/1798 3337/4325/1798 3619/4326/1798 3620/4327/1798
f 3552/4328/1798 3378/4329/1798 3346/4330/1798 3350/4331/1798
f 3148/4332/1799 3150/4333/1800 3200/4334/1801 3204/4335/1802
f 3216/4336/1803 3212/4337/1804 3113/4338/1805 3147/4339/1806
f 3618/4340/1798 3624/4341/1798 3622/4342/1798 3621/4343/1798
f 3090/4344/1807 3089/4345/1808 3180/4346/1809 3181/4347/1810
f 3199/4348/1811 3205/4349/1812 3170/4350/1813 3168/4351/1814
f 3201/4352/1815 3198/4353/1816 3169/4354/1817 3171/4355/1818
f 3216/4336/1803 3218/4356/1819 3141/4357/1820 3143/4358/1821
f 3258/4359/1236 3163/4360/1822 3098/4361/1823 3261/4362/1237
f 3624/4363/1656 3761/4364/1824 3771/4365/1825 3622/4366/1656
f 3138/4367/1826 3136/4368/1827 3103/4369/1828 3104/4370/1829
f 3102/4371/1830 3090/4344/1807 3100/4372/1831 3093/4373/1832
f 3171/4355/1818 3169/4354/1817 3245/4374/1833 3236/4375/1834
f 3354/4376/1798 3355/4377/1798 3598/4378/1798 3609/4379/1798
f 3223/4380/1798 3192/4381/1798 3342/4382/1835 3277/4383/1836
f 3137/4384/1837 3139/4317/1796 3105/4385/1838 3087/4386/1839
f 3237/4387/1840 3244/4388/1841 3150/4333/1800 3148/4332/1799
f 3207/4389/1842 3211/4390/1843 3126/4391/1844 3112/4392/1845
f 3456/4393/1798 3365/4394/1798 3297/4395/1846 3273/4396/1847 3461/4397/1798
f 3332/4398/1848 3334/4399/1849 3185/4400/1850 3184/4401/1851
f 3143/4358/1821 3115/4402/1852 3212/4337/1804 3216/4336/1803
f 3357/4403/1798 3282/4404/1853 3291/4405/1854 3366/4406/1798
f 3341/4407/1855 3342/4382/1835 3273/4396/1847 3272/4408/1856
f 3508/4409/1857 3510/4410/1858 3376/4411/1859 3377/4412/1860
f 3346/4413/1861 3413/4414/1862 3550/4415/1863 3350/4416/1864
f 3348/4417/1864 3557/4418/1863 3386/4419/1865 3384/4420/1866
f 3317/4421/1867 3316/4422/1868 3307/4423/1869 3306/4424/1870
f 3319/4425/1871 3318/4426/1872 3311/4427/1873 3310/4428/1874
f 3298/4429/1875 3100/4372/1831 3183/4430/1876 3314/4431/1877
f 3284/4432/1878 3285/4433/1879 3278/4434/1880 3279/4435/1881
f 3227/4436/1882 3221/4318/1797 3139/4317/1796 3137/4384/1837
f 3208/4437/1865 3209/4438/1883 3142/4439/1884 3140/4440/1863
f 3541/4441/1798 3406/4442/1798 3368/4443/1798 3356/4444/1798
f 3198/4353/1816 3199/4348/1811 3168/4351/1814 3169/4354/1817
f 3110/4445/1885 3111/4446/1886 3196/4447/1887 3206/4448/1888
f 3231/4449/1798 3194/4450/1798 3193/4451/1798 3226/4452/1798
f 3204/4335/1802 3200/4334/1801 3146/4453/1889 3144/4454/1890
f 3587/4455/1891 3588/4456/1892 3610/4457/1893 3611/4458/1894
f 3166/4459/1895 3164/4460/1896 3332/4398/1848 3331/4461/1897
f 3180/4346/1809 3182/4462/1898 3222/4463/1899 3219/4464/1900
f 3215/4465/1901 3213/4466/1902 3172/4467/1903 3173/4468/1904
f 3596/4469/1905 3593/4470/1906 3367/4471/1907 3535/4472/1908
f 3093/4373/1832 3100/4372/1831 3298/4429/1875 3309/4473/1909
f 3112/4392/1845 3113/4338/1805 3212/4337/1804 3207/4389/1842
f 3202/4474/1910 3203/4475/1911 3126/4391/1844 3127/4476/1912
f 3195/4477/1913 3197/4478/1914 3145/4479/1915 3147/4339/1806
f 3099/4480/1916 3087/4386/1839 3105/4385/1838 3098/4361/1823
f 3757/4481/1917 3756/4482/1918 3750/4483/1919 3749/4484/1920
f 3272/4408/1856 3273/4396/1847 3297/4395/1846 3296/4485/1921
f 3347/4486/1922 3410/4487/1923 3485/4488/1924 3521/4489/1925
f 3541/4441/1798 3349/4490/1798 3351/4491/1798 3406/4442/1798
f 3388/4492/1798 3352/4493/1798 3355/4377/1798 3354/4376/1798
f 3294/4494/1926 3320/4495/1927 3311/4427/1873 3287/4496/1928
f 3361/4497/1798 3362/4498/1798 3530/4499/1798 3532/4500/1798
f 3210/4501/1929 3129/4502/1930 3348/4503/1798 3384/4504/1798
f 3091/4505/1931 3095/4506/1932 3160/4507/1933 3162/4508/1934
f 3206/4448/1888 3203/4475/1911 3124/4509/1935 3110/4445/1885
f 3289/4510/1936 3288/4511/1937 3275/4512/1938 3274/4513/1939
f 3118/4514/1940 3119/4515/1941 3328/4516/1942 3333/4517/1943
f 3341/4407/1855 3344/4518/1944 3301/4519/1945 3276/4520/1946
f 3534/4521/1947 3535/4472/1908 3404/4522/1948 3405/4523/1949
f 3611/4458/1894 3610/4457/1893 3393/4524/1950 3392/4525/1947
f 3214/4526/1951 3215/4465/1901 3173/4468/1904 3175/4527/1952
f 3235/4528/1953 3240/4529/1954 3124/4509/1935 3125/4530/1955
f 3540/4531/1947 3539/4532/1956 3543/4533/1957 3542/4534/1949
f 3100/4372/1831 3090/4344/1807 3181/4347/1810 3183/4430/1876
f 3174/4535/1958 3260/3795/1419 3265/3797/1421 3205/4349/1812
f 3388/4492/1798 3552/4328/1798 3350/4331/1798 3352/4493/1798
f 3188/4536/1959 3190/4537/1960 3094/4538/1961 3101/4539/1962
f 3138/4367/1826 3117/4540/1963 3224/4541/1964 3230/4542/1965
f 3745/4543/1966 3747/4544/1967 3662/4545/1968 3660/4546/1969
f 3384/4420/1866 3386/4419/1865 3396/4547/1890 3394/4548/1970
f 3250/3800/1424 3254/3801/1425 3092/4549/1971 3094/4538/1961
f 3220/4550/1972 3219/4464/1900 3176/4551/1973 3177/4552/1974
f 3358/4553/1975 3587/4455/1891 3611/4458/1894 3609/4554/1976
f 3343/4555/1977 3331/4461/1897 3186/4556/1978 3300/4557/1979
f 3172/4467/1903 3174/4535/1958 3205/4349/1812 3199/4348/1811
f 3610/4457/1893 3608/4558/1980 3391/4559/1981 3393/4524/1950
f 3483/4560/1982 3497/4561/1983 3498/4562/1984 3489/4563/1985
f 3238/4564/1986 3271/3806/1428 3249/3809/1431 3167/4565/1987
f 3289/4510/1936 3315/4566/1988 3320/4495/1927 3294/4494/1926
f 3556/4567/1820 3555/4568/1989 3385/4569/1990 3387/4570/1991
f 3637/4571/1992 3639/4572/1993 3634/4573/1994 3633/4574/1995
f 3440/4575/1996 3446/4576/1997 3573/4577/1998 3363/4578/1999
f 3234/4579/2000 3239/4580/2001 3111/4446/1886 3110/4445/1885
f 3678/4581/2002 3679/4582/2003 3675/4583/2004 3674/4584/2005
f 3116/4585/2006 3130/4586/2007 3232/4587/2008 3225/4588/2009
f 3177/4552/1974 3176/4551/1973 3213/4466/1902 3215/4465/1901
f 3191/4589/2010 3189/4590/2011 3102/4371/1830 3093/4373/1832
f 3356/4591/2012 3540/4531/1947 3542/4534/1949 3541/4592/2013
f 3666/4593/2014 3668/4594/2015 3663/4595/2016 3662/4545/1968
f 3323/4596/2017 3236/4375/1834 3166/4459/1895 3313/4597/2018
f 3363/4320/1798 3364/4323/1798 3448/4598/1798 3440/4599/1798
f 3497/4561/1983 3483/4560/1982 3411/4600/2019 3412/4601/2020
f 3219/4464/1900 3222/4463/1899 3178/4602/2021 3176/4551/1973
f 3206/4448/1888 3196/4447/1887 3113/4338/1805 3112/4392/1845
f 3255/4603/1371 3142/4439/1884 3209/4438/1883 3267/4604/1189
f 3517/4605/1798 3614/4606/1798 3288/4511/1937 3295/4607/2022 3371/4608/1798 3516/4609/1798 3518/4610/1798
f 3361/4497/1798 3358/4611/1798 3359/4612/1798 3362/4498/1798
f 3101/4539/1962 3089/4345/1808 3090/4344/1807 3102/4371/1830
f 3591/4613/1799 3590/4614/2023 3582/4615/2024 3581/4616/2025
f 3309/4473/1909 3308/4617/2026 3302/4618/2027 3303/4619/2028
f 3242/4620/2029 3241/4621/2030 3149/4622/2031 3151/4623/2032
f 3242/4620/2029 3239/4580/2001 3108/4624/2033 3155/4625/2034
f 3114/4626/2035 3128/4627/2036 3211/4390/1843 3207/4389/1842
f 3365/4394/1798 3563/4628/1798 3280/4629/2037 3297/4395/1846
f 3274/4513/1939 3299/4630/2038 3315/4566/1988 3289/4510/1936
f 3131/4631/2039 3130/4586/2007 3106/4632/2040 3107/4633/2041
f 3336/4634/2042 3330/4635/2043 3154/4636/2044 3152/4637/2045
f 3213/4466/1902 3217/4638/2046 3174/4535/1958 3172/4467/1903
f 3331/4461/1897 3332/4398/1848 3184/4401/1851 3186/4556/1978
f 3225/4588/2009 3224/4541/1964 3117/4540/1963 3116/4585/2006
f 3195/4477/1913 3196/4447/1887 3111/4446/1886 3151/4623/2032
f 3099/4480/1916 3098/4361/1823 3163/4360/1822 3161/4639/2047
f 3292/4640/2048 3293/4641/2049 3286/4642/2050 3287/4496/1928
f 3097/4643/2051 3096/4644/2052 3120/4645/2053 3121/4646/2054
f 3563/4628/1798 3366/4406/1798 3291/4405/1854 3280/4629/2037
f 3530/4647/2055 3435/4648/2056 3436/4649/2057 3434/4650/2058
f 3292/4640/2048 3318/4426/1872 3307/4423/1869 3283/4651/2059
f 3323/4596/2017 3322/4652/2060 3305/4653/2061 3304/4654/2062
f 3173/4468/1904 3172/4467/1903 3199/4348/1811 3198/4353/1816
f 3476/4655/1798 3345/4656/1798 3233/4657/2063 3131/4631/2039 3612/4658/1798 3523/4659/1798 3478/4660/1798
f 3141/4357/1820 3140/4440/1863 3227/4436/1882 3228/4661/2064
f 3747/4544/1967 3746/4662/2065 3666/4593/2014 3662/4545/1968
f 3333/4517/1943 3328/4516/1942 3108/4624/2033 3109/4663/2066
f 3357/4664/2012 3534/4521/1947 3405/4523/1949 3353/4665/2067
f 3133/4666/2068 3335/4667/2069 3194/4450/1798 3231/4449/1798
f 3590/4614/2023 3586/4668/2070 3583/4669/2071 3582/4615/2024
f 3175/4527/1952 3173/4468/1904 3198/4353/1816 3201/4352/1815
f 3270/4670/1389 3244/4388/1841 3154/4636/2044 3247/4671/1390
f 3310/4428/1874 3179/4672/2072 3214/4526/1951 3319/4425/1871
f 3335/4667/2069 3329/4673/2073 3123/4674/2074 3122/4675/2075
f 3308/4617/2026 3299/4630/2038 3274/4513/1939 3284/4432/1878
f 3210/4501/1929 3211/4390/1843 3128/4627/2036 3129/4502/1930
f 3095/4506/1932 3103/4369/1828 3087/4386/1839 3099/4480/1916
f 3264/4676/1258 3200/4334/1801 3150/4333/1800 3256/4677/1259
f 3605/4678/2076 3606/4679/1802 3591/4613/1799 3589/4680/2077
f 3136/4368/1827 3137/4384/1837 3087/4386/1839 3103/4369/1828
f 3314/4431/1877 3315/4566/1988 3299/4630/2038 3298/4429/1875
f 3352/4681/2078 3546/4682/1865 3537/4683/1890 3355/4684/1970
f 3684/4685/2079 3689/4686/2080 3687/4687/2081
f 3535/4472/1908 3367/4471/1907 3403/4688/2082 3404/4522/1948
f 3236/4375/1834 3245/4374/1833 3164/4460/1896 3166/4459/1895
f 3189/4590/2011 3188/4536/1959 3101/4539/1962 3102/4371/1830
f 3283/4651/2059 3307/4423/1869 3316/4422/1868 3290/4689/2083
f 3495/4690/2084 3497/4561/1983 3412/4601/2020 3413/4414/1862
f 3399/4691/2085 3397/4692/2086 3403/4688/2082 3408/4693/2087
f 3268/4319/1370 3221/4318/1797 3142/4439/1884 3255/4603/1371
f 3086/4694/2088 3106/4632/2040 3130/4586/2007 3116/4585/2006
f 3353/4695/1798 3400/4696/1798 3286/4642/2050 3293/4641/2049
f 3378/4329/1798 3525/4697/1798 3491/4698/1798 3346/4330/1798
f 3147/4339/1806 3113/4338/1805 3196/4447/1887 3195/4477/1913
f 3356/4444/1798 3368/4443/1798 3592/4699/1798 3602/4700/1798
f 3234/4579/2000 3240/4529/1954 3123/4674/2074 3109/4663/2066
f 3225/4588/2009 3232/4587/2008 3128/4627/2036 3114/4626/2035
f 3230/4542/1965 3224/4541/1964 3115/4402/1852 3143/4358/1821
f 3110/4445/1885 3124/4509/1935 3240/4529/1954 3234/4579/2000
f 3319/4425/1871 3214/4526/1951 3175/4527/1952 3306/4424/1870
f 3088/4701/2089 3107/4633/2041 3106/4632/2040 3084/4702/2090
f 3147/4339/1806 3145/4479/1915 3218/4356/1819 3216/4336/1803
f 3151/4623/2032 3149/4622/2031 3197/4478/1914 3195/4477/1913
f 3235/4528/1953 3125/4530/1955 3589/4703/1798 3580/4704/1798
f 3129/4502/1930 3128/4627/2036 3232/4587/2008 3233/4657/2063
f 3230/4542/1965 3228/4661/2064 3136/4368/1827 3138/4367/1826
f 3589/4680/2077 3591/4613/1799 3581/4616/2025 3580/4705/2091
f 3145/4479/1915 3144/4454/1890 3208/4437/1865 3218/4356/1819
f 3317/4421/1867 3201/4352/1815 3171/4355/1818 3304/4654/2062
f 3287/4496/1928 3311/4427/1873 3318/4426/1872 3292/4640/2048
f 3581/4616/2025 3582/4615/2024 3414/4706/2092 3417/4707/2093
f 3400/4696/1798 3371/4608/1798 3295/4607/2022 3286/4642/2050
f 3155/4625/2034 3153/4708/2094 3241/4621/2030 3242/4620/2029
f 3290/4689/2083 3316/4422/1868 3305/4653/2061 3281/4709/2095
f 3144/4454/1890 3146/4453/1889 3209/4438/1883 3208/4437/1865
f 3306/4424/1870 3175/4527/1952 3201/4352/1815 3317/4421/1867
f 3284/4432/1878 3274/4513/1939 3275/4512/1938 3285/4433/1879
f 3183/4430/1876 3181/4347/1810 3220/4550/1972 3229/4710/2096
f 3094/4538/1961 3092/4549/1971 3089/4345/1808 3101/4539/1962
f 3324/4711/2097 3336/4634/2042 3152/4637/2045 3153/4708/2094
f 3413/4414/1862 3412/4601/2020 3551/4712/2098 3550/4415/1863
f 3229/4710/2096 3220/4550/1972 3177/4552/1974 3179/4672/2072
f 3152/4637/2045 3154/4636/2044 3244/4388/1841 3237/4387/1840
f 3116/4585/2006 3117/4540/1963 3085/4713/2099 3086/4694/2088
f 3321/4714/2100 3320/4495/1927 3315/4566/1988 3314/4431/1877
f 3121/4646/2054 3134/4715/2101 3084/4702/2090 3097/4643/2051
f 3287/4496/1928 3286/4642/2050 3295/4607/2022 3294/4494/1926
f 3205/4349/1812 3265/3797/1421 3251/3805/1427 3170/4350/1813
f 3719/4716/1798 3615/4717/1798 3278/4434/1880 3285/4433/1879 3720/4718/1798 3722/4719/1798 3721/4720/1798
f 3304/4654/2062 3171/4355/1818 3236/4375/1834 3323/4596/2017
f 3095/4506/1932 3099/4480/1916 3161/4639/2047 3160/4507/1933
f 3476/4721/2102 3478/4722/2103 3479/4723/2104 3477/4724/2105
f 3122/4675/2075 3123/4674/2074 3240/4529/1954 3235/4528/1953
f 3207/4389/1842 3212/4337/1804 3115/4402/1852 3114/4626/2035
f 3358/4611/1798 3609/4379/1798 3598/4378/1798 3359/4612/1798
f 3557/4418/1863 3556/4567/1820 3387/4570/1991 3386/4419/1865
f 3457/4725/2106 3463/4726/2107 3453/4727/2108 3452/4728/2109
f 3226/4452/1798 3193/4451/1798 3192/4381/1798 3223/4380/1798
f 3151/4623/2032 3111/4446/1886 3239/4580/2001 3242/4620/2029
f 3314/4431/1877 3183/4430/1876 3229/4710/2096 3321/4714/2100
f 3153/4708/2094 3152/4637/2045 3237/4387/1840 3241/4621/2030
f 3127/4476/1912 3394/4729/1798 3605/4730/1798 3202/4474/1910
f 3233/4657/2063 3232/4587/2008 3130/4586/2007 3131/4631/2039
f 3125/4530/1955 3124/4509/1935 3203/4475/1911 3202/4474/1910
f 3228/4661/2064 3227/4436/1882 3137/4384/1837 3136/4368/1827
f 3510/4410/1858 3499/4731/2110 3374/4732/2111 3376/4411/1859
f 3279/4435/1881 3302/4618/2027 3308/4617/2026 3284/4432/1878
f 3263/4733/1190 3146/4453/1889 3200/4334/1801 3264/4676/1258
f 3104/4370/1829 3085/4713/2099 3117/4540/1963 3138/4367/1826
f 3125/4530/1955 3202/4474/1910 3605/4730/1798 3589/4703/1798
f 3309/4473/1909 3298/4429/1875 3299/4630/2038 3308/4617/2026
f 3582/4615/2024 3583/4669/2071 3421/4734/2112 3414/4706/2092
f 3179/4672/2072 3177/4552/1974 3215/4465/1901 3214/4526/1951
f 3281/4709/2095 3305/4653/2061 3322/4652/2060 3296/4485/1921
f 3168/4351/1814 3170/4350/1813 3238/4564/1986 3243/4735/2113
f 3091/4505/1931 3104/4370/1829 3103/4369/1828 3095/4506/1932
f 3176/4551/1973 3178/4602/2021 3217/4638/2046 3213/4466/1902
f 3127/4476/1912 3126/4391/1844 3211/4390/1843 3210/4501/1929
f 3606/4679/1802 3607/4736/2114 3590/4614/2023 3591/4613/1799
f 3246/4737/1386 3105/4385/1838 3139/4317/1796 3257/4316/1387
f 3210/4501/1929 3384/4504/1798 3394/4729/1798 3127/4476/1912
f 3337/4325/1798 3327/4738/1798 3617/4739/1798 3619/4326/1798
f 3169/4354/1817 3168/4351/1814 3243/4735/2113 3245/4374/1833
f 3574/4321/1798 3602/4700/1798 3592/4699/1798 3360/4322/1798
f 3304/4654/2062 3305/4653/2061 3316/4422/1868 3317/4421/1867
f 3334/4399/1849 3325/4740/2115 3187/4741/2116 3185/4400/1850
f 3114/4626/2035 3115/4402/1852 3224/4541/1964 3225/4588/2009
f 3491/4698/1798 3525/4697/1798 3467/4742/1798 3471/4743/1798 3524/4744/1798 3623/4745/1798 3625/4746/1798 3519/4747/1798 3492/4748/1798 3520/4749/1798
f 3256/4677/1259 3150/4333/1800 3244/4388/1841 3270/4670/1389
f 3181/4347/1810 3180/4346/1809 3219/4464/1900 3220/4550/1972
f 3340/4750/1354 3330/4635/2043 3158/4751/2117 3252/4752/1355
f 3197/4478/1914 3204/4335/1802 3144/4454/1890 3145/4479/1915
f 3532/4753/2118 3430/4754/2119 3431/4755/2120 3429/4756/2121
f 3296/4485/1921 3322/4652/2060 3312/4757/2122 3272/4408/1856
f 3140/4440/1863 3142/4439/1884 3221/4318/1797 3227/4436/1882
f 3112/4392/1845 3126/4391/1844 3203/4475/1911 3206/4448/1888
f 3218/4356/1819 3208/4437/1865 3140/4440/1863 3141/4357/1820
f 3306/4424/1870 3307/4423/1869 3318/4426/1872 3319/4425/1871
f 3548/4758/2123 3549/4759/2124 3409/4760/2125 3410/4487/1923
f 3650/4761/2126 3642/4762/2127 3643/4763/2128 3641/4764/2129
f 3290/4689/2083 3291/4405/1854 3282/4404/1853 3283/4651/2059
f 3559/4765/2024 3560/4766/2071 3457/4725/2106 3452/4728/2109
f 3245/4374/1833 3243/4735/2113 3165/4767/2130 3164/4460/1896
f 3642/4762/2127 3654/4768/2131 3656/4769/2132 3651/4770/2133
f 3089/4345/1808 3092/4549/1971 3182/4462/1898 3180/4346/1809
f 3149/4622/2031 3148/4332/1799 3204/4335/1802 3197/4478/1914
f 3326/4771/2134 3324/4711/2097 3153/4708/2094 3155/4625/2034
f 3143/4358/1821 3141/4357/1820 3228/4661/2064 3230/4542/1965
f 3326/4771/2134 3328/4516/1942 3119/4515/1941 3159/4772/2135
f 3625/4773/1651 3768/4774/2136 3765/4775/2137 3626/4776/1651
f 3190/4537/1960 3248/3810/1432 3250/3800/1424 3094/4538/1961
f 3386/4419/1865 3387/4570/1991 3395/4777/2138 3396/4547/1890
f 3178/4602/2021 3259/3798/1422 3266/3796/1420 3217/4638/2046
f 3353/4695/1798 3293/4641/2049 3282/4404/1853 3357/4403/1798
f 3594/4778/1802 3595/4779/2139 3568/4780/2140 3567/4781/1799
f 3092/4549/1971 3254/3801/1425 3253/3802/1426 3182/4462/1898
f 3088/4701/2089 3084/4702/2090 3134/4715/2101 3135/4782/2141
f 3669/4783/2142 3664/4784/2143 3665/4785/2144 3670/4786/2145
f 3728/4787/2146 3733/4788/2147 3734/4789/2148 3732/4790/2149
f 3098/4361/1823 3105/4385/1838 3246/4737/1386 3261/4362/1237
f 3422/4791/1798 3194/4450/1798 3335/4667/2069 3122/4675/2075 3416/4792/1798 3419/4793/1798
f 3539/4532/1956 3536/4794/2150 3544/4795/2151 3543/4533/1957
f 3353/4665/2067 3405/4523/1949 3401/4796/2123 3400/4797/2152
f 3592/4798/2076 3594/4778/1802 3567/4781/1799 3360/4799/2077
f 3532/4500/1798 3530/4499/1798 3434/4800/1798 3531/4801/1798 3529/4802/1798 3193/4451/1798 3194/4450/1798 3422/4791/1798 3426/4803/1798 3430/4804/1798
f 3272/4408/1856 3312/4757/2122 3344/4518/1944 3341/4407/1855
f 3084/4702/2090 3106/4632/2040 3086/4694/2088 3097/4643/2051
f 3628/4805/1798 3107/4633/2041 3088/4701/2089 3629/4806/1798 3708/4807/1798 3707/4808/1798 3706/4809/1798 3703/4810/1798 3705/4811/1798 3704/4812/1798
f 3568/4780/2140 3564/4813/2153 3560/4766/2071 3559/4765/2024
f 3549/4759/2124 3547/4814/2154 3411/4600/2019 3409/4760/2125
f 3355/4684/1970 3537/4683/1890 3600/4815/1802 3598/4816/2076
f 3414/4706/2092 3415/4817/2155 3418/4818/2156 3417/4707/2093
f 3533/4819/2157 3417/4707/2093 3418/4818/2156 3416/4820/2158
f 3421/4734/2112 3423/4821/2159 3415/4817/2155 3414/4706/2092
f 3416/4820/2158 3418/4818/2156 3420/4822/2160 3419/4823/2161
f 3551/4712/2098 3547/4814/2154 3544/4795/2151 3545/4824/2162
f 3377/4412/1860 3376/4411/1859 3399/4691/2085 3398/4825/1863
f 3376/4411/1859 3374/4732/2111 3397/4692/2086 3399/4691/2085
f 3422/4826/2163 3419/4823/2161 3420/4822/2160 3427/4827/2164
f 3427/4827/2164 3420/4822/2160 3415/4817/2155 3423/4821/2159
f 3573/4577/1998 3572/4828/2165 3577/4829/2166 3576/4830/1891
f 3578/4831/2167 3575/4832/2168 3569/4833/2169 3571/4834/2170
f 3579/4835/1799 3578/4831/2167 3571/4834/2170 3570/4836/2025
f 3415/4817/2155 3420/4822/2160 3418/4818/2156
f 3571/4834/2170 3569/4833/2169 3439/4837/2171 3432/4838/2172
f 3442/4839/2173 3439/4837/2171 3569/4833/2169 3572/4828/2165
f 3421/4734/2112 3424/4840/2174 3425/4841/2175 3423/4821/2159
f 3553/4842/2176 3555/4568/1989 3381/4843/2177 3380/4844/2178
f 3423/4821/2159 3425/4841/2175 3428/4845/2179 3427/4827/2164
f 3359/4846/2077 3579/4835/1799 3570/4836/2025 3362/4847/2091
f 3429/4756/2121 3431/4755/2120 3425/4841/2175 3424/4840/2174
f 3425/4841/2175 3431/4755/2120 3428/4845/2179
f 3426/4848/2180 3428/4845/2179 3431/4755/2120 3430/4754/2119
f 3422/4826/2163 3427/4827/2164 3428/4845/2179 3426/4848/2180
f 3516/4849/2181 3500/4850/2182 3501/4851/2183 3518/4852/2184
f 3572/4828/2165 3569/4833/2169 3575/4832/2168 3577/4829/2166
f 3495/4690/2084 3496/4853/2185 3498/4562/1984 3497/4561/1983
f 3552/4854/2152 3554/4855/2123 3379/4856/2186 3378/4857/2187
f 3441/4858/2188 3443/4859/2189 3445/4860/2190 3437/4861/2191
f 3439/4837/2171 3441/4858/2188 3433/4862/2192 3432/4838/2172
f 3432/4838/2172 3433/4862/2192 3436/4649/2057 3435/4648/2056
f 3529/4863/2193 3531/4864/2194 3438/4865/2195 3437/4861/2191
f 3434/4650/2058 3436/4649/2057 3438/4865/2195 3531/4864/2194
f 3554/4855/2123 3553/4842/2176 3380/4844/2178 3379/4856/2186
f 3433/4862/2192 3438/4865/2195 3436/4649/2057
f 3489/4563/1985 3498/4562/1984 3494/4866/2196 3493/4867/2197
f 3492/4868/2198 3494/4866/2196 3496/4853/2185 3520/4869/2199
f 3439/4837/2171 3442/4839/2173 3443/4859/2189 3441/4858/2188
f 3483/4560/1982 3489/4563/1985 3490/4870/2200 3488/4871/2201
f 3518/4852/2184 3501/4851/2183 3503/4872/2202 3517/4873/2203
f 3491/4874/2204 3520/4869/2199 3496/4853/2185 3495/4690/2084
f 3526/4875/2205 3450/4876/2206 3451/4877/2207 3449/4878/2208
f 3609/4554/1976 3611/4458/1894 3392/4525/1947 3354/4879/2012
f 3444/4880/2209 3445/4860/2190 3447/4881/2210 3528/4882/2211
f 3446/4576/1997 3447/4881/2210 3443/4859/2189 3442/4839/2173
f 3504/4883/2212 3506/4884/2213 3501/4851/2183 3500/4850/2182
f 3502/4885/2214 3503/4872/2202 3506/4884/2213 3505/4886/2215
f 3519/4887/2216 3522/4888/2217 3487/4889/2218 3493/4867/2197
f 3458/4890/2219 3459/4891/2220 3462/4892/2221 3461/4893/2222
f 3463/4726/2107 3465/4894/2223 3459/4891/2220 3449/4878/2208
f 3448/4895/2224 3454/4896/2225 3455/4897/2226 3527/4898/2227
f 3527/4898/2227 3455/4897/2226 3451/4877/2207 3450/4876/2206
f 3523/4899/2228 3482/4900/2229 3479/4723/2104 3478/4722/2103
f 3499/4731/2110 3505/4886/2215 3506/4884/2213 3504/4883/2212
f 3474/4901/2230 3481/4902/2231 3482/4900/2229 3470/4903/2232
f 3459/4891/2220 3465/4894/2223 3462/4892/2221
f 3505/4886/2215 3511/4904/2233 3513/4905/2234 3502/4885/2214
f 3193/4451/1798 3529/4802/1798 3444/4906/1798 3528/4907/1798 3440/4599/1798 3448/4598/1798 3527/4908/1798 3450/4909/1798 3526/4910/1798 3192/4381/1798
f 3347/4911/1798 3521/4912/1798 3514/4913/1798 3375/4914/1798
f 3514/4915/2235 3515/4916/2236 3509/4917/2237 3508/4409/1857
f 3469/4918/2238 3475/4919/2239 3472/4920/2240
f 3466/4921/2241 3474/4901/2230 3475/4919/2239 3473/4922/2242
f 3470/4903/2232 3472/4920/2240 3475/4919/2239 3474/4901/2230
f 3473/4922/2242 3475/4919/2239 3469/4918/2238 3468/4923/2243
f 3479/4723/2104 3482/4900/2229 3481/4902/2231
f 3501/4851/2183 3506/4884/2213 3503/4872/2202
f 3493/4867/2197 3487/4889/2218 3490/4870/2200 3489/4563/1985
f 3401/4796/2123 3402/4924/2244 3372/4925/2245 3373/4926/2186
f 3570/4836/2025 3571/4834/2170 3432/4838/2172 3435/4648/2056
f 3395/4777/2138 3391/4559/1981 3608/4558/1980 3607/4736/2114
f 3379/4856/2186 3380/4844/2178 3473/4922/2242 3468/4923/2243
f 3389/4927/2246 3385/4569/1990 3555/4568/1989 3553/4842/2176
f 3407/4928/1865 3408/4693/2087 3369/4929/2247 3370/4930/1890
f 3408/4693/2087 3403/4688/2082 3367/4471/1907 3369/4929/2247
f 3585/4931/1998 3584/4932/2248 3588/4456/1892 3587/4455/1891
f 3109/4663/2066 3123/4674/2074 3329/4673/2073 3333/4517/1943
f 3602/4933/1976 3603/4934/1894 3540/4531/1947 3356/4591/2012
f 3574/4935/1975 3576/4830/1891 3603/4934/1894 3602/4933/1976
f 3607/4736/2114 3608/4558/1980 3586/4668/2070 3590/4614/2023
f 3558/4936/2025 3559/4765/2024 3452/4728/2109 3454/4896/2225
f 3464/4937/2249 3457/4725/2106 3560/4766/2071 3561/4938/2248
f 3372/4925/2245 3374/4732/2111 3499/4731/2110 3504/4883/2212
f 3476/4721/2102 3477/4724/2105 3382/4939/1860 3345/4940/2250
f 3371/4941/2187 3373/4926/2186 3500/4850/2182 3516/4849/2181
f 3156/4942/2251 3158/4751/2117 3330/4635/2043 3336/4634/2042
f 3157/4943/2252 3156/4942/2251 3336/4634/2042 3324/4711/2097
f 3545/4824/2162 3544/4795/2151 3536/4794/2150 3538/4944/1915
f 3129/4502/1930 3233/4657/2063 3345/4656/1798 3348/4503/1798
f 3294/4494/1926 3295/4607/2022 3288/4511/1937 3289/4510/1936
f 3170/4350/1813 3251/3805/1427 3271/3806/1428 3238/4564/1986
f 3159/4772/2135 3157/4943/2252 3324/4711/2097 3326/4771/2134
f 3133/4666/2068 3132/4945/2253 3329/4673/2073 3335/4667/2069
f 3404/4522/1948 3403/4688/2082 3397/4692/2086 3402/4924/2244
f 3393/4524/1950 3391/4559/1981 3385/4569/1990 3389/4927/2246
f 3561/4938/2248 3560/4766/2071 3564/4813/2153 3566/4946/2254
f 3562/4947/1998 3561/4938/2248 3566/4946/2254 3565/4948/1891
f 3477/4724/2105 3479/4723/2104 3481/4902/2231 3480/4949/2255
f 3486/4950/2256 3490/4870/2200 3487/4889/2218
f 3519/4887/2216 3493/4867/2197 3494/4866/2196 3492/4868/2198
f 3524/4951/2257 3470/4903/2232 3482/4900/2229 3523/4899/2228
f 3457/4725/2106 3464/4937/2249 3465/4894/2223 3463/4726/2107
f 3525/4952/2258 3468/4923/2243 3469/4918/2238 3467/4953/2259
f 3529/4863/2193 3437/4861/2191 3445/4860/2190 3444/4880/2209
f 3370/4930/1890 3369/4929/2247 3595/4779/2139 3594/4778/1802
f 3368/4954/1970 3370/4930/1890 3594/4778/1802 3592/4798/2076
f 3466/4921/2241 3480/4949/2255 3481/4902/2231 3474/4901/2230
f 3392/4525/1947 3393/4524/1950 3389/4927/2246 3390/4955/1949
f 3494/4866/2196 3498/4562/1984 3496/4853/2185
f 3383/4956/2260 3381/4843/2177 3555/4568/1989 3556/4567/1820
f 3405/4523/1949 3404/4522/1948 3402/4924/2244 3401/4796/2123
f 3538/4944/1915 3536/4794/2150 3599/4957/1906 3601/4958/2139
f 3521/4489/1925 3485/4488/1924 3486/4950/2256 3484/4959/2261
f 3460/4960/2262 3462/4892/2221 3465/4894/2223 3464/4937/2249
f 3456/4961/2263 3461/4893/2222 3462/4892/2221 3460/4960/2262
f 3162/4508/1934 3120/4645/2053 3096/4644/2052 3091/4505/1931
f 3243/4735/2113 3238/4564/1986 3167/4565/1987 3165/4767/2130
f 3296/4485/1921 3297/4395/1846 3280/4629/2037 3281/4709/2095
f 3267/4604/1189 3209/4438/1883 3146/4453/1889 3263/4733/1190
f 3437/4861/2191 3438/4865/2195 3433/4862/2192 3441/4858/2188
f 3222/4463/1899 3269/3799/1423 3259/3798/1422 3178/4602/2021
f 3345/4940/2250 3382/4939/1860 3557/4418/1863 3348/4417/1864
f 3601/4958/2139 3599/4957/1906 3575/4832/2168 3578/4831/2167
f 3588/4456/1892 3586/4668/2070 3608/4558/1980 3610/4457/1893
f 3603/4934/1894 3604/4962/2264 3539/4532/1956 3540/4531/1947
f 3406/4963/2078 3407/4928/1865 3370/4930/1890 3368/4954/1970
f 3604/4962/2264 3599/4957/1906 3536/4794/2150 3539/4532/1956
f 3507/4964/2265 3502/4885/2214 3513/4905/2234 3512/4965/2266
f 3363/4578/1999 3573/4577/1998 3576/4830/1891 3574/4935/1975
f 3369/4929/2247 3367/4471/1907 3593/4470/1906 3595/4779/2139
f 3164/4460/1896 3165/4767/2130 3334/4399/1849 3332/4398/1848
f 3313/4597/2018 3166/4459/1895 3331/4461/1897 3343/4555/1977
f 3097/4643/2051 3086/4694/2088 3085/4713/2099 3096/4644/2052
f 3488/4871/2201 3490/4870/2200 3486/4950/2256 3485/4488/1924
f 3443/4859/2189 3447/4881/2210 3445/4860/2190
f 3440/4575/1996 3528/4882/2211 3447/4881/2210 3446/4576/1997
f 3449/4878/2208 3451/4877/2207 3453/4727/2108 3463/4726/2107
f 3388/4966/2013 3390/4955/1949 3554/4855/2123 3552/4854/2152
f 3543/4533/1957 3544/4795/2151 3547/4814/2154 3549/4759/2124
f 3182/4462/1898 3253/3802/1426 3269/3799/1423 3222/4463/1899
f 3283/4651/2059 3282/4404/1853 3293/4641/2049 3292/4640/2048
f 3697/4967/2267 3699/4968/2268 3694/4969/2269 3693/4970/2270
f 3362/4847/2091 3570/4836/2025 3435/4648/2056 3530/4647/2055
f 3446/4576/1997 3442/4839/2173 3572/4828/2165 3573/4577/1998
f 3364/4971/2271 3558/4936/2025 3454/4896/2225 3448/4895/2224
f 3537/4683/1890 3538/4944/1915 3601/4958/2139 3600/4815/1802
f 3507/4964/2265 3517/4873/2203 3503/4872/2202 3502/4885/2214
f 3600/4815/1802 3601/4958/2139 3578/4831/2167 3579/4835/1799
f 3217/4638/2046 3266/3796/1420 3260/3795/1419 3174/4535/1958
f 3333/4517/1943 3329/4673/2073 3132/4945/2253 3118/4514/1940
f 3321/4714/2100 3229/4710/2096 3179/4672/2072 3310/4428/1874
f 3577/4829/2166 3575/4832/2168 3599/4957/1906 3604/4962/2264
f 3584/4932/2248 3583/4669/2071 3586/4668/2070 3588/4456/1892
f 3576/4830/1891 3577/4829/2166 3604/4962/2264 3603/4934/1894
f 3514/4915/2235 3508/4409/1857 3377/4412/1860 3375/4972/2272
f 3351/4973/1864 3398/4825/1863 3407/4928/1865 3406/4963/2078
f 3361/4974/2273 3585/4931/1998 3587/4455/1891 3358/4553/1975
f 3387/4570/1991 3385/4569/1990 3391/4559/1981 3395/4777/2138
f 3597/4975/1894 3596/4469/1905 3535/4472/1908 3534/4521/1947
f 3366/4976/1976 3597/4975/1894 3534/4521/1947 3357/4664/2012
f 3281/4709/2095 3280/4629/2037 3291/4405/1854 3290/4689/2083
f 3349/4490/1798 3347/4911/1798 3375/4914/1798 3351/4491/1798
f 3325/4740/2115 3339/3808/1430 3262/3807/1429 3187/4741/2116
f 3382/4939/1860 3383/4956/2260 3556/4567/1820 3557/4418/1863
f 3546/4682/1865 3545/4824/2162 3538/4944/1915 3537/4683/1890
f 3350/4416/1864 3550/4415/1863 3546/4682/1865 3352/4681/2078
f 3484/4959/2261 3486/4950/2256 3487/4889/2218 3522/4977/2217
f 3598/4816/2076 3600/4815/1802 3579/4835/1799 3359/4846/2077
f 3526/4875/2205 3449/4878/2208 3459/4891/2220 3458/4890/2219
f 3402/4924/2244 3397/4692/2086 3374/4732/2111 3372/4925/2245
f 3467/4953/2259 3469/4918/2238 3472/4920/2240 3471/4978/2274
f 3499/4731/2110 3510/4410/1858 3511/4904/2233 3505/4886/2215
f 3491/4874/2204 3495/4690/2084 3413/4414/1862 3346/4413/1861
f 3310/4428/1874 3311/4427/1873 3320/4495/1927 3321/4714/2100
f 3541/4592/2013 3542/4534/1949 3548/4758/2123 3349/4979/2152
f 3247/4671/1390 3154/4636/2044 3330/4635/2043 3340/4750/1354
f 3167/4565/1987 3249/3809/1431 3339/3808/1430 3325/4740/2115
f 3276/4520/1946 3277/4383/1836 3342/4382/1835 3341/4407/1855
f 3109/4663/2066 3108/4624/2033 3239/4580/2001 3234/4579/2000
f 3303/4619/2028 3191/4589/2010 3093/4373/1832 3309/4473/1909
f 3241/4621/2030 3237/4387/1840 3148/4332/1799 3149/4622/2031
f 3461/4397/1798 3273/4396/1847 3342/4382/1835 3192/4381/1798 3526/4910/1798 3458/4980/1798
f 3452/4728/2109 3453/4727/2108 3455/4897/2226 3454/4896/2225
f 3451/4877/2207 3455/4897/2226 3453/4727/2108
f 3508/4409/1857 3509/4917/2237 3511/4904/2233 3510/4410/1858
f 3512/4965/2266 3513/4905/2234 3509/4917/2237 3515/4916/2236
f 3509/4917/2237 3513/4905/2234 3511/4904/2233
f 3542/4534/1949 3543/4533/1957 3549/4759/2124 3548/4758/2123
f 3313/4597/2018 3312/4757/2122 3322/4652/2060 3323/4596/2017
f 3390/4955/1949 3389/4927/2246 3553/4842/2176 3554/4855/2123
f 3349/4979/2152 3548/4758/2123 3410/4487/1923 3347/4486/1922
f 3378/4857/2187 3379/4856/2186 3468/4923/2243 3525/4952/2258
f 3380/4844/2178 3381/4843/2177 3466/4921/2241 3473/4922/2242
f 3532/4753/2118 3429/4756/2121 3585/4931/1998 3361/4974/2273
f 3456/4961/2263 3460/4960/2262 3562/4947/1998 3365/4981/1999
f 3460/4960/2262 3464/4937/2249 3561/4938/2248 3562/4947/1998
f 3400/4797/2152 3401/4796/2123 3373/4926/2186 3371/4941/2187
f 3412/4601/2020 3411/4600/2019 3547/4814/2154 3551/4712/2098
f 3375/4972/2272 3377/4412/1860 3398/4825/1863 3351/4973/1864
f 3373/4926/2186 3372/4925/2245 3504/4883/2212 3500/4850/2182
f 3477/4724/2105 3480/4949/2255 3383/4956/2260 3382/4939/1860
f 3480/4949/2255 3466/4921/2241 3381/4843/2177 3383/4956/2260
f 3155/4625/2034 3108/4624/2033 3328/4516/1942 3326/4771/2134
f 3165/4767/2130 3167/4565/1987 3325/4740/2115 3334/4399/1849
f 3365/4981/1999 3562/4947/1998 3565/4948/1891 3563/4982/1975
f 3524/4951/2257 3471/4978/2274 3472/4920/2240 3470/4903/2232
f 3409/4760/2125 3411/4600/2019 3483/4560/1982 3488/4871/2201
f 3410/4487/1923 3409/4760/2125 3488/4871/2201 3485/4488/1924
f 3354/4879/2012 3392/4525/1947 3390/4955/1949 3388/4966/2013
f 3360/4799/2077 3567/4781/1799 3558/4936/2025 3364/4971/2271
f 3567/4781/1799 3568/4780/2140 3559/4765/2024 3558/4936/2025
f 3300/4557/1979 3301/4519/1945 3344/4518/1944 3343/4555/1977
f 3343/4555/1977 3344/4518/1944 3312/4757/2122 3313/4597/2018
f 3550/4415/1863 3551/4712/2098 3545/4824/2162 3546/4682/1865
f 3396/4547/1890 3395/4777/2138 3607/4736/2114 3606/4679/1802
f 3398/4825/1863 3399/4691/2085 3408/4693/2087 3407/4928/1865
f 3096/4644/2052 3085/4713/2099 3104/4370/1829 3091/4505/1931
f 3563/4982/1975 3565/4948/1891 3597/4975/1894 3366/4976/1976
f 3719/4983/2275 3632/4984/2276 3755/4985/2277 3617/4986/1661
f 3621/4987/1646 3738/4988/2278 3742/4989/2279 3618/4990/1646
f 3731/4991/2280 3736/4992/2281 3734/4789/2148
f 3667/4993/2282 3677/4994/2283 3679/4582/2003 3670/4786/2145
f 3649/4995/2284 3651/4770/2133 3656/4769/2132 3655/4996/2285
f 3507/4997/1798 3626/4998/1798 3716/4999/1798 3614/4606/1798 3517/4605/1798
f 3706/5000/2286 3671/5001/2287 3738/4988/2278 3621/4987/1646
f 3632/4984/2276 3638/5002/2288 3639/4572/1993 3637/4571/1992
f 3729/5003/2289 3727/5004/2290 3636/5005/2291 3635/5006/2292
f 3758/5007/2293 3760/5008/2294 3763/5009/2295 3761/4364/1824
f 3650/4761/2126 3653/5010/2296 3654/4768/2131 3642/4762/2127
f 3685/5011/2297 3687/4687/2081 3689/4686/2080 3688/5012/2298
f 3727/5004/2290 3736/4992/2281 3731/4991/2280 3726/5013/2299
f 3773/5014/2300 3774/5015/2301 3683/5016/2302 3686/5017/2303
f 3663/4595/2016 3668/4594/2015 3665/4785/2144
f 3718/5018/2304 3716/5019/2305 3640/5020/2306 3644/5021/2307
f 3671/5001/2287 3673/5022/2308 3740/5023/2309 3738/4988/2278
f 3744/5024/2310 3743/5025/2311 3754/5026/2312 3753/5027/2313
f 3764/5028/2314 3762/5029/2315 3772/5030/2315 3774/5015/2301
f 3565/4948/1891 3566/4946/2254 3596/4469/1905 3597/4975/1894
f 3682/5031/2316 3688/5012/2298 3689/4686/2080 3690/5032/2317
f 3743/5025/2311 3741/5033/2318 3752/5034/2315 3754/5026/2312
f 3766/5035/2319 3767/5036/2320 3641/4764/2129 3645/5037/2321
f 3685/5011/2297 3688/5012/2298 3704/5038/2322 3705/5039/2323
f 3722/5040/2324 3720/5041/2325 3729/5003/2289 3635/5006/2292
f 3616/5042/1646 3751/5043/2326 3728/4787/2146 3723/5044/2327
f 3748/5045/2328 3749/4484/1920 3747/4544/1967 3745/4543/1966
f 3674/4584/2005 3671/5001/2287 3706/5000/2286 3707/5046/2329
f 3669/4783/2142 3678/4581/2002 3708/5047/2330 3629/5048/2331
f 3424/4840/2174 3421/4734/2112 3583/4669/2071 3584/4932/2248
f 3595/4779/2139 3593/4470/1906 3564/4813/2153 3568/4780/2140
f 3566/4946/2254 3564/4813/2153 3593/4470/1906 3596/4469/1905
f 3429/4756/2121 3424/4840/2174 3584/4932/2248 3585/4931/1998
f 3756/4482/1918 3752/5034/2315 3741/5033/2318 3750/4483/1919
f 3122/4675/2075 3235/4528/1953 3580/4704/1798 3533/5049/1798 3416/4792/1798
f 3671/5001/2287 3674/4584/2005 3675/4583/2004 3673/5022/2308
f 3768/4774/2136 3770/5050/2332 3766/5035/2319 3765/4775/2137
f 3732/4790/2149 3734/4789/2148 3736/4992/2281 3735/5051/2333
f 3661/5052/2334 3663/4595/2016 3665/4785/2144 3664/4784/2143
f 3680/5053/2335 3692/5054/2336 3684/4685/2079 3683/5016/2302
f 3675/4583/2004 3679/4582/2003 3677/4994/2283
f 3680/5053/2335 3693/4970/2270 3694/4969/2269 3692/5054/2336
f 3690/5032/2317 3689/4686/2080 3684/4685/2079 3692/5054/2336
f 3742/4989/2279 3744/5024/2310 3753/5027/2313 3751/5043/2326
f 3702/5055/2337 3628/5056/2338 3682/5031/2316 3695/5057/2339
f 3760/5008/2294 3759/5058/2340 3764/5028/2314 3763/5009/2295
f 3730/5059/2341 3731/4991/2280 3734/4789/2148 3733/4788/2147
f 3629/5048/2331 3710/5060/2342 3664/4784/2143 3669/4783/2142
f 3754/5026/2312 3752/5034/2315 3631/5061/2343 3730/5059/2341
f 3719/4983/2275 3721/5062/2344 3638/5002/2288 3632/4984/2276
f 3759/5058/2340 3630/5063/2315 3762/5029/2315 3764/5028/2314
f 3697/4967/2267 3693/4970/2270 3776/5064/2345 3777/5065/2346
f 3771/4365/1825 3773/5014/2300 3686/5017/2303 3681/5066/2347
f 3777/5065/2346 3776/5064/2345 3769/5067/2348 3770/5050/2332
f 3519/4747/1798 3625/4746/1798 3626/4998/1798 3507/4997/1798 3512/5068/1798 3515/5069/1798 3514/4913/1798 3521/4912/1798 3484/5070/1798 3522/5071/1798
f 3724/5072/2349 3725/5073/2350 3732/4790/2149 3735/5051/2333
f 3776/5064/2345 3772/5030/2315 3762/5029/2315 3769/5067/2348
f 3700/5074/1798 3612/4658/1798 3131/4631/2039 3107/4633/2041 3628/4805/1798 3702/5075/1798 3701/5076/1798
f 3658/5077/2351 3652/5078/2352 3712/5079/2353 3714/5080/2354
f 3717/5081/2355 3718/5018/2304 3644/5021/2307 3647/5082/2356
f 3746/4662/2065 3737/5083/2318 3672/5084/2357 3666/4593/2014
f 3738/4988/2278 3740/5023/2309 3744/5024/2310 3742/4989/2279
f 3740/5023/2309 3739/5085/2358 3743/5025/2311 3744/5024/2310
f 3660/4546/1969 3662/4545/1968 3663/4595/2016 3661/5052/2334
f 3713/5086/1798 3275/4512/1938 3288/4511/1937 3614/4606/1798 3716/4999/1798 3718/5087/1798 3717/5088/1798
f 3700/5074/1798 3623/4745/1798 3524/4744/1798 3523/4659/1798 3612/4658/1798
f 3618/4990/1646 3742/4989/2279 3751/5043/2326 3616/5042/1646
f 3621/4343/1798 3622/4342/1798 3703/4810/1798 3706/4809/1798
f 3712/5089/1798 3627/5090/1798 3616/5091/1798 3723/5092/1798
f 3327/4738/1798 3615/4717/1798 3719/4716/1798 3617/4739/1798
f 3613/5093/1798 3338/4324/1798 3620/4327/1798 3709/5094/1798
f 3627/5095/1656 3758/5007/2293 3761/4364/1824 3624/4363/1656
f 3616/5091/1798 3627/5090/1798 3624/4341/1798 3618/4340/1798
f 3631/5061/2343 3633/4574/1995 3634/4573/1994 3726/5013/2299
f 3643/4763/2128 3648/5096/2359 3646/5097/2360
f 3651/4770/2133 3648/5096/2359 3643/4763/2128 3642/4762/2127
f 3652/5078/2352 3658/5077/2351 3659/5098/2361 3657/5099/2362
f 3720/4718/1798 3285/4433/1879 3275/4512/1938 3713/5086/1798 3715/5100/1798 3714/5101/1798 3712/5089/1798 3723/5092/1798 3725/5102/1798 3724/5103/1798
f 3676/5104/2363 3672/5084/2357 3737/5083/2318 3739/5085/2358
f 3713/5105/2364 3717/5081/2355 3647/5082/2356 3649/4995/2284
f 3653/5010/2296 3650/4761/2126 3630/5063/2315 3759/5058/2340
f 3652/5078/2352 3657/5099/2362 3760/5008/2294 3758/5007/2293
f 3693/4970/2270 3680/5053/2335 3772/5030/2315 3776/5064/2345
f 3751/5043/2326 3753/5027/2313 3733/4788/2147 3728/4787/2146
f 3753/5027/2313 3754/5026/2312 3730/5059/2341 3733/4788/2147
f 3775/5106/2365 3777/5065/2346 3770/5050/2332 3768/4774/2136
f 3670/4786/2145 3665/4785/2144 3668/4594/2015 3667/4993/2282
f 3673/5022/2308 3676/5104/2363 3739/5085/2358 3740/5023/2309
f 3739/5085/2358 3737/5083/2318 3741/5033/2318 3743/5025/2311
f 3631/5061/2343 3726/5013/2299 3731/4991/2280 3730/5059/2341
f 3669/4783/2142 3670/4786/2145 3679/4582/2003 3678/4581/2002
f 3672/5084/2357 3676/5104/2363 3677/4994/2283 3667/4993/2282
f 3701/5107/2366 3702/5055/2337 3695/5057/2339 3698/5108/2367
f 3700/5109/2368 3701/5107/2366 3698/5108/2367 3691/5110/2369
f 3725/5073/2350 3723/5044/2327 3728/4787/2146 3732/4790/2149
f 3649/4995/2284 3655/4996/2285 3715/5111/2370 3713/5105/2364
f 3655/4996/2285 3658/5077/2351 3714/5080/2354 3715/5111/2370
f 3681/5066/2347 3685/5011/2297 3705/5039/2323 3703/5112/2371
f 3688/5012/2298 3682/5031/2316 3628/5056/2338 3704/5038/2322
f 3721/5062/2344 3722/5040/2324 3635/5006/2292 3638/5002/2288
f 3720/5041/2325 3724/5072/2349 3735/5051/2333 3729/5003/2289
f 3681/5066/2347 3686/5017/2303 3687/4687/2081 3685/5011/2297
f 3683/5016/2302 3684/4685/2079 3687/4687/2081 3686/5017/2303
f 3729/5003/2289 3735/5051/2333 3736/4992/2281 3727/5004/2290
f 3726/5013/2299 3634/4573/1994 3636/5005/2291 3727/5004/2290
f 3617/4986/1661 3755/4985/2277 3748/5045/2328 3619/5113/1661
f 3623/5114/1651 3775/5106/2365 3768/4774/2136 3625/4773/1651
f 3657/5099/2362 3659/5098/2361 3654/4768/2131 3653/5010/2296
f 3654/4768/2131 3659/5098/2361 3656/4769/2132
f 3655/4996/2285 3656/4769/2132 3659/5098/2361 3658/5077/2351
f 3649/4995/2284 3647/5082/2356 3648/5096/2359 3651/4770/2133
f 3640/5020/2306 3645/5037/2321 3646/5097/2360 3644/5021/2307
f 3644/5021/2307 3646/5097/2360 3648/5096/2359 3647/5082/2356
f 3620/5115/1661 3745/4543/1966 3660/4546/1969 3709/5116/2372
f 3619/5113/1661 3748/5045/2328 3745/4543/1966 3620/5115/1661
f 3700/5109/2368 3691/5110/2369 3775/5106/2365 3623/5114/1651
f 3695/5057/2339 3696/5117/2373 3699/4968/2268 3698/5108/2367
f 3755/4985/2277 3757/4481/1917 3749/4484/1920 3748/5045/2328
f 3678/4581/2002 3674/4584/2005 3707/5046/2329 3708/5047/2330
f 3769/5067/2348 3762/5029/2315 3630/5063/2315 3767/5036/2320
f 3763/5009/2295 3764/5028/2314 3774/5015/2301 3773/5014/2300
f 3767/5036/2320 3630/5063/2315 3650/4761/2126 3641/4764/2129
f 3626/4776/1651 3765/4775/2137 3640/5020/2306 3716/5019/2305
f 3712/5079/2353 3652/5078/2352 3758/5007/2293 3627/5095/1656
f 3622/4366/1656 3771/4365/1825 3681/5066/2347 3703/5112/2371
f 3633/4574/1995 3631/5061/2343 3752/5034/2315 3756/4482/1918
f 3637/4571/1992 3633/4574/1995 3756/4482/1918 3757/4481/1917
f 3632/4984/2276 3637/4571/1992 3757/4481/1917 3755/4985/2277
f 3770/5050/2332 3769/5067/2348 3767/5036/2320 3766/5035/2319
f 3691/5110/2369 3698/5108/2367 3699/4968/2268 3697/4967/2267
f 3682/5031/2316 3690/5032/2317 3696/5117/2373 3695/5057/2339
f 3765/4775/2137 3766/5035/2319 3645/5037/2321 3640/5020/2306
f 3710/5060/2342 3711/5118/2374 3661/5052/2334 3664/4784/2143
f 3711/5118/2374 3709/5116/2372 3660/4546/1969 3661/5052/2334
f 3121/5119/2375 3120/5120/2375 3162/5121/2375 3160/5122/2375 3161/5123/2375 3163/5124/2375 3258/5125/2375 3248/5126/2375 3190/5127/2375 3188/5128/2375 3189/5129/2375 3191/5130/2375 3303/5131/2375 3302/5132/2375 3279/5133/2375 3278/5134/2375 3615/5135/2375 3327/5136/2375 3337/5137/2375 3338/5138/2375 3613/5139/2375 3135/5140/2375 3134/5141/2375
f 3774/5015/2301 3772/5030/2315 3680/5053/2335 3683/5016/2302
f 3691/5110/2369 3697/4967/2267 3777/5065/2346 3775/5106/2365
f 3761/4364/1824 3763/5009/2295 3773/5014/2300 3771/4365/1825
f 3580/4705/2091 3581/4616/2025 3417/4707/2093 3533/4819/2157
f 3692/5054/2336 3694/4969/2269 3696/5117/2373 3690/5032/2317
f 3657/5099/2362 3653/5010/2296 3759/5058/2340 3760/5008/2294
f 3629/4806/1798 3088/4701/2089 3135/4782/2141 3613/5093/1798 3709/5094/1798 3711/5142/1798 3710/5143/1798
f 3673/5022/2308 3675/4583/2004 3677/4994/2283 3676/5104/2363
f 3694/4969/2269 3699/4968/2268 3696/5117/2373
f 3672/5084/2357 3667/4993/2282 3668/4594/2015 3666/4593/2014
f 3749/4484/1920 3750/4483/1919 3746/4662/2065 3747/4544/1967
f 3750/4483/1919 3741/5033/2318 3737/5083/2318 3746/4662/2065
f 3635/5006/2292 3636/5005/2291 3639/4572/1993 3638/5002/2288
f 3641/4764/2129 3643/4763/2128 3646/5097/2360 3645/5037/2321
f 3634/4573/1994 3639/4572/1993 3636/5005/2291
f 3394/4548/1970 3396/4547/1890 3606/4679/1802 3605/4678/2076
f 2455/5144/2375 2468/5145/2375 2469/5146/2375 2919/5147/2375 2646/5148/2375 2645/5149/2375 2635/5150/2375 2921/5151/2375 2586/5152/2375 2587/5153/2375 2610/5154/2375 2611/5155/2375 2525/5156/2375 2523/5157/2375 2522/5158/2375 2524/5159/2375 3248/5126/2375 3258/5125/2375 2497/5160/2375 2495/5161/2375 2494/5162/2375 2496/5163/2375 2454/5164/2375
o AK_WoodHandle02_lp
v 1.198000 0.334127 0.068553
v 1.161925 0.334127 0.082683
v 0.636175 0.334127 0.064960
v 0.645721 0.334127 0.085177
v 1.101743 0.348837 0.085177
v 1.106956 0.345056 0.085177
v 1.115701 0.334127 0.085177
v 1.088701 0.352618 0.085177
v 1.095061 0.351605 0.085177
v 0.977594 0.352618 0.085177
v 0.971234 0.351605 0.085177
v 0.959339 0.345056 0.085177
v 0.964552 0.348837 0.085177
v 0.950591 0.334127 0.085177
v 0.686643 0.345056 0.085177
v 0.677896 0.334127 0.085177
v 0.691857 0.348837 0.085177
v 0.698539 0.351605 0.085177
v 0.704899 0.352618 0.085177
v 0.834261 0.345056 0.085177
v 0.843005 0.334127 0.085177
v 0.816006 0.352618 0.085177
v 0.822366 0.351605 0.085177
v 0.829048 0.348837 0.085177
v 1.198000 0.474220 0.005013
v 1.198000 0.404406 0.068553
v 1.198000 0.471772 0.018611
v 1.198000 0.465990 0.031114
v 1.198000 0.457352 0.042708
v 1.198000 0.446401 0.052765
v 1.198000 0.433632 0.060789
v 1.198000 0.419666 0.066236
v 1.161925 0.491477 0.006239
v 1.161925 0.408058 0.082683
v 1.161925 0.488492 0.022785
v 1.161925 0.481338 0.038221
v 1.161925 0.471003 0.052062
v 1.161925 0.458062 0.063921
v 1.161925 0.442958 0.073392
v 1.161925 0.426114 0.079948
v 0.636175 0.405363 0.064960
v 0.636175 0.471260 0.004646
v 0.636175 0.419892 0.062724
v 0.636175 0.433058 0.057517
v 0.636175 0.445179 0.049793
v 0.636175 0.455554 0.040131
v 0.636175 0.463671 0.029086
v 0.636175 0.468993 0.017415
v 0.645721 0.414865 0.085177
v 0.645721 0.498837 0.006427
v 0.645721 0.433041 0.082359
v 0.645721 0.449998 0.075605
v 0.645721 0.465201 0.065849
v 0.645721 0.478228 0.053632
v 0.645721 0.488631 0.039374
v 0.645721 0.495833 0.023472
v 1.198000 0.334127 -0.068553
v 1.161925 0.334127 -0.082683
v 0.636175 0.334127 -0.064960
v 0.645721 0.334127 -0.085177
v 1.101743 0.348837 -0.085176
v 1.106956 0.345056 -0.085176
v 1.115701 0.334127 -0.085177
v 1.088701 0.352618 -0.085176
v 1.095061 0.351605 -0.085176
v 0.977594 0.352618 -0.085177
v 0.971234 0.351605 -0.085177
v 0.959339 0.345056 -0.085177
v 0.964552 0.348837 -0.085177
v 0.950591 0.334127 -0.085177
v 0.686643 0.345056 -0.085177
v 0.677896 0.334127 -0.085177
v 0.691857 0.348837 -0.085177
v 0.698539 0.351605 -0.085177
v 0.704899 0.352618 -0.085177
v 0.834261 0.345056 -0.085176
v 0.843005 0.334127 -0.085177
v 0.816006 0.352618 -0.085176
v 0.822366 0.351605 -0.085176
v 0.829048 0.348837 -0.085176
v 1.198000 0.474220 -0.005013
v 1.198000 0.404406 -0.068553
v 1.198000 0.471772 -0.018611
v 1.198000 0.465990 -0.031114
v 1.198000 0.457352 -0.042708
v 1.198000 0.446401 -0.052765
v 1.198000 0.433632 -0.060789
v 1.198000 0.419666 -0.066236
v 1.161925 0.491477 -0.006239
v 1.161925 0.408057 -0.082683
v 1.161925 0.488492 -0.022785
v 1.161925 0.481338 -0.038221
v 1.161925 0.471003 -0.052062
v 1.161925 0.458062 -0.063921
v 1.161925 0.442958 -0.073392
v 1.161925 0.426113 -0.079948
v 0.636175 0.405363 -0.064960
v 0.636175 0.471260 -0.004646
v 0.636175 0.419892 -0.062724
v 0.636175 0.433058 -0.057517
v 0.636175 0.445179 -0.049793
v 0.636175 0.455554 -0.040131
v 0.636175 0.463671 -0.029086
v 0.636175 0.468993 -0.017415
v 0.645721 0.414865 -0.085177
v 0.645721 0.498837 -0.006427
v 0.645721 0.433041 -0.082359
v 0.645721 0.449998 -0.075605
v 0.645721 0.465201 -0.065849
v 0.645721 0.478228 -0.053632
v 0.645721 0.488631 -0.039374
v 0.645721 0.495833 -0.023472
v 1.161925 0.334127 0.000000
v 0.645721 0.334127 0.000000
v 1.115701 0.334127 0.000000
v 0.950591 0.334127 0.000000
v 0.677896 0.334127 0.000000
v 0.843005 0.334127 0.000000
v 0.704899 0.352618 0.000000
v 0.686643 0.345056 0.000000
v 1.106956 0.345056 0.000000
v 1.088701 0.352618 0.000000
v 0.964552 0.348837 0.000000
v 0.834261 0.345056 0.000000
v 0.816006 0.352618 0.000000
v 0.691857 0.348837 0.000000
v 1.095061 0.351605 0.000000
v 0.971234 0.351605 0.000000
v 0.822366 0.351605 0.000000
v 0.698539 0.351605 0.000000
v 1.101743 0.348837 0.000000
v 0.977594 0.352618 0.000000
v 0.959339 0.345056 0.000000
v 0.829048 0.348837 0.000000
v 1.198000 0.474220 -0.000000
v 1.161925 0.491477 -0.000000
v 0.645721 0.498837 -0.000000
v 0.636175 0.471260 -0.000000
v 0.636175 0.334127 0.000000
v 0.636175 0.334127 0.085177
v 0.636175 0.491477 0.006427
v 0.636175 0.488451 0.023472
v 0.636175 0.481198 0.039374
v 0.636175 0.470721 0.053632
v 0.636175 0.457602 0.065849
v 0.636175 0.442291 0.075605
v 0.636175 0.425214 0.082359
v 0.636175 0.406910 0.085177
v 0.636175 0.491477 -0.000000
v 0.636175 0.334127 -0.085177
v 0.636175 0.491477 -0.006427
v 0.636175 0.488451 -0.023472
v 0.636175 0.481198 -0.039374
v 0.636175 0.470721 -0.053632
v 0.636175 0.457602 -0.065849
v 0.636175 0.442291 -0.075605
v 0.636175 0.425214 -0.082359
v 0.636175 0.406910 -0.085177
v 1.198000 0.334127 0.000000
v 1.198000 0.334127 0.082683
v 1.198000 0.485798 0.022785
v 1.198000 0.488776 0.006239
v 1.198000 0.478659 0.038221
v 1.198000 0.468347 0.052062
v 1.198000 0.455434 0.063921
v 1.198000 0.440363 0.073392
v 1.198000 0.423554 0.079948
v 1.198000 0.405537 0.082683
v 1.198000 0.488776 -0.000000
v 1.198000 0.334127 -0.082683
v 1.198000 0.485798 -0.022785
v 1.198000 0.488776 -0.006239
v 1.198000 0.478659 -0.038221
v 1.198000 0.468347 -0.052062
v 1.198000 0.455434 -0.063921
v 1.198000 0.440363 -0.073392
v 1.198000 0.423554 -0.079948
v 1.198000 0.405537 -0.082683
v 0.636175 0.406300 -0.085177
v 0.636175 0.491477 -0.000000
v 0.636175 0.428345 -0.082274
v 0.636175 0.448888 -0.073765
v 0.636175 0.466529 -0.060229
v 0.636175 0.480065 -0.042588
v 0.636175 0.488574 -0.022045
v 0.636175 0.406300 0.085177
v 0.636175 0.488574 0.022045
v 0.636175 0.480065 0.042588
v 0.636175 0.466529 0.060229
v 0.636175 0.448888 0.073765
v 0.636175 0.428345 0.082274
v 0.603051 0.334127 -0.061082
v 0.612032 0.334127 -0.085177
v 0.612032 0.334127 0.085177
v 0.603051 0.334127 0.061082
v 0.603051 0.404721 -0.061082
v 0.612032 0.406300 -0.085177
v 0.603051 0.465100 -0.015756
v 0.612032 0.488574 -0.022045
v 0.603051 0.459019 -0.030437
v 0.612032 0.480065 -0.042588
v 0.603051 0.449345 -0.043045
v 0.612032 0.466529 -0.060229
v 0.603051 0.436737 -0.052719
v 0.612032 0.448888 -0.073765
v 0.603051 0.422055 -0.058800
v 0.612032 0.428345 -0.082274
v 0.603051 0.404721 0.061082
v 0.612032 0.406300 0.085177
v 0.603051 0.467175 -0.000000
v 0.612032 0.491477 -0.000000
v 0.603051 0.422055 0.058800
v 0.612032 0.428345 0.082274
v 0.603051 0.436737 0.052719
v 0.612032 0.448888 0.073765
v 0.603051 0.449345 0.043045
v 0.612032 0.466529 0.060229
v 0.603051 0.459019 0.030437
v 0.612032 0.480065 0.042588
v 0.603051 0.465100 0.015755
v 0.612032 0.488574 0.022045
v 0.603051 0.479825 -0.019701
v 0.603051 0.482418 -0.000000
v 0.603051 0.479825 0.019701
v 0.603051 0.472220 0.038059
v 0.603051 0.460124 0.053824
v 0.603051 0.444359 0.065920
v 0.603051 0.426001 0.073525
v 0.603051 0.405711 0.076196
v 0.603051 0.472220 -0.038059
v 0.603051 0.460124 -0.053824
v 0.603051 0.444359 -0.065920
v 0.603051 0.426001 -0.073525
v 0.603051 0.405711 -0.076196
v 0.603051 0.334127 -0.076196
v 0.603051 0.334127 0.076196
v 0.603051 0.335865 -0.068993
v 0.603051 0.335865 0.068993
v 0.603051 0.398707 -0.068993
v 0.603051 0.465814 -0.017839
v 0.603051 0.458928 -0.034461
v 0.603051 0.447975 -0.048736
v 0.603051 0.433701 -0.059689
v 0.603051 0.417078 -0.066574
v 0.603051 0.398707 0.068993
v 0.603051 0.468162 -0.000000
v 0.603051 0.417078 0.066574
v 0.603051 0.433701 0.059689
v 0.603051 0.447975 0.048736
v 0.603051 0.458928 0.034461
v 0.603051 0.465814 0.017838
v 0.578213 0.465814 -0.017838
v 0.578213 0.468162 0.000000
v 0.578213 0.465814 0.017838
v 0.578213 0.458928 0.034461
v 0.578213 0.447975 0.048736
v 0.578213 0.433701 0.059689
v 0.578213 0.417078 0.066574
v 0.578213 0.398707 0.068993
v 0.578213 0.458928 -0.034461
v 0.578213 0.447975 -0.048736
v 0.578213 0.433701 -0.059689
v 0.578213 0.417078 -0.066574
v 0.578213 0.398707 -0.068993
v 0.578213 0.335865 -0.068993
v 0.578213 0.335865 0.068993
vn -0.0000 -1.0000 -0.0000
vn 0.0052 0.0158 0.9999
vn -0.0000 -0.0000 1.0000
vn 0.0021 0.0301 0.9995
vn 0.0059 0.0449 0.9990
vn 0.0055 0.0166 0.9998
vn 0.0052 0.0457 0.9989
vn -0.0245 0.0296 0.9993
vn 0.0182 0.9998 -0.0000
vn -0.0002 1.0000 -0.0000
vn -0.0002 0.9917 0.1284
vn 0.0181 0.9915 0.1285
vn 0.0746 0.9972 -0.0000
vn 0.0740 0.9888 0.1294
vn -0.6106 0.7919 -0.0000
vn -0.6079 0.7875 0.1012
vn 0.0056 0.0170 0.9998
vn 0.7253 -0.6884 -0.0000
vn 0.7254 -0.6884 -0.0000
vn 0.7807 -0.6249 -0.0000
vn 0.0177 0.9540 0.2991
vn 0.0709 0.9509 0.3012
vn 0.0166 0.8608 0.5086
vn 0.0636 0.8570 0.5114
vn 0.0152 0.7448 0.6672
vn 0.0545 0.7405 0.6699
vn 0.0135 0.6095 0.7927
vn 0.0441 0.6052 0.7948
vn 0.0114 0.4523 0.8918
vn 0.0323 0.4486 0.8932
vn 0.0086 0.2599 0.9656
vn 0.0183 0.2575 0.9661
vn -0.5944 0.7679 0.2387
vn 0.0001 0.9543 0.2990
vn -0.5579 0.7161 0.4195
vn 0.0007 0.8611 0.5084
vn -0.5069 0.6445 0.5724
vn 0.0014 0.7451 0.6669
vn -0.4384 0.5508 0.7102
vn 0.0022 0.6099 0.7925
vn -0.3448 0.4275 0.8357
vn 0.0030 0.4526 0.8917
vn -0.2094 0.2562 0.9437
vn 0.0038 0.2601 0.9656
vn -0.2785 -0.9604 -0.0000
vn -0.4823 -0.8760 -0.0000
vn 0.2784 -0.9605 -0.0000
vn 0.0086 -1.0000 -0.0000
vn 0.4823 -0.8760 -0.0000
vn -0.0086 -1.0000 -0.0000
vn -0.7254 -0.6883 -0.0000
vn -0.7808 -0.6248 -0.0000
vn 0.0052 0.0158 -0.9999
vn 0.0056 0.0449 -0.9990
vn 0.0021 0.0301 -0.9995
vn -0.0000 -0.0000 -1.0000
vn -0.0245 0.0296 -0.9993
vn 0.0052 0.0457 -0.9989
vn 0.0055 0.0167 -0.9998
vn 0.0181 0.9915 -0.1285
vn -0.0002 0.9917 -0.1284
vn 0.0745 0.9888 -0.1294
vn -0.6079 0.7875 -0.1012
vn 0.0056 0.0170 -0.9998
vn 0.0710 0.9509 -0.3011
vn 0.0177 0.9540 -0.2991
vn 0.0636 0.8570 -0.5114
vn 0.0166 0.8608 -0.5086
vn 0.0545 0.7405 -0.6699
vn 0.0152 0.7448 -0.6672
vn 0.0441 0.6052 -0.7948
vn 0.0135 0.6095 -0.7927
vn 0.0323 0.4486 -0.8932
vn 0.0114 0.4523 -0.8918
vn 0.0183 0.2575 -0.9661
vn 0.0086 0.2599 -0.9656
vn 0.0001 0.9543 -0.2989
vn -0.5944 0.7679 -0.2387
vn 0.0007 0.8611 -0.5084
vn -0.5579 0.7161 -0.4195
vn 0.0014 0.7451 -0.6669
vn -0.5069 0.6445 -0.5724
vn 0.0022 0.6099 -0.7925
vn -0.4384 0.5508 -0.7102
vn 0.0030 0.4526 -0.8917
vn -0.3448 0.4275 -0.8357
vn 0.0038 0.2601 -0.9656
vn -0.2094 0.2562 -0.9437
vn -1.0000 -0.0000 -0.0000
vn 1.0000 -0.0000 -0.0000
vn -0.0000 0.0308 0.9995
vn -0.0000 0.0308 -0.9995
vn -0.0000 0.2588 -0.9659
vn -0.0000 0.5000 0.8660
vn -0.0000 0.2588 0.9659
vn -0.0000 0.9659 0.2588
vn -0.0000 0.8660 0.5000
vn -0.0000 0.7071 0.7071
vn -0.0000 1.0000 -0.0000
vn -0.0000 0.9659 -0.2588
vn -0.0000 0.8660 -0.5000
vn -0.0000 0.7071 -0.7071
vn -0.0000 0.5000 -0.8660
vn -0.7101 0.6801 -0.1822
vn -0.7101 0.7041 -0.0000
vn -0.7101 0.6801 0.1822
vn -0.7101 0.6097 0.3520
vn -0.7101 0.4978 0.4978
vn -0.7101 0.3520 0.6097
vn -0.7101 0.1816 0.6802
vn -0.7076 0.0212 0.7063
vn -0.7101 0.6097 -0.3520
vn -0.7101 0.4978 -0.4978
vn -0.7101 0.3520 -0.6097
vn -0.7101 0.1816 -0.6802
vn -0.7076 0.0212 -0.7063
vn -0.7071 -0.0000 -0.7071
vn -0.7071 -0.0000 0.7071
vn -0.0000 0.2570 -0.9664
vn -0.0000 0.0298 -0.9996
vn -0.0000 0.2570 0.9664
vn -0.0000 0.0298 0.9996
vt 0.255296 0.961430
vt 0.234145 0.961430
vt 0.229785 0.961430
vt 0.229785 0.950299
vt 0.255296 0.950299
vt 0.036264 0.488004
vt 0.036264 0.514294
vt 0.033318 0.514294
vt 0.033318 0.508054
vt 0.033318 0.488004
vt 0.553935 0.517405
vt 0.542833 0.517345
vt 0.542951 0.495370
vt 0.554125 0.494654
vt 0.714981 0.518047
vt 0.712165 0.518046
vt 0.712124 0.494192
vt 0.714987 0.496570
vt 0.554782 0.453704
vt 0.711653 0.453219
vt 0.711684 0.455706
vt 0.554755 0.456065
vt 0.542302 0.453742
vt 0.542311 0.455915
vt 0.716210 0.453204
vt 0.716126 0.455774
vt 0.702628 0.517973
vt 0.700060 0.514714
vt 0.698528 0.513596
vt 0.696565 0.512776
vt 0.694697 0.512474
vt 0.662417 0.512350
vt 0.657487 0.513078
vt 0.655585 0.513864
vt 0.654101 0.514939
vt 0.651611 0.518047
vt 0.620997 0.518024
vt 0.618510 0.514913
vt 0.617028 0.513836
vt 0.615127 0.513047
vt 0.610296 0.512219
vt 0.576440 0.511892
vt 0.574487 0.512186
vt 0.572430 0.513016
vt 0.570820 0.514162
vt 0.568123 0.517497
vt 0.229015 0.936037
vt 0.255296 0.936037
vt 0.912645 0.723359
vt 0.912645 0.749644
vt 0.879445 0.749644
vt 0.879445 0.723359
vt 0.046195 0.488004
vt 0.046195 0.514294
vt 0.483917 0.898523
vt 0.483917 0.872240
vt 0.488237 0.872240
vt 0.488237 0.898523
vt 0.502127 0.887706
vt 0.502127 0.913990
vt 0.497807 0.913990
vt 0.497807 0.887706
vt 0.554574 0.461474
vt 0.542518 0.461708
vt 0.554452 0.466892
vt 0.542685 0.467354
vt 0.554368 0.472348
vt 0.542812 0.472941
vt 0.554303 0.477853
vt 0.542899 0.478517
vt 0.554244 0.483412
vt 0.542948 0.484109
vt 0.554184 0.489022
vt 0.542963 0.489729
vt 0.715827 0.462001
vt 0.711862 0.461229
vt 0.715645 0.467890
vt 0.711955 0.466652
vt 0.715491 0.473678
vt 0.712003 0.472071
vt 0.715338 0.479442
vt 0.712030 0.477532
vt 0.715188 0.485199
vt 0.712048 0.483046
vt 0.715060 0.490930
vt 0.712073 0.488608
vt 0.544608 0.913990
vt 0.544608 0.887705
vt 0.546840 0.887705
vt 0.546840 0.913990
vt 0.479698 0.872240
vt 0.479698 0.898523
vt 0.477711 0.898523
vt 0.477711 0.872240
vt 0.441440 0.872240
vt 0.441440 0.898523
vt 0.439208 0.898523
vt 0.439208 0.872240
vt 0.504115 0.913990
vt 0.504115 0.887706
vt 0.506347 0.887706
vt 0.506347 0.913990
vt 0.542621 0.913990
vt 0.542621 0.887705
vt 0.548827 0.887705
vt 0.548827 0.913990
vt 0.481930 0.872240
vt 0.481930 0.898523
vt 0.443427 0.872240
vt 0.443427 0.898523
vt 0.437221 0.898523
vt 0.437221 0.872240
vt 0.508334 0.887706
vt 0.508334 0.913990
vt 0.553147 0.887705
vt 0.553147 0.913990
vt 0.432902 0.898523
vt 0.432902 0.872240
vt 0.280807 0.950299
vt 0.280807 0.961430
vt 0.276447 0.961430
vt 0.033318 0.467953
vt 0.033318 0.461714
vt 0.036264 0.461714
vt 0.553537 0.390069
vt 0.553869 0.412772
vt 0.542705 0.412125
vt 0.542457 0.390194
vt 0.714691 0.388877
vt 0.714700 0.409917
vt 0.711880 0.412274
vt 0.711932 0.388878
vt 0.554741 0.451342
vt 0.711669 0.450731
vt 0.542298 0.451568
vt 0.716110 0.450635
vt 0.567689 0.389893
vt 0.570400 0.393204
vt 0.572013 0.394336
vt 0.574070 0.395152
vt 0.576020 0.395432
vt 0.609765 0.394890
vt 0.614792 0.394001
vt 0.616755 0.393170
vt 0.618282 0.392044
vt 0.620835 0.388803
vt 0.652541 0.388555
vt 0.655144 0.391755
vt 0.656689 0.392858
vt 0.658664 0.393658
vt 0.663458 0.394384
vt 0.694847 0.394342
vt 0.696672 0.394049
vt 0.698592 0.393249
vt 0.700091 0.392158
vt 0.702599 0.388964
vt 0.281576 0.936037
vt 0.879445 0.697074
vt 0.912645 0.697074
vt 0.046195 0.461713
vt 0.488237 0.924806
vt 0.483917 0.924806
vt 0.497807 0.861421
vt 0.502127 0.861421
vt 0.542470 0.445774
vt 0.554526 0.445935
vt 0.542603 0.440127
vt 0.554371 0.440517
vt 0.542697 0.434540
vt 0.554254 0.435063
vt 0.542751 0.428966
vt 0.554154 0.429560
vt 0.542767 0.423375
vt 0.554061 0.424003
vt 0.542749 0.417760
vt 0.553964 0.418396
vt 0.711813 0.445207
vt 0.715772 0.444410
vt 0.711872 0.439783
vt 0.715554 0.438522
vt 0.711886 0.434364
vt 0.715364 0.432736
vt 0.711879 0.428904
vt 0.715174 0.426973
vt 0.711862 0.423392
vt 0.714984 0.421219
vt 0.711853 0.417837
vt 0.714813 0.415504
vt 0.544608 0.861421
vt 0.546840 0.861421
vt 0.479698 0.924806
vt 0.477711 0.924806
vt 0.441440 0.924806
vt 0.439208 0.924806
vt 0.504115 0.861421
vt 0.506347 0.861421
vt 0.542621 0.861421
vt 0.548827 0.861421
vt 0.481930 0.924806
vt 0.443427 0.924806
vt 0.437221 0.924806
vt 0.508334 0.861421
vt 0.553147 0.861421
vt 0.432902 0.924806
vt 0.883626 0.900463
vt 0.879686 0.901162
vt 0.877817 0.895159
vt 0.883076 0.894225
vt 0.876085 0.902804
vt 0.872911 0.897397
vt 0.872677 0.905308
vt 0.868512 0.900629
vt 0.869696 0.908510
vt 0.864743 0.904677
vt 0.867313 0.912249
vt 0.861733 0.909401
vt 0.865707 0.916311
vt 0.859649 0.914669
vt 0.865017 0.920794
vt 0.858780 0.920317
vt 0.865017 0.942772
vt 0.858780 0.942772
vt 0.885059 0.900463
vt 0.885059 0.894225
vt 0.890432 0.901162
vt 0.886493 0.900463
vt 0.887042 0.894225
vt 0.892301 0.895159
vt 0.894033 0.902804
vt 0.897207 0.897397
vt 0.897441 0.905308
vt 0.901606 0.900629
vt 0.900422 0.908510
vt 0.905375 0.904677
vt 0.902805 0.912249
vt 0.908385 0.909401
vt 0.904411 0.916311
vt 0.910469 0.914669
vt 0.905101 0.920794
vt 0.911339 0.920317
vt 0.905101 0.942772
vt 0.911339 0.942772
vt 0.902253 0.947876
vt 0.906449 0.948632
vt 0.906071 0.953124
vt 0.900965 0.952204
vt 0.898394 0.946092
vt 0.896201 0.950001
vt 0.894816 0.943426
vt 0.891930 0.946819
vt 0.891713 0.940047
vt 0.888270 0.942834
vt 0.889237 0.936106
vt 0.885348 0.938183
vt 0.887556 0.931796
vt 0.883325 0.932996
vt 0.886841 0.927087
vt 0.882480 0.927436
vt 0.886841 0.905399
vt 0.882481 0.905399
vt 0.907996 0.948632
vt 0.907996 0.953124
vt 0.909543 0.948632
vt 0.913739 0.947876
vt 0.915027 0.952204
vt 0.909921 0.953124
vt 0.917597 0.946092
vt 0.919791 0.950001
vt 0.921175 0.943426
vt 0.924062 0.946819
vt 0.924279 0.940047
vt 0.927722 0.942834
vt 0.926755 0.936106
vt 0.930644 0.938183
vt 0.928436 0.931797
vt 0.932667 0.932996
vt 0.929151 0.927087
vt 0.933512 0.927436
vt 0.929151 0.905399
vt 0.933512 0.905399
vt 0.850096 0.906156
vt 0.847885 0.883057
vt 0.855503 0.881527
vt 0.858168 0.905328
vt 0.798048 0.883389
vt 0.795482 0.906156
vt 0.787502 0.905327
vt 0.789981 0.881470
vt 0.792320 0.873682
vt 0.799614 0.876854
vt 0.802746 0.871163
vt 0.806725 0.866215
vt 0.811851 0.862539
vt 0.817552 0.860037
vt 0.823605 0.859142
vt 0.829636 0.859895
vt 0.835244 0.862243
vt 0.840108 0.865938
vt 0.843834 0.870847
vt 0.846630 0.876527
vt 0.850451 0.866929
vt 0.853738 0.874109
vt 0.831794 0.852449
vt 0.839257 0.855628
vt 0.845613 0.860604
vt 0.823718 0.851357
vt 0.815624 0.852447
vt 0.808080 0.855574
vt 0.801485 0.860353
vt 0.796203 0.866551
vt 0.981045 0.468927
vt 0.981045 0.462328
vt 0.984830 0.462328
vt 0.984830 0.468927
vt 0.981045 0.455730
vt 0.984830 0.455730
vt 0.981045 0.449132
vt 0.984830 0.449132
vt 0.981045 0.442533
vt 0.984830 0.442533
vt 0.981045 0.435935
vt 0.984830 0.435935
vt 0.981045 0.429336
vt 0.984830 0.429336
vt 0.981045 0.422558
vt 0.984830 0.422558
vt 0.981045 0.475525
vt 0.984830 0.475525
vt 0.981045 0.482124
vt 0.984830 0.482124
vt 0.981045 0.488722
vt 0.984830 0.488722
vt 0.981045 0.495321
vt 0.984830 0.495321
vt 0.981045 0.502099
vt 0.984830 0.502099
vt 0.981045 0.525663
vt 0.984830 0.525663
vt 0.981045 0.398994
vt 0.984830 0.398994
vt 0.850096 0.913896
vt 0.847217 0.916775
vt 0.842372 0.916775
vt 0.803207 0.916775
vt 0.798361 0.916775
vt 0.795482 0.913896
vt 0.953286 0.065418
vt 0.953286 0.059450
vt 0.957796 0.059450
vt 0.957796 0.065418
vt 0.953286 0.053481
vt 0.957796 0.053481
vt 0.953286 0.047512
vt 0.957796 0.047512
vt 0.953286 0.041543
vt 0.957796 0.041543
vt 0.953286 0.035574
vt 0.957796 0.035574
vt 0.953286 0.029605
vt 0.957796 0.029605
vt 0.953286 0.023474
vt 0.957796 0.023474
vt 0.953286 0.071387
vt 0.957796 0.071387
vt 0.953286 0.077356
vt 0.957796 0.077356
vt 0.953286 0.083325
vt 0.957796 0.083325
vt 0.953286 0.089294
vt 0.957796 0.089294
vt 0.953286 0.095425
vt 0.957796 0.095425
vt 0.953286 0.116741
vt 0.957796 0.116741
vt 0.953286 0.002158
vt 0.957796 0.002158
vt 0.973972 0.970748
vt 0.931392 0.970748
vt 0.931392 0.951356
vt 0.932138 0.945687
vt 0.934263 0.940557
vt 0.937643 0.936152
vt 0.942048 0.932772
vt 0.947177 0.930647
vt 0.952682 0.929923
vt 0.958187 0.930647
vt 0.963316 0.932772
vt 0.967721 0.936152
vt 0.971101 0.940557
vt 0.973226 0.945687
vt 0.973972 0.951356
vt 0.277947 0.584296
vt 0.277947 0.578742
vt 0.285614 0.578742
vt 0.285614 0.584296
vt 0.277947 0.623176
vt 0.277947 0.617621
vt 0.285614 0.617621
vt 0.285614 0.623176
vt 0.277947 0.573021
vt 0.285614 0.573021
vt 0.277947 0.628730
vt 0.285614 0.628730
vt 0.277947 0.553622
vt 0.285614 0.553622
vt 0.277947 0.634284
vt 0.285614 0.634284
vt 0.277947 0.659404
vt 0.277947 0.640004
vt 0.285614 0.640004
vt 0.285614 0.659404
vt 0.277947 0.600959
vt 0.277947 0.595404
vt 0.285614 0.595404
vt 0.285614 0.600958
vt 0.277947 0.606513
vt 0.285614 0.606513
vt 0.277947 0.589850
vt 0.285614 0.589850
vt 0.277947 0.612067
vt 0.285614 0.612067
vt 0.719413 0.306043
vt 0.719413 0.263477
vt 0.727075 0.263477
vt 0.727075 0.306043
s 1
usemtl Material.001
f 3936/5165/2376 3778/5166/2376 3937/5167/2376 3779/5168/2376 3890/5169/2376
f 3891/5170/2376 3781/5171/2376 3917/5172/2376 3780/5173/2376 3916/5174/2376
f 3779/5175/2377 3937/5176/2378 3945/5177/2379 3811/5178/2380
f 3917/5179/2378 3781/5180/2381 3826/5181/2382 3925/5182/2383
f 3913/5183/2384 3914/5184/2385 3827/5185/2386 3810/5186/2387
f 3946/5187/2388 3913/5183/2384 3810/5186/2387 3939/5188/2389
f 3914/5184/2385 3926/5189/2390 3918/5190/2391 3827/5185/2386
f 3781/5180/2381 3793/5191/2392 3792/5192/2392 3794/5193/2392 3795/5194/2392 3796/5195/2392 3799/5196/2392 3800/5197/2392 3801/5198/2392 3797/5199/2392 3798/5200/2392 3791/5201/2392 3789/5202/2392 3790/5203/2392 3788/5204/2392 3787/5205/2392 3785/5206/2392 3786/5207/2392 3782/5208/2392 3783/5209/2392 3784/5210/2392 3779/5175/2377 3811/5178/2380 3826/5181/2382
f 3890/5169/2376 3779/5168/2376 3784/5211/2376 3892/5212/2376
f 3893/5213/2376 3791/5214/2376 3798/5215/2376 3895/5216/2376
f 3894/5217/2376 3793/5218/2376 3781/5171/2376 3891/5170/2376
f 3910/5219/2393 3789/5220/2394 3791/5221/2395 3893/5222/2395
f 3897/5223/2393 3792/5224/2394 3793/5225/2395 3894/5226/2395
f 3939/5188/2389 3810/5186/2387 3812/5227/2396 3938/5228/2397
f 3938/5228/2397 3812/5227/2396 3813/5229/2398 3940/5230/2399
f 3940/5230/2399 3813/5229/2398 3814/5231/2400 3941/5232/2401
f 3941/5232/2401 3814/5231/2400 3815/5233/2402 3942/5234/2403
f 3942/5234/2403 3815/5233/2402 3816/5235/2404 3943/5236/2405
f 3943/5236/2405 3816/5235/2404 3817/5237/2406 3944/5238/2407
f 3944/5238/2407 3817/5237/2406 3811/5178/2380 3945/5177/2379
f 3827/5185/2386 3918/5190/2391 3919/5239/2408 3833/5240/2409
f 3833/5240/2409 3919/5239/2408 3920/5241/2410 3832/5242/2411
f 3832/5242/2411 3920/5241/2410 3921/5243/2412 3831/5244/2413
f 3831/5244/2413 3921/5243/2412 3922/5245/2414 3830/5246/2415
f 3830/5246/2415 3922/5245/2414 3923/5247/2416 3829/5248/2417
f 3829/5248/2417 3923/5247/2416 3924/5249/2418 3828/5250/2419
f 3828/5250/2419 3924/5249/2418 3925/5182/2383 3826/5181/2382
f 3810/5186/2387 3827/5185/2386 3833/5240/2409 3812/5227/2396
f 3812/5227/2396 3833/5240/2409 3832/5242/2411 3813/5229/2398
f 3813/5229/2398 3832/5242/2411 3831/5244/2413 3814/5231/2400
f 3814/5231/2400 3831/5244/2413 3830/5246/2415 3815/5233/2402
f 3815/5233/2402 3830/5246/2415 3829/5248/2417 3816/5235/2404
f 3816/5235/2404 3829/5248/2417 3828/5250/2419 3817/5237/2406
f 3817/5237/2406 3828/5250/2419 3826/5181/2382 3811/5178/2380
f 3800/5251/2420 3906/5252/2420 3911/5253/2421 3801/5254/2421
f 3788/5255/2422 3905/5256/2422 3909/5257/2423 3787/5258/2423
f 3786/5259/2420 3904/5260/2420 3908/5261/2421 3782/5262/2421
f 3794/5263/2424 3903/5264/2424 3907/5265/2422 3795/5266/2422
f 3799/5267/2425 3902/5268/2425 3906/5252/2420 3800/5251/2420
f 3801/5254/2421 3911/5253/2421 3901/5269/2426 3797/5270/2426
f 3790/5271/2424 3900/5272/2424 3905/5256/2422 3788/5255/2422
f 3789/5220/2394 3910/5219/2393 3900/5272/2424 3790/5271/2424
f 3785/5273/2425 3899/5274/2425 3904/5260/2420 3786/5259/2420
f 3787/5258/2423 3909/5257/2423 3899/5274/2425 3785/5273/2425
f 3782/5262/2421 3908/5261/2421 3898/5275/2426 3783/5276/2426
f 3792/5224/2394 3897/5223/2393 3903/5264/2424 3794/5263/2424
f 3795/5266/2422 3907/5265/2422 3896/5277/2423 3796/5278/2423
f 3796/5278/2423 3896/5277/2423 3902/5268/2425 3799/5267/2425
f 3797/5270/2426 3901/5269/2426 3895/5279/2427 3798/5280/2427
f 3783/5276/2426 3898/5275/2426 3892/5281/2427 3784/5282/2427
f 3936/5165/2376 3890/5169/2376 3835/5283/2376 3947/5284/2376 3834/5285/2376
f 3891/5170/2376 3916/5174/2376 3836/5286/2376 3927/5287/2376 3837/5288/2376
f 3835/5289/2428 3867/5290/2429 3955/5291/2430 3947/5292/2431
f 3927/5293/2431 3935/5294/2432 3882/5295/2433 3837/5296/2434
f 3913/5183/2384 3866/5297/2435 3883/5298/2436 3914/5184/2385
f 3946/5187/2388 3949/5299/2437 3866/5297/2435 3913/5183/2384
f 3914/5184/2385 3883/5298/2436 3928/5300/2438 3926/5189/2390
f 3837/5296/2434 3882/5295/2433 3867/5290/2429 3835/5289/2428 3840/5301/2439 3839/5302/2439 3838/5303/2439 3842/5304/2439 3841/5305/2439 3843/5306/2439 3844/5307/2439 3846/5308/2439 3845/5309/2439 3847/5310/2439 3854/5311/2439 3853/5312/2439 3857/5313/2439 3856/5314/2439 3855/5315/2439 3852/5316/2439 3851/5317/2439 3850/5318/2439 3848/5319/2439 3849/5320/2439
f 3890/5169/2376 3892/5212/2376 3840/5321/2376 3835/5283/2376
f 3893/5213/2376 3895/5216/2376 3854/5322/2376 3847/5323/2376
f 3894/5217/2376 3891/5170/2376 3837/5288/2376 3849/5324/2376
f 3910/5219/2393 3893/5222/2395 3847/5325/2395 3845/5326/2394
f 3897/5223/2393 3894/5226/2395 3849/5327/2395 3848/5328/2394
f 3949/5299/2437 3948/5329/2440 3868/5330/2441 3866/5297/2435
f 3948/5329/2440 3950/5331/2442 3869/5332/2443 3868/5330/2441
f 3950/5331/2442 3951/5333/2444 3870/5334/2445 3869/5332/2443
f 3951/5333/2444 3952/5335/2446 3871/5336/2447 3870/5334/2445
f 3952/5335/2446 3953/5337/2448 3872/5338/2449 3871/5336/2447
f 3953/5337/2448 3954/5339/2450 3873/5340/2451 3872/5338/2449
f 3954/5339/2450 3955/5291/2430 3867/5290/2429 3873/5340/2451
f 3883/5298/2436 3889/5341/2452 3929/5342/2453 3928/5300/2438
f 3889/5341/2452 3888/5343/2454 3930/5344/2455 3929/5342/2453
f 3888/5343/2454 3887/5345/2456 3931/5346/2457 3930/5344/2455
f 3887/5345/2456 3886/5347/2458 3932/5348/2459 3931/5346/2457
f 3886/5347/2458 3885/5349/2460 3933/5350/2461 3932/5348/2459
f 3885/5349/2460 3884/5351/2462 3934/5352/2463 3933/5350/2461
f 3884/5351/2462 3882/5295/2433 3935/5294/2432 3934/5352/2463
f 3866/5297/2435 3868/5330/2441 3889/5341/2452 3883/5298/2436
f 3868/5330/2441 3869/5332/2443 3888/5343/2454 3889/5341/2452
f 3869/5332/2443 3870/5334/2445 3887/5345/2456 3888/5343/2454
f 3870/5334/2445 3871/5336/2447 3886/5347/2458 3887/5345/2456
f 3871/5336/2447 3872/5338/2449 3885/5349/2460 3886/5347/2458
f 3872/5338/2449 3873/5340/2451 3884/5351/2462 3885/5349/2460
f 3873/5340/2451 3867/5290/2429 3882/5295/2433 3884/5351/2462
f 3856/5353/2420 3857/5354/2421 3911/5253/2421 3906/5252/2420
f 3844/5355/2422 3843/5356/2423 3909/5257/2423 3905/5256/2422
f 3842/5357/2420 3838/5358/2421 3908/5261/2421 3904/5260/2420
f 3850/5359/2424 3851/5360/2422 3907/5265/2422 3903/5264/2424
f 3855/5361/2425 3856/5353/2420 3906/5252/2420 3902/5268/2425
f 3857/5354/2421 3853/5362/2426 3901/5269/2426 3911/5253/2421
f 3846/5363/2424 3844/5355/2422 3905/5256/2422 3900/5272/2424
f 3845/5326/2394 3846/5363/2424 3900/5272/2424 3910/5219/2393
f 3841/5364/2425 3842/5357/2420 3904/5260/2420 3899/5274/2425
f 3843/5356/2423 3841/5364/2425 3899/5274/2425 3909/5257/2423
f 3838/5358/2421 3839/5365/2426 3898/5275/2426 3908/5261/2421
f 3848/5328/2394 3850/5359/2424 3903/5264/2424 3897/5223/2393
f 3851/5360/2422 3852/5366/2423 3896/5277/2423 3907/5265/2422
f 3852/5366/2423 3855/5361/2425 3902/5268/2425 3896/5277/2423
f 3853/5362/2426 3854/5367/2427 3895/5279/2427 3901/5269/2426
f 3839/5365/2426 3840/5368/2427 3892/5281/2427 3898/5275/2426
f 3819/5369/2464 3825/5370/2464 3919/5371/2464 3918/5372/2464
f 3825/5370/2464 3824/5373/2464 3920/5374/2464 3919/5371/2464
f 3824/5373/2464 3823/5375/2464 3921/5376/2464 3920/5374/2464
f 3823/5375/2464 3822/5377/2464 3922/5378/2464 3921/5376/2464
f 3822/5377/2464 3821/5379/2464 3923/5380/2464 3922/5378/2464
f 3821/5379/2464 3820/5381/2464 3924/5382/2464 3923/5380/2464
f 3820/5381/2464 3818/5383/2464 3925/5384/2464 3924/5382/2464
f 3818/5383/2464 3780/5385/2464 3917/5386/2464 3925/5384/2464
f 3915/5387/2464 3819/5369/2464 3918/5372/2464 3926/5388/2464
f 3881/5389/2464 3875/5390/2464 3928/5391/2464 3929/5392/2464
f 3880/5393/2464 3881/5389/2464 3929/5392/2464 3930/5394/2464
f 3879/5395/2464 3880/5393/2464 3930/5394/2464 3931/5396/2464
f 3878/5397/2464 3879/5395/2464 3931/5396/2464 3932/5398/2464
f 3877/5399/2464 3878/5397/2464 3932/5398/2464 3933/5400/2464
f 3876/5401/2464 3877/5399/2464 3933/5400/2464 3934/5402/2464
f 3874/5403/2464 3876/5401/2464 3934/5402/2464 3935/5404/2464
f 3836/5405/2464 3874/5403/2464 3935/5404/2464 3927/5406/2464
f 3875/5390/2464 3915/5387/2464 3926/5388/2464 3928/5391/2464
f 3804/5407/2465 3802/5408/2465 3939/5409/2465 3938/5410/2465
f 3805/5411/2465 3804/5407/2465 3938/5410/2465 3940/5412/2465
f 3806/5413/2465 3805/5411/2465 3940/5412/2465 3941/5414/2465
f 3807/5415/2465 3806/5413/2465 3941/5414/2465 3942/5416/2465
f 3808/5417/2465 3807/5415/2465 3942/5416/2465 3943/5418/2465
f 3809/5419/2465 3808/5417/2465 3943/5418/2465 3944/5420/2465
f 3803/5421/2465 3809/5419/2465 3944/5420/2465 3945/5422/2465
f 3778/5423/2465 3803/5421/2465 3945/5422/2465 3937/5424/2465
f 3802/5408/2465 3912/5425/2465 3946/5426/2465 3939/5409/2465
f 3858/5427/2465 3860/5428/2465 3948/5429/2465 3949/5430/2465
f 3860/5428/2465 3861/5431/2465 3950/5432/2465 3948/5429/2465
f 3861/5431/2465 3862/5433/2465 3951/5434/2465 3950/5432/2465
f 3862/5433/2465 3863/5435/2465 3952/5436/2465 3951/5434/2465
f 3863/5435/2465 3864/5437/2465 3953/5438/2465 3952/5436/2465
f 3864/5437/2465 3865/5439/2465 3954/5440/2465 3953/5438/2465
f 3865/5439/2465 3859/5441/2465 3955/5442/2465 3954/5440/2465
f 3859/5441/2465 3834/5443/2465 3947/5444/2465 3955/5442/2465
f 3912/5425/2465 3858/5427/2465 3949/5430/2465 3946/5426/2465
f 3917/5445/2378 3963/5446/2466 3986/5447/2466 3971/5448/2378
f 3956/5449/2467 3927/5450/2431 3970/5451/2431 3974/5452/2467
f 3984/5453/2468 3958/5454/2468 3956/5449/2467 3974/5452/2467
f 3927/5450/2465 3956/5449/2465 3958/5454/2465 3959/5455/2465 3960/5456/2465 3961/5457/2465 3962/5458/2465 3957/5459/2465 3964/5460/2465 3965/5461/2465 3966/5462/2465 3967/5463/2465 3968/5464/2465 3963/5446/2465 3917/5445/2465
f 3967/5463/2469 3992/5465/2469 3990/5466/2470 3968/5464/2470
f 3964/5460/2471 3998/5467/2471 3996/5468/2472 3965/5461/2472
f 3965/5461/2472 3996/5468/2472 3994/5469/2473 3966/5462/2473
f 3966/5462/2473 3994/5469/2473 3992/5465/2469 3967/5463/2469
f 3957/5459/2474 3988/5470/2474 3998/5467/2471 3964/5460/2471
f 3976/5471/2475 3962/5458/2475 3961/5457/2476 3978/5472/2476
f 3978/5472/2476 3961/5457/2476 3960/5456/2477 3980/5473/2477
f 3980/5473/2477 3960/5456/2477 3959/5455/2478 3982/5474/2478
f 3982/5474/2478 3959/5455/2478 3958/5454/2468 3984/5453/2468
f 3968/5464/2470 3990/5466/2470 3986/5447/2466 3963/5446/2466
f 3988/5470/2474 3957/5459/2474 3962/5458/2475 3976/5471/2475
f 3999/5475/2479 4000/5476/2480 3988/5477/2480 3976/5478/2479
f 4000/5476/2480 4001/5479/2481 3998/5480/2481 3988/5477/2480
f 4001/5479/2481 4002/5481/2482 3996/5482/2482 3998/5480/2481
f 4002/5481/2482 4003/5483/2483 3994/5484/2483 3996/5482/2482
f 4003/5483/2483 4004/5485/2484 3992/5486/2484 3994/5484/2483
f 4004/5485/2484 4005/5487/2485 3990/5488/2485 3992/5486/2484
f 4005/5487/2485 4006/5489/2486 3986/5490/2486 3990/5488/2485
f 4007/5491/2487 3999/5475/2479 3976/5478/2479 3978/5492/2487
f 4008/5493/2488 4007/5491/2487 3978/5492/2487 3980/5494/2488
f 4009/5495/2489 4008/5493/2488 3980/5494/2488 3982/5496/2489
f 4010/5497/2490 4009/5495/2489 3982/5496/2489 3984/5498/2490
f 4011/5499/2491 4010/5497/2490 3984/5498/2490 3974/5500/2491
f 4012/5501/2492 4011/5499/2491 3974/5500/2491 3970/5502/2492
f 4006/5489/2486 4013/5503/2493 3971/5504/2493 3986/5490/2486
f 3927/5450/2376 3917/5445/2376 3971/5505/2376 4013/5506/2376 3972/5507/2376 3969/5508/2376 4012/5509/2376 3970/5510/2376
f 3975/5511/2464 3987/5512/2464 4000/5513/2464 3999/5514/2464
f 3987/5512/2464 3997/5515/2464 4001/5516/2464 4000/5513/2464
f 3997/5515/2464 3995/5517/2464 4002/5518/2464 4001/5516/2464
f 3995/5517/2464 3993/5519/2464 4003/5520/2464 4002/5518/2464
f 3993/5519/2464 3991/5521/2464 4004/5522/2464 4003/5520/2464
f 3991/5521/2464 3989/5523/2464 4005/5524/2464 4004/5522/2464
f 3989/5523/2464 3985/5525/2464 4006/5526/2464 4005/5524/2464
f 3977/5527/2464 3975/5511/2464 3999/5514/2464 4007/5528/2464
f 3979/5529/2464 3977/5527/2464 4007/5528/2464 4008/5530/2464
f 3981/5531/2464 3979/5529/2464 4008/5530/2464 4009/5532/2464
f 3983/5533/2464 3981/5531/2464 4009/5532/2464 4010/5534/2464
f 3973/5535/2464 3983/5533/2464 4010/5534/2464 4011/5536/2464
f 3969/5537/2464 3973/5535/2464 4011/5536/2464 4012/5538/2464
f 3985/5525/2464 3972/5539/2464 4013/5540/2464 4006/5526/2464
f 4042/5541/2464 4043/5542/2464 4036/5543/2464 4035/5544/2464 4034/5545/2464 4033/5546/2464 4032/5547/2464 4031/5548/2464 4030/5549/2464 4029/5550/2464 4037/5551/2464 4038/5552/2464 4039/5553/2464 4040/5554/2464 4041/5555/2464
f 4020/5556/2478 4021/5557/2494 4040/5558/2494 4039/5559/2478
f 4026/5560/2473 4027/5561/2472 4032/5562/2472 4033/5563/2473
f 4021/5557/2494 4016/5564/2495 4041/5565/2495 4040/5558/2494
f 4025/5566/2469 4026/5560/2473 4033/5563/2473 4034/5567/2469
f 4016/5564/2495 4014/5568/2431 4042/5569/2431 4041/5565/2495
f 4024/5570/2496 4025/5566/2469 4034/5567/2469 4035/5571/2496
f 4015/5572/2378 4022/5573/2497 4036/5574/2497 4043/5575/2378
f 4022/5573/2497 4024/5570/2496 4035/5571/2496 4036/5574/2497
f 4017/5576/2475 4018/5577/2476 4037/5578/2476 4029/5579/2475
f 4023/5580/2474 4017/5576/2475 4029/5579/2475 4030/5581/2474
f 4018/5577/2476 4019/5582/2477 4038/5583/2477 4037/5578/2476
f 4028/5584/2471 4023/5580/2474 4030/5581/2474 4031/5585/2471
f 4019/5582/2477 4020/5556/2478 4039/5559/2478 4038/5583/2477
f 4027/5561/2472 4028/5584/2471 4031/5585/2471 4032/5562/2472
f 4043/5586/2376 4042/5587/2376 4014/5588/2376 4015/5589/2376
o AK_Sights_01_lp
v 0.532901 0.524418 0.046158
v 0.532901 0.450177 0.046158
v 0.370141 0.450177 0.046158
v 0.271526 0.450177 0.046158
v 0.271526 0.481439 0.046158
v 0.264111 0.450177 0.046158
v 0.264111 0.481439 0.046158
v 0.256696 0.450177 0.046158
v 0.256696 0.486132 0.046158
v 0.209685 0.450177 0.046158
v 0.209685 0.478039 0.046158
v 0.217779 0.486132 0.046158
v 0.211178 0.481786 0.046158
v 0.214031 0.484639 0.046158
v 0.403472 0.517223 0.046158
v 0.372924 0.493591 0.046158
v 0.407057 0.485902 0.046158
v 0.400200 0.511909 0.046158
v 0.395720 0.506914 0.046158
v 0.390524 0.502401 0.046158
v 0.384850 0.498505 0.046158
v 0.378890 0.495423 0.046158
v 0.532901 0.524418 0.035158
v 0.532901 0.450177 0.035158
v 0.370141 0.450177 0.035158
v 0.271526 0.450177 0.035158
v 0.271526 0.481439 0.035158
v 0.264111 0.450177 0.035158
v 0.264111 0.481439 0.035158
v 0.256696 0.450177 0.035158
v 0.256696 0.486132 0.035158
v 0.209685 0.450177 0.035158
v 0.209685 0.478039 0.035158
v 0.217779 0.486132 0.035158
v 0.211178 0.481786 0.035158
v 0.214031 0.484639 0.035158
v 0.403472 0.517223 0.035158
v 0.372924 0.493591 0.035158
v 0.407057 0.485902 0.035158
v 0.400200 0.511909 0.035158
v 0.395720 0.506914 0.035158
v 0.390524 0.502401 0.035158
v 0.384850 0.498505 0.035158
v 0.378890 0.495423 0.035158
v 0.410406 0.524418 0.046158
v 0.404789 0.520585 0.046158
v 0.407167 0.523132 0.046158
v 0.404789 0.520585 0.035158
v 0.410406 0.524418 0.035158
v 0.407167 0.523132 0.035158
v 0.468486 0.527645 0.046158
v 0.468486 0.527645 0.035158
v 0.461410 0.526390 0.035158
v 0.461410 0.526390 0.046158
v 0.475716 0.526390 0.046158
v 0.475716 0.526390 0.035158
v 0.480681 0.524418 0.046158
v 0.480681 0.524418 0.035158
v 0.457610 0.524418 0.035158
v 0.457610 0.524418 0.046158
v 0.461081 0.515421 0.035158
v 0.461081 0.515421 0.046158
v 0.457919 0.507788 0.046158
v 0.460242 0.502180 0.046158
v 0.460242 0.502180 0.035158
v 0.457919 0.507788 0.035158
v 0.461081 0.500154 0.035158
v 0.461081 0.500154 0.046158
v 0.479511 0.507788 0.035158
v 0.479511 0.507788 0.046158
v 0.468715 0.518583 0.035158
v 0.468715 0.518583 0.046158
v 0.468715 0.496992 0.035158
v 0.468715 0.496992 0.046158
v 0.476349 0.500154 0.035158
v 0.476349 0.500154 0.046158
v 0.476349 0.515421 0.046158
v 0.476349 0.515421 0.035158
v 0.532901 0.524418 -0.046158
v 0.532901 0.450177 -0.046158
v 0.370141 0.450177 -0.046158
v 0.271526 0.450177 -0.046158
v 0.271526 0.481439 -0.046158
v 0.264111 0.450177 -0.046158
v 0.264111 0.481439 -0.046158
v 0.256696 0.450177 -0.046158
v 0.256696 0.486132 -0.046158
v 0.209685 0.450177 -0.046158
v 0.209685 0.478039 -0.046158
v 0.217779 0.486132 -0.046158
v 0.211178 0.481786 -0.046158
v 0.214031 0.484639 -0.046158
v 0.403472 0.517223 -0.046158
v 0.372924 0.493591 -0.046158
v 0.407057 0.485902 -0.046158
v 0.400200 0.511909 -0.046158
v 0.395720 0.506914 -0.046158
v 0.390524 0.502401 -0.046158
v 0.384850 0.498505 -0.046158
v 0.378890 0.495423 -0.046158
v 0.532901 0.524418 -0.035158
v 0.532901 0.450177 -0.035158
v 0.370141 0.450177 -0.035158
v 0.271526 0.450177 -0.035158
v 0.271526 0.481439 -0.035158
v 0.264111 0.450177 -0.035158
v 0.264111 0.481439 -0.035158
v 0.256696 0.450177 -0.035158
v 0.256696 0.486132 -0.035158
v 0.209685 0.450177 -0.035158
v 0.209685 0.478039 -0.035158
v 0.217779 0.486132 -0.035158
v 0.211178 0.481786 -0.035158
v 0.214031 0.484639 -0.035158
v 0.403472 0.517223 -0.035158
v 0.372924 0.493591 -0.035158
v 0.407057 0.485902 -0.035158
v 0.400200 0.511909 -0.035158
v 0.395720 0.506914 -0.035158
v 0.390524 0.502401 -0.035158
v 0.384850 0.498505 -0.035158
v 0.378890 0.495423 -0.035158
v 0.410406 0.524418 -0.046158
v 0.404789 0.520585 -0.046158
v 0.407167 0.523132 -0.046158
v 0.404789 0.520585 -0.035158
v 0.410406 0.524418 -0.035158
v 0.407167 0.523132 -0.035158
v 0.468486 0.527645 -0.046158
v 0.468486 0.527645 -0.035158
v 0.461410 0.526390 -0.035158
v 0.461410 0.526390 -0.046158
v 0.475716 0.526390 -0.046158
v 0.475716 0.526390 -0.035158
v 0.480681 0.524418 -0.046158
v 0.480681 0.524418 -0.035158
v 0.457610 0.524418 -0.035158
v 0.457610 0.524418 -0.046158
v 0.461081 0.515421 -0.035158
v 0.461081 0.515421 -0.046158
v 0.457919 0.507788 -0.046158
v 0.460242 0.502180 -0.046158
v 0.460242 0.502180 -0.035158
v 0.457919 0.507788 -0.035158
v 0.461081 0.500154 -0.035158
v 0.461081 0.500154 -0.046158
v 0.479511 0.507788 -0.035158
v 0.479511 0.507788 -0.046158
v 0.468715 0.518583 -0.035158
v 0.468715 0.518583 -0.046158
v 0.468715 0.496992 -0.035158
v 0.468715 0.496992 -0.046158
v 0.476349 0.500154 -0.035158
v 0.476349 0.500154 -0.046158
v 0.476349 0.515421 -0.046158
v 0.476349 0.515421 -0.035158
vn -0.0000 -0.0000 1.0000
vn -0.8840 0.4675 -0.0000
vn -0.8479 0.5302 -0.0000
vn -0.0000 -0.0000 -1.0000
vn -0.0351 0.9994 -0.0000
vn -0.5499 0.8352 -0.0000
vn 0.3017 0.9534 -0.0000
vn -0.1110 0.9938 -0.0000
vn 0.1009 0.9949 -0.0000
vn 0.0160 0.9999 -0.0000
vn -0.9989 0.0472 -0.0000
vn -0.8352 0.5499 -0.0000
vn -0.0350 0.9994 -0.0000
vn -1.0000 -0.0000 -0.0000
vn -0.7993 0.6010 -0.0000
vn -0.7008 0.7133 -0.0000
vn -0.6119 0.7910 -0.0000
vn -0.5143 0.8576 -0.0000
vn -0.3809 0.9246 -0.0000
vn -0.1292 0.9916 -0.0000
vn -0.0255 0.9997 -0.0000
vn -0.5636 0.8260 -0.0000
vn 0.0345 0.9994 -0.0000
vn -0.0000 1.0000 -0.0000
vn -0.2845 0.9587 -0.0000
vn -0.0387 0.9993 -0.0000
vn -0.0387 0.9993 -0.0001
vn 0.2558 0.9667 -0.0000
vn 0.1008 0.9949 -0.0000
vn -0.0350 0.9994 -0.0001
vn -0.7992 0.6010 -0.0000
vn -0.7010 0.7132 -0.0000
vn -0.5144 0.8576 -0.0000
vn 0.7071 -0.7071 -0.0000
vn 0.9980 -0.0632 -0.0000
vn 1.0000 -0.0000 -0.0000
vn 0.9239 0.3827 -0.0000
vn 0.5222 0.8528 -0.0000
vn -0.7071 0.7071 -0.0000
vn -0.7071 -0.7071 -0.0000
vn -0.0000 -1.0000 -0.0000
vn 0.5222 0.8528 0.0001
vt 0.777002 0.348380
vt 0.783577 0.351733
vt 0.782213 0.353377
vt 0.781042 0.355163
vt 0.780124 0.357030
vt 0.779571 0.358896
vt 0.776089 0.390566
vt 0.766337 0.390661
vt 0.766036 0.359897
vt 0.788544 0.309680
vt 0.783608 0.325769
vt 0.781328 0.326723
vt 0.780387 0.329032
vt 0.781379 0.331346
vt 0.782143 0.331680
vt 0.766036 0.309614
vt 0.776112 0.392879
vt 0.766360 0.392974
vt 0.777599 0.395178
vt 0.766382 0.395288
vt 0.777718 0.407318
vt 0.777263 0.408492
vt 0.776382 0.409391
vt 0.775217 0.409868
vt 0.766526 0.409953
vt 0.908381 0.468143
vt 0.908381 0.469257
vt 0.904986 0.469257
vt 0.904986 0.468143
vt 0.701755 0.013143
vt 0.713276 0.002165
vt 0.744048 0.002450
vt 0.743957 0.012205
vt 0.712282 0.015703
vt 0.710415 0.016258
vt 0.708548 0.017178
vt 0.706762 0.018352
vt 0.705118 0.019719
vt 0.662965 0.024664
vt 0.662955 0.002165
vt 0.685027 0.018303
vt 0.684686 0.017539
vt 0.682375 0.016543
vt 0.680066 0.017479
vt 0.679103 0.019759
vt 0.746362 0.002471
vt 0.746271 0.012226
vt 0.748676 0.002493
vt 0.748572 0.013712
vt 0.883282 0.407366
vt 0.883282 0.406121
vt 0.904986 0.406121
vt 0.904986 0.407366
vt 0.786715 0.349252
vt 0.785093 0.350306
vt 0.783529 0.332233
vt 0.785860 0.331281
vt 0.786823 0.328994
vt 0.785882 0.326712
vt 0.788576 0.325413
vt 0.789166 0.326897
vt 0.789547 0.329061
vt 0.789179 0.331189
vt 0.788589 0.332337
vt 0.788894 0.347045
vt 0.788520 0.348060
vt 0.787748 0.348817
vt 0.908381 0.422088
vt 0.908381 0.424376
vt 0.904986 0.424376
vt 0.904986 0.422088
vt 0.908381 0.419379
vt 0.904986 0.419379
vt 0.908381 0.403631
vt 0.908381 0.404876
vt 0.904986 0.404876
vt 0.904986 0.403631
vt 0.908381 0.406121
vt 0.908381 0.407366
vt 0.908381 0.395031
vt 0.904986 0.395031
vt 0.908381 0.466216
vt 0.904986 0.466216
vt 0.908381 0.464145
vt 0.904986 0.464145
vt 0.908381 0.462021
vt 0.904986 0.462021
vt 0.908381 0.459896
vt 0.904986 0.459896
vt 0.908381 0.457825
vt 0.904986 0.457825
vt 0.908381 0.455899
vt 0.904986 0.455899
vt 0.702640 0.022862
vt 0.702207 0.023896
vt 0.701450 0.024670
vt 0.700435 0.025045
vt 0.685708 0.024766
vt 0.684552 0.025363
vt 0.682405 0.025736
vt 0.680224 0.025350
vt 0.678730 0.024751
vt 0.680043 0.022045
vt 0.682338 0.022993
vt 0.684643 0.022023
vt 0.685591 0.019685
vt 0.703693 0.021238
vt 0.908381 0.471408
vt 0.904986 0.471408
vt 0.904986 0.470333
vt 0.908381 0.470333
vt 0.908381 0.493433
vt 0.908381 0.509551
vt 0.904986 0.509551
vt 0.904986 0.493433
vt 0.908381 0.487300
vt 0.908381 0.489519
vt 0.904986 0.489519
vt 0.904986 0.487300
vt 0.908381 0.485979
vt 0.904986 0.485979
vt 0.908381 0.491784
vt 0.904986 0.491784
vt 0.949320 0.216463
vt 0.960285 0.227979
vt 0.959984 0.258741
vt 0.950233 0.258646
vt 0.946751 0.226979
vt 0.946198 0.225112
vt 0.945280 0.223245
vt 0.944109 0.221460
vt 0.942745 0.219815
vt 0.937779 0.177765
vt 0.960285 0.177699
vt 0.944179 0.199764
vt 0.944943 0.199430
vt 0.945935 0.197117
vt 0.944995 0.194807
vt 0.942715 0.193853
vt 0.959961 0.261054
vt 0.950210 0.260959
vt 0.959939 0.263367
vt 0.948723 0.263258
vt 0.959795 0.278032
vt 0.951104 0.277947
vt 0.949940 0.277469
vt 0.949059 0.276571
vt 0.948604 0.275397
vt 0.879887 0.468143
vt 0.883282 0.468143
vt 0.883282 0.469257
vt 0.879887 0.469257
vt 0.580305 0.666522
vt 0.573729 0.663159
vt 0.575096 0.661516
vt 0.576270 0.659730
vt 0.577190 0.657863
vt 0.577744 0.655996
vt 0.581243 0.624321
vt 0.590998 0.624231
vt 0.591283 0.655002
vt 0.568784 0.705311
vt 0.573689 0.689174
vt 0.575969 0.688211
vt 0.576905 0.685902
vt 0.575908 0.683591
vt 0.575145 0.683250
vt 0.591283 0.705321
vt 0.581222 0.622008
vt 0.590976 0.621917
vt 0.579736 0.619707
vt 0.590955 0.619603
vt 0.883282 0.419379
vt 0.939607 0.217335
vt 0.938574 0.216900
vt 0.937803 0.216143
vt 0.937429 0.215128
vt 0.937734 0.200421
vt 0.937144 0.199273
vt 0.936776 0.197145
vt 0.937156 0.194982
vt 0.937746 0.193497
vt 0.940440 0.194796
vt 0.939500 0.197078
vt 0.940463 0.199365
vt 0.942794 0.200317
vt 0.941229 0.218389
vt 0.879886 0.422088
vt 0.883282 0.422088
vt 0.883282 0.424376
vt 0.879886 0.424376
vt 0.879886 0.419379
vt 0.879886 0.403631
vt 0.883282 0.403631
vt 0.883282 0.404876
vt 0.879886 0.404876
vt 0.879886 0.406121
vt 0.879886 0.407366
vt 0.879886 0.395031
vt 0.883282 0.395031
vt 0.879887 0.466216
vt 0.883282 0.466216
vt 0.879887 0.464145
vt 0.883282 0.464145
vt 0.879887 0.462021
vt 0.883282 0.462021
vt 0.879886 0.459896
vt 0.883282 0.459896
vt 0.879886 0.457825
vt 0.883282 0.457825
vt 0.879886 0.455899
vt 0.883282 0.455899
vt 0.570586 0.665637
vt 0.572210 0.664585
vt 0.573763 0.682686
vt 0.571425 0.683634
vt 0.570456 0.685939
vt 0.571403 0.688234
vt 0.568697 0.689547
vt 0.568098 0.688053
vt 0.567713 0.685872
vt 0.568085 0.683725
vt 0.568683 0.682569
vt 0.568403 0.667843
vt 0.568779 0.666828
vt 0.569552 0.666071
vt 0.879887 0.471408
vt 0.879887 0.470333
vt 0.883282 0.470333
vt 0.883282 0.471408
vt 0.879887 0.493432
vt 0.883282 0.493432
vt 0.883282 0.509551
vt 0.879886 0.509551
vt 0.879887 0.487300
vt 0.883282 0.487300
vt 0.883282 0.489518
vt 0.879887 0.489518
vt 0.879887 0.485979
vt 0.883282 0.485979
vt 0.883282 0.491784
vt 0.879887 0.491783
vt 0.104034 0.018380
vt 0.106582 0.018380
vt 0.106582 0.021773
vt 0.104034 0.021773
vt 0.526075 0.559025
vt 0.526075 0.570119
vt 0.504380 0.570119
vt 0.504380 0.559025
vt 0.108455 0.018380
vt 0.108455 0.021773
vt 0.109131 0.018380
vt 0.109131 0.021773
vt 0.111680 0.018380
vt 0.111680 0.021773
vt 0.114229 0.018380
vt 0.114229 0.021773
vt 0.093838 0.018380
vt 0.096387 0.018380
vt 0.096387 0.021773
vt 0.093838 0.021773
vt 0.324240 0.004713
vt 0.324240 0.002164
vt 0.327634 0.002164
vt 0.327634 0.004713
vt 0.098936 0.018380
vt 0.098936 0.021773
vt 0.101484 0.018380
vt 0.101484 0.021773
vt 0.324240 0.022556
vt 0.324240 0.020007
vt 0.327634 0.020007
vt 0.327634 0.022556
vt 0.324240 0.017458
vt 0.327634 0.017458
vt 0.324240 0.016782
vt 0.327634 0.016782
vt 0.324240 0.014909
vt 0.327634 0.014909
vt 0.324240 0.012360
vt 0.327634 0.012360
vt 0.324240 0.009811
vt 0.327634 0.009811
vt 0.324240 0.007262
vt 0.327634 0.007262
vt 0.574350 0.375208
vt 0.577744 0.375208
vt 0.599440 0.375208
vt 0.602834 0.375208
vt 0.602834 0.389713
vt 0.574350 0.389713
s 1
usemtl Material.001
f 4060/5590/2498 4062/5591/2498 4063/5592/2498 4064/5593/2498 4065/5594/2498 4059/5595/2498 4048/5596/2498 4047/5597/2498 4046/5598/2498
f 4044/5599/2498 4113/5600/2498 4119/5601/2498 4117/5602/2498 4111/5603/2498 4107/5604/2498 4060/5590/2498 4046/5598/2498 4045/5605/2498
f 4048/5596/2498 4050/5606/2498 4049/5607/2498 4047/5597/2498
f 4050/5606/2498 4052/5608/2498 4051/5609/2498 4049/5607/2498
f 4052/5608/2498 4055/5610/2498 4057/5611/2498 4056/5612/2498 4054/5613/2498 4053/5614/2498 4051/5609/2498
f 4058/5615/2499 4089/5616/2500 4091/5617/2500 4080/5618/2499
f 4082/5619/2501 4068/5620/2501 4069/5621/2501 4070/5622/2501 4081/5623/2501 4087/5624/2501 4086/5625/2501 4085/5626/2501 4084/5627/2501
f 4066/5628/2501 4067/5629/2501 4068/5620/2501 4082/5619/2501 4108/5630/2501 4110/5631/2501 4116/5632/2501 4118/5633/2501 4112/5634/2501
f 4070/5622/2501 4069/5621/2501 4071/5635/2501 4072/5636/2501
f 4072/5636/2501 4071/5635/2501 4073/5637/2501 4074/5638/2501
f 4155/5639/2502 4157/5640/2503 4079/5641/2503 4077/5642/2502
f 4058/5643/2498 4061/5644/2498 4062/5591/2498 4060/5590/2498 4107/5604/2498 4106/5645/2498 4105/5646/2498 4115/5647/2498 4120/5648/2498 4113/5600/2498 4044/5599/2498 4100/5649/2498 4098/5650/2498 4094/5651/2498 4097/5652/2498 4103/5653/2498 4088/5654/2498 4090/5655/2498 4089/5656/2498
f 4050/5657/2504 4048/5658/2505 4070/5659/2505 4072/5660/2504
f 4052/5661/2506 4050/5657/2504 4072/5660/2504 4074/5662/2507
f 4054/5663/2508 4056/5664/2509 4078/5665/2509 4076/5666/2508
f 4056/5664/2509 4057/5667/2503 4079/5641/2503 4078/5665/2509
f 4057/5667/2503 4055/5668/2510 4077/5642/2502 4079/5641/2503
f 4055/5668/2510 4052/5661/2506 4074/5662/2507 4077/5642/2502
f 4053/5669/2511 4054/5663/2508 4076/5666/2508 4075/5670/2511
f 4061/5671/2512 4058/5615/2499 4080/5618/2499 4083/5672/2512
f 4062/5673/2513 4061/5671/2512 4083/5672/2512 4084/5674/2513
f 4063/5675/2514 4062/5673/2513 4084/5674/2513 4085/5676/2514
f 4064/5677/2515 4063/5675/2514 4085/5676/2514 4086/5678/2515
f 4065/5679/2516 4064/5677/2515 4086/5678/2515 4087/5680/2516
f 4059/5681/2517 4065/5679/2516 4087/5680/2516 4081/5682/2517
f 4048/5658/2505 4059/5681/2517 4081/5682/2517 4070/5659/2505
f 4080/5683/2501 4091/5684/2501 4093/5685/2501 4092/5686/2501 4102/5687/2501 4096/5688/2501 4095/5689/2501 4099/5690/2501 4101/5691/2501 4066/5628/2501 4112/5634/2501 4121/5692/2501 4114/5693/2501 4104/5694/2501 4109/5695/2501 4108/5630/2501 4082/5619/2501 4084/5627/2501 4083/5696/2501
f 4088/5697/2518 4092/5698/2518 4093/5699/2519 4090/5700/2519
f 4090/5700/2519 4093/5699/2519 4091/5617/2500 4089/5616/2500
f 4100/5701/2520 4044/5702/2521 4066/5703/2521 4101/5704/2520
f 4097/5705/2522 4094/5706/2521 4095/5707/2521 4096/5708/2522
f 4103/5709/2523 4097/5705/2522 4096/5708/2522 4102/5710/2524
f 4094/5706/2521 4098/5711/2525 4099/5712/2525 4095/5707/2521
f 4098/5711/2525 4100/5701/2520 4101/5704/2520 4099/5712/2525
f 4088/5697/2518 4103/5709/2523 4102/5710/2524 4092/5698/2518
f 4138/5713/2501 4124/5714/2501 4125/5715/2501 4126/5716/2501 4137/5717/2501 4143/5718/2501 4142/5719/2501 4141/5720/2501 4140/5721/2501
f 4122/5722/2501 4123/5723/2501 4124/5714/2501 4138/5713/2501 4185/5724/2501 4189/5725/2501 4195/5726/2501 4197/5727/2501 4191/5728/2501
f 4126/5716/2501 4125/5715/2501 4127/5729/2501 4128/5730/2501
f 4128/5730/2501 4127/5729/2501 4129/5731/2501 4130/5732/2501
f 4130/5732/2501 4129/5731/2501 4131/5733/2501 4132/5734/2501 4134/5735/2501 4135/5736/2501 4133/5737/2501
f 4136/5738/2499 4158/5739/2499 4169/5740/2500 4167/5741/2500
f 4160/5742/2498 4162/5743/2498 4163/5744/2498 4164/5745/2498 4165/5746/2498 4159/5747/2498 4148/5748/2498 4147/5749/2498 4146/5750/2498
f 4144/5751/2498 4190/5752/2498 4196/5753/2498 4194/5754/2498 4188/5755/2498 4186/5756/2498 4160/5742/2498 4146/5750/2498 4145/5757/2498
f 4148/5748/2498 4150/5758/2498 4149/5759/2498 4147/5749/2498
f 4150/5758/2498 4152/5760/2498 4151/5761/2498 4149/5759/2498
f 4152/5762/2507 4155/5639/2502 4077/5642/2502 4074/5662/2507
f 4136/5763/2501 4167/5764/2501 4168/5765/2501 4166/5766/2501 4181/5767/2501 4175/5768/2501 4172/5769/2501 4176/5770/2501 4178/5771/2501 4122/5722/2501 4191/5728/2501 4198/5772/2501 4193/5773/2501 4183/5774/2501 4184/5775/2501 4185/5724/2501 4138/5713/2501 4140/5721/2501 4139/5776/2501
f 4128/5777/2504 4150/5778/2504 4148/5779/2505 4126/5780/2505
f 4130/5781/2526 4152/5762/2507 4150/5778/2504 4128/5777/2504
f 4132/5782/2508 4154/5783/2508 4156/5784/2509 4134/5785/2509
f 4134/5785/2509 4156/5784/2509 4157/5640/2503 4135/5786/2503
f 4135/5786/2503 4157/5640/2503 4155/5639/2502 4133/5787/2527
f 4133/5787/2527 4155/5639/2502 4152/5762/2507 4130/5781/2526
f 4131/5788/2511 4153/5789/2511 4154/5783/2508 4132/5782/2508
f 4139/5790/2528 4161/5791/2528 4158/5739/2499 4136/5738/2499
f 4140/5792/2529 4162/5793/2529 4161/5791/2528 4139/5790/2528
f 4141/5794/2514 4163/5795/2514 4162/5793/2529 4140/5792/2529
f 4142/5796/2530 4164/5797/2530 4163/5795/2514 4141/5794/2514
f 4143/5798/2516 4165/5799/2516 4164/5797/2530 4142/5796/2530
f 4137/5800/2517 4159/5801/2517 4165/5799/2516 4143/5798/2516
f 4126/5780/2505 4148/5779/2505 4159/5801/2517 4137/5800/2517
f 4158/5802/2498 4161/5803/2498 4162/5743/2498 4160/5742/2498 4186/5756/2498 4187/5804/2498 4182/5805/2498 4192/5806/2498 4199/5807/2498 4190/5752/2498 4144/5751/2498 4179/5808/2498 4177/5809/2498 4173/5810/2498 4174/5811/2498 4180/5812/2498 4170/5813/2498 4171/5814/2498 4169/5815/2498
f 4166/5816/2518 4168/5817/2519 4171/5818/2519 4170/5819/2518
f 4168/5817/2519 4167/5741/2500 4169/5740/2500 4171/5818/2519
f 4178/5820/2520 4179/5821/2520 4144/5822/2521 4122/5823/2521
f 4175/5824/2522 4174/5825/2522 4173/5826/2521 4172/5827/2521
f 4181/5828/2524 4180/5829/2523 4174/5825/2522 4175/5824/2522
f 4172/5827/2521 4173/5826/2521 4177/5830/2525 4176/5831/2525
f 4176/5831/2525 4177/5830/2525 4179/5821/2520 4178/5820/2520
f 4166/5816/2518 4170/5819/2518 4180/5829/2523 4181/5828/2524
f 4157/5640/2503 4156/5784/2509 4078/5665/2509 4079/5641/2503
f 4156/5784/2509 4154/5783/2508 4076/5666/2508 4078/5665/2509
f 4154/5783/2508 4153/5789/2511 4075/5670/2511 4076/5666/2508
f 4105/5832/2531 4106/5833/2532 4109/5834/2532 4104/5835/2531
f 4151/5836/2533 4152/5837/2533 4074/5838/2533 4073/5839/2533
f 4106/5833/2532 4107/5840/2534 4108/5841/2534 4109/5834/2532
f 4107/5840/2534 4111/5842/2535 4110/5843/2535 4108/5841/2534
f 4111/5842/2535 4117/5844/2521 4116/5845/2521 4110/5843/2535
f 4117/5844/2521 4119/5846/2536 4118/5847/2536 4116/5845/2521
f 4119/5848/2536 4113/5849/2511 4112/5850/2511 4118/5851/2536
f 4191/5852/2511 4197/5853/2536 4196/5854/2536 4190/5855/2511
f 4113/5849/2511 4120/5856/2537 4121/5857/2537 4112/5850/2511
f 4120/5856/2537 4115/5858/2538 4114/5859/2538 4121/5857/2537
f 4115/5858/2538 4105/5832/2531 4104/5835/2531 4114/5859/2538
f 4197/5860/2536 4195/5861/2521 4194/5862/2521 4196/5863/2536
f 4195/5861/2521 4189/5864/2535 4188/5865/2539 4194/5862/2521
f 4189/5864/2535 4185/5866/2534 4186/5867/2534 4188/5865/2539
f 4185/5866/2534 4184/5868/2532 4187/5869/2532 4186/5867/2534
f 4184/5868/2532 4183/5870/2531 4182/5871/2531 4187/5869/2532
f 4183/5870/2531 4193/5872/2538 4192/5873/2538 4182/5871/2531
f 4193/5872/2538 4198/5874/2537 4199/5875/2537 4192/5873/2538
f 4198/5874/2537 4191/5852/2511 4190/5855/2511 4199/5875/2537
f 4053/5876/2538 4075/5877/2538 4153/5878/2538 4131/5879/2538 4129/5880/2538 4051/5881/2538
o AK_Sights_02_lp
v 0.248663 0.529575 0.045196
v 0.248663 0.536292 0.076691
v 0.256109 0.528094 0.045196
v 0.258680 0.534300 0.076691
v 0.262422 0.523876 0.045196
v 0.267172 0.528626 0.076691
v 0.266640 0.517563 0.045196
v 0.272846 0.520134 0.076691
v 0.268121 0.510117 0.045196
v 0.274838 0.510117 0.076691
v 0.266640 0.502671 0.045196
v 0.272846 0.500100 0.076691
v 0.262422 0.496358 0.045196
v 0.267172 0.491609 0.076691
v 0.256109 0.492141 0.045196
v 0.258680 0.485934 0.076691
v 0.248663 0.490659 0.045196
v 0.248663 0.483942 0.076691
v 0.241217 0.492141 0.045196
v 0.238646 0.485934 0.076691
v 0.234904 0.496358 0.045196
v 0.230154 0.491608 0.076691
v 0.230686 0.502671 0.045196
v 0.224480 0.500100 0.076691
v 0.229205 0.510117 0.045196
v 0.222488 0.510117 0.076691
v 0.230686 0.517563 0.045196
v 0.224480 0.520134 0.076691
v 0.234904 0.523876 0.045196
v 0.230154 0.528626 0.076691
v 0.241217 0.528094 0.045196
v 0.238646 0.534300 0.076691
v 0.248663 0.536292 0.045196
v 0.258680 0.534300 0.045196
v 0.267172 0.528626 0.045196
v 0.272846 0.520134 0.045196
v 0.274838 0.510117 0.045196
v 0.272846 0.500100 0.045196
v 0.267172 0.491608 0.045196
v 0.258680 0.485934 0.045196
v 0.248663 0.483942 0.045196
v 0.238646 0.485934 0.045196
v 0.230154 0.491608 0.045196
v 0.224480 0.500100 0.045196
v 0.222488 0.510117 0.045196
v 0.224480 0.520134 0.045196
v 0.230154 0.528626 0.045196
v 0.238646 0.534300 0.045196
v 0.248663 0.529575 0.033431
v 0.256109 0.528094 0.033431
v 0.262422 0.523876 0.033431
v 0.266640 0.517563 0.033431
v 0.268121 0.510117 0.033431
v 0.266640 0.502671 0.033431
v 0.262422 0.496358 0.033431
v 0.256109 0.492141 0.033431
v 0.248663 0.490659 0.033431
v 0.241217 0.492141 0.033431
v 0.234904 0.496358 0.033431
v 0.230686 0.502671 0.033431
v 0.229205 0.510117 0.033431
v 0.230686 0.517563 0.033431
v 0.234904 0.523876 0.033431
v 0.241217 0.528094 0.033431
v 0.248663 0.529575 -0.045196
v 0.248663 0.536292 -0.076691
v 0.256109 0.528094 -0.045196
v 0.258680 0.534300 -0.076691
v 0.262422 0.523876 -0.045196
v 0.267172 0.528626 -0.076691
v 0.266640 0.517563 -0.045196
v 0.272846 0.520134 -0.076691
v 0.268121 0.510117 -0.045196
v 0.274838 0.510117 -0.076691
v 0.266640 0.502671 -0.045196
v 0.272846 0.500100 -0.076691
v 0.262422 0.496358 -0.045196
v 0.267172 0.491608 -0.076691
v 0.256109 0.492141 -0.045196
v 0.258680 0.485934 -0.076691
v 0.248663 0.490659 -0.045196
v 0.248663 0.483942 -0.076691
v 0.241217 0.492141 -0.045196
v 0.238646 0.485934 -0.076691
v 0.234904 0.496358 -0.045196
v 0.230154 0.491608 -0.076691
v 0.230686 0.502671 -0.045196
v 0.224480 0.500100 -0.076691
v 0.229205 0.510117 -0.045196
v 0.222488 0.510117 -0.076691
v 0.230686 0.517563 -0.045196
v 0.224480 0.520134 -0.076691
v 0.234904 0.523876 -0.045196
v 0.230154 0.528626 -0.076691
v 0.241217 0.528094 -0.045196
v 0.238646 0.534300 -0.076691
v 0.248663 0.536292 -0.045196
v 0.258680 0.534300 -0.045196
v 0.267172 0.528626 -0.045196
v 0.272846 0.520134 -0.045196
v 0.274838 0.510117 -0.045196
v 0.272846 0.500100 -0.045196
v 0.267172 0.491608 -0.045196
v 0.258680 0.485934 -0.045196
v 0.248663 0.483942 -0.045196
v 0.238646 0.485934 -0.045196
v 0.230154 0.491608 -0.045196
v 0.224480 0.500100 -0.045196
v 0.222488 0.510117 -0.045196
v 0.224480 0.520134 -0.045196
v 0.230154 0.528626 -0.045196
v 0.238646 0.534300 -0.045196
v 0.248663 0.529575 -0.033431
v 0.256109 0.528094 -0.033431
v 0.262422 0.523876 -0.033431
v 0.266640 0.517563 -0.033431
v 0.268121 0.510117 -0.033431
v 0.266640 0.502671 -0.033431
v 0.262422 0.496358 -0.033431
v 0.256109 0.492141 -0.033431
v 0.248663 0.490659 -0.033431
v 0.241217 0.492141 -0.033431
v 0.234904 0.496358 -0.033431
v 0.230686 0.502671 -0.033431
v 0.229205 0.510117 -0.033431
v 0.230686 0.517563 -0.033431
v 0.234904 0.523876 -0.033431
v 0.241217 0.528094 -0.033431
vn -0.0000 1.0000 -0.0000
vn 0.3827 0.9239 -0.0000
vn 0.7071 0.7071 -0.0000
vn 0.9239 0.3827 -0.0000
vn 1.0000 -0.0000 -0.0000
vn 0.9239 -0.3827 -0.0000
vn 0.7071 -0.7071 -0.0000
vn 0.3827 -0.9239 -0.0000
vn -0.0000 -1.0000 -0.0000
vn -0.3827 -0.9239 -0.0000
vn -0.7071 -0.7071 -0.0000
vn -0.9239 -0.3827 -0.0000
vn -1.0000 -0.0000 -0.0000
vn -0.9239 0.3827 -0.0000
vn -0.7071 0.7071 -0.0000
vn -0.0000 -0.0000 1.0000
vn -0.3827 0.9239 -0.0000
vn -0.0000 -0.0000 -1.0000
vt 0.977916 0.146676
vt 0.987635 0.146676
vt 0.987635 0.149827
vt 0.977916 0.149827
vt 0.987635 0.152979
vt 0.977916 0.152979
vt 0.987635 0.156130
vt 0.977916 0.156130
vt 0.987635 0.159282
vt 0.977916 0.159282
vt 0.987635 0.162433
vt 0.977916 0.162433
vt 0.987635 0.165585
vt 0.977916 0.165585
vt 0.987635 0.168737
vt 0.977916 0.168737
vt 0.987635 0.171888
vt 0.977916 0.171888
vt 0.977916 0.121464
vt 0.987635 0.121464
vt 0.987635 0.124615
vt 0.977916 0.124615
vt 0.987635 0.127767
vt 0.977916 0.127767
vt 0.987635 0.130918
vt 0.977916 0.130918
vt 0.987635 0.134070
vt 0.977916 0.134070
vt 0.987635 0.137221
vt 0.977916 0.137221
vt 0.987635 0.140373
vt 0.977916 0.140373
vt 0.982252 0.595978
vt 0.984480 0.593750
vt 0.987391 0.592544
vt 0.990542 0.592544
vt 0.993453 0.593750
vt 0.995681 0.595978
vt 0.996887 0.598890
vt 0.996888 0.602041
vt 0.995681 0.604952
vt 0.993453 0.607180
vt 0.990542 0.608386
vt 0.987391 0.608386
vt 0.984480 0.607180
vt 0.982252 0.604952
vt 0.981046 0.602041
vt 0.981046 0.598890
vt 0.987635 0.143524
vt 0.977916 0.143524
vt 0.919291 0.908295
vt 0.919291 0.910640
vt 0.915656 0.910640
vt 0.915656 0.908295
vt 0.824455 0.400337
vt 0.823559 0.398172
vt 0.825282 0.397021
vt 0.826488 0.399932
vt 0.824455 0.402680
vt 0.826488 0.403084
vt 0.823558 0.404844
vt 0.825282 0.405996
vt 0.821902 0.406501
vt 0.823053 0.408224
vt 0.819737 0.407397
vt 0.820142 0.409430
vt 0.817394 0.407397
vt 0.816990 0.409430
vt 0.815230 0.406501
vt 0.814078 0.408224
vt 0.813573 0.404844
vt 0.811850 0.405996
vt 0.812677 0.402679
vt 0.810644 0.403084
vt 0.812677 0.400337
vt 0.810644 0.399932
vt 0.813573 0.398172
vt 0.811850 0.397021
vt 0.815230 0.396516
vt 0.814079 0.394792
vt 0.817395 0.395619
vt 0.816990 0.393586
vt 0.819737 0.395619
vt 0.820142 0.393586
vt 0.821902 0.396516
vt 0.823054 0.394792
vt 0.890156 0.488555
vt 0.892320 0.487658
vt 0.894663 0.487658
vt 0.896828 0.488555
vt 0.898485 0.490212
vt 0.899382 0.492376
vt 0.899382 0.494720
vt 0.898485 0.496884
vt 0.896828 0.498541
vt 0.894663 0.499438
vt 0.892320 0.499438
vt 0.890156 0.498541
vt 0.888499 0.496884
vt 0.887602 0.494719
vt 0.887602 0.492376
vt 0.888499 0.490212
vt 0.919291 0.929402
vt 0.919291 0.931747
vt 0.915656 0.931747
vt 0.915656 0.929402
vt 0.919291 0.912986
vt 0.919291 0.915331
vt 0.915656 0.915331
vt 0.915656 0.912986
vt 0.919291 0.894224
vt 0.919291 0.896569
vt 0.915656 0.896569
vt 0.915656 0.894224
vt 0.919291 0.917676
vt 0.915656 0.917676
vt 0.919291 0.898914
vt 0.915656 0.898914
vt 0.919291 0.920021
vt 0.915656 0.920021
vt 0.919291 0.901260
vt 0.915656 0.901260
vt 0.919291 0.922366
vt 0.915656 0.922366
vt 0.919291 0.903605
vt 0.915656 0.903605
vt 0.919291 0.924712
vt 0.915656 0.924712
vt 0.919291 0.905950
vt 0.915656 0.905950
vt 0.919291 0.927057
vt 0.915656 0.927057
vt 0.977686 0.091890
vt 0.977686 0.088738
vt 0.987405 0.088738
vt 0.987405 0.091890
vt 0.977686 0.085587
vt 0.987405 0.085587
vt 0.977686 0.082436
vt 0.987405 0.082436
vt 0.977686 0.079284
vt 0.987405 0.079284
vt 0.977686 0.076133
vt 0.987405 0.076133
vt 0.977686 0.072982
vt 0.987404 0.072982
vt 0.977686 0.069830
vt 0.987404 0.069830
vt 0.977686 0.066679
vt 0.987404 0.066679
vt 0.977686 0.117101
vt 0.977686 0.113949
vt 0.987405 0.113949
vt 0.987405 0.117101
vt 0.977686 0.110798
vt 0.987405 0.110798
vt 0.977686 0.107647
vt 0.987405 0.107647
vt 0.977686 0.104495
vt 0.987405 0.104495
vt 0.977686 0.101344
vt 0.987405 0.101344
vt 0.977686 0.098192
vt 0.987405 0.098192
vt 0.826505 0.811547
vt 0.826505 0.814699
vt 0.825299 0.817610
vt 0.823070 0.819839
vt 0.820158 0.821045
vt 0.817007 0.821045
vt 0.814095 0.819839
vt 0.811867 0.817610
vt 0.810661 0.814699
vt 0.810661 0.811547
vt 0.811867 0.808635
vt 0.814096 0.806407
vt 0.817007 0.805201
vt 0.820159 0.805201
vt 0.823070 0.806407
vt 0.825299 0.808636
vt 0.977686 0.095041
vt 0.987405 0.095041
vt 0.187064 0.907946
vt 0.187064 0.904312
vt 0.189408 0.904312
vt 0.189408 0.907946
vt 0.824362 0.829979
vt 0.826085 0.828828
vt 0.827290 0.831740
vt 0.825257 0.832144
vt 0.822706 0.828322
vt 0.823858 0.826599
vt 0.820542 0.827424
vt 0.820948 0.825391
vt 0.818200 0.827423
vt 0.817797 0.825390
vt 0.816035 0.828318
vt 0.814885 0.826594
vt 0.814378 0.829973
vt 0.812655 0.828821
vt 0.813480 0.832137
vt 0.811448 0.831732
vt 0.813479 0.834480
vt 0.811446 0.834883
vt 0.814374 0.836644
vt 0.812650 0.837795
vt 0.816030 0.838302
vt 0.814877 0.840024
vt 0.818193 0.839199
vt 0.817788 0.841232
vt 0.820536 0.839200
vt 0.820939 0.841233
vt 0.822701 0.838305
vt 0.823851 0.840029
vt 0.824358 0.836650
vt 0.826081 0.837802
vt 0.825255 0.834486
vt 0.827288 0.834892
vt 0.598183 0.352327
vt 0.600345 0.351425
vt 0.602688 0.351419
vt 0.604854 0.352309
vt 0.606516 0.353961
vt 0.607418 0.356124
vt 0.607424 0.358466
vt 0.606533 0.360633
vt 0.604881 0.362294
vt 0.602719 0.363197
vt 0.600376 0.363203
vt 0.598209 0.362312
vt 0.596548 0.360660
vt 0.595646 0.358498
vt 0.595640 0.356155
vt 0.596530 0.353988
vt 0.208168 0.907946
vt 0.208168 0.904312
vt 0.210513 0.904312
vt 0.210513 0.907946
vt 0.191753 0.907946
vt 0.191753 0.904312
vt 0.194098 0.904312
vt 0.194098 0.907946
vt 0.172994 0.907946
vt 0.172994 0.904312
vt 0.175339 0.904312
vt 0.175339 0.907946
vt 0.196443 0.904312
vt 0.196443 0.907946
vt 0.177684 0.904312
vt 0.177684 0.907946
vt 0.198788 0.904312
vt 0.198788 0.907946
vt 0.180029 0.904312
vt 0.180029 0.907946
vt 0.201133 0.904312
vt 0.201133 0.907946
vt 0.182374 0.904312
vt 0.182374 0.907946
vt 0.203478 0.904312
vt 0.203478 0.907946
vt 0.184719 0.904312
vt 0.184719 0.907946
vt 0.205823 0.904312
vt 0.205823 0.907946
s 1
usemtl Material.001
f 4232/5882/2540 4201/5883/2540 4203/5884/2541 4233/5885/2541
f 4233/5885/2541 4203/5884/2541 4205/5886/2542 4234/5887/2542
f 4234/5887/2542 4205/5886/2542 4207/5888/2543 4235/5889/2543
f 4235/5889/2543 4207/5888/2543 4209/5890/2544 4236/5891/2544
f 4236/5891/2544 4209/5890/2544 4211/5892/2545 4237/5893/2545
f 4237/5893/2545 4211/5892/2545 4213/5894/2546 4238/5895/2546
f 4238/5895/2546 4213/5894/2546 4215/5896/2547 4239/5897/2547
f 4239/5897/2547 4215/5896/2547 4217/5898/2548 4240/5899/2548
f 4240/5900/2548 4217/5901/2548 4219/5902/2549 4241/5903/2549
f 4241/5903/2549 4219/5902/2549 4221/5904/2550 4242/5905/2550
f 4242/5905/2550 4221/5904/2550 4223/5906/2551 4243/5907/2551
f 4243/5907/2551 4223/5906/2551 4225/5908/2552 4244/5909/2552
f 4244/5909/2552 4225/5908/2552 4227/5910/2553 4245/5911/2553
f 4245/5911/2553 4227/5910/2553 4229/5912/2554 4246/5913/2554
f 4203/5914/2555 4201/5915/2555 4231/5916/2555 4229/5917/2555 4227/5918/2555 4225/5919/2555 4223/5920/2555 4221/5921/2555 4219/5922/2555 4217/5923/2555 4215/5924/2555 4213/5925/2555 4211/5926/2555 4209/5927/2555 4207/5928/2555 4205/5929/2555
f 4246/5913/2554 4229/5912/2554 4231/5930/2556 4247/5931/2556
f 4247/5931/2556 4231/5930/2556 4201/5883/2540 4232/5882/2540
f 4228/5932/2554 4230/5933/2556 4263/5934/2556 4262/5935/2554
f 4202/5936/2557 4200/5937/2557 4232/5938/2557 4233/5939/2557
f 4204/5940/2557 4202/5936/2557 4233/5939/2557 4234/5941/2557
f 4206/5942/2557 4204/5940/2557 4234/5941/2557 4235/5943/2557
f 4208/5944/2557 4206/5942/2557 4235/5943/2557 4236/5945/2557
f 4210/5946/2557 4208/5944/2557 4236/5945/2557 4237/5947/2557
f 4212/5948/2557 4210/5946/2557 4237/5947/2557 4238/5949/2557
f 4214/5950/2557 4212/5948/2557 4238/5949/2557 4239/5951/2557
f 4216/5952/2557 4214/5950/2557 4239/5951/2557 4240/5953/2557
f 4218/5954/2557 4216/5952/2557 4240/5953/2557 4241/5955/2557
f 4220/5956/2557 4218/5954/2557 4241/5955/2557 4242/5957/2557
f 4222/5958/2557 4220/5956/2557 4242/5957/2557 4243/5959/2557
f 4224/5960/2557 4222/5958/2557 4243/5959/2557 4244/5961/2557
f 4226/5962/2557 4224/5960/2557 4244/5961/2557 4245/5963/2557
f 4228/5964/2557 4226/5962/2557 4245/5963/2557 4246/5965/2557
f 4230/5966/2557 4228/5964/2557 4246/5965/2557 4247/5967/2557
f 4200/5937/2557 4230/5966/2557 4247/5967/2557 4232/5938/2557
f 4248/5968/2557 4249/5969/2557 4250/5970/2557 4251/5971/2557 4252/5972/2557 4253/5973/2557 4254/5974/2557 4255/5975/2557 4256/5976/2557 4257/5977/2557 4258/5978/2557 4259/5979/2557 4260/5980/2557 4261/5981/2557 4262/5982/2557 4263/5983/2557
f 4214/5984/2547 4216/5985/2548 4256/5986/2548 4255/5987/2547
f 4200/5988/2540 4202/5989/2541 4249/5990/2541 4248/5991/2540
f 4230/5933/2556 4200/5988/2540 4248/5991/2540 4263/5934/2556
f 4216/5992/2548 4218/5993/2549 4257/5994/2549 4256/5995/2548
f 4202/5989/2541 4204/5996/2542 4250/5997/2542 4249/5990/2541
f 4218/5993/2549 4220/5998/2550 4258/5999/2550 4257/5994/2549
f 4204/5996/2542 4206/6000/2543 4251/6001/2543 4250/5997/2542
f 4220/5998/2550 4222/6002/2551 4259/6003/2551 4258/5999/2550
f 4206/6000/2543 4208/6004/2544 4252/6005/2544 4251/6001/2543
f 4222/6002/2551 4224/6006/2552 4260/6007/2552 4259/6003/2551
f 4208/6004/2544 4210/6008/2545 4253/6009/2545 4252/6005/2544
f 4224/6006/2552 4226/6010/2553 4261/6011/2553 4260/6007/2552
f 4210/6008/2545 4212/6012/2546 4254/6013/2546 4253/6009/2545
f 4226/6010/2553 4228/5932/2554 4262/5935/2554 4261/6011/2553
f 4212/6012/2546 4214/5984/2547 4255/5987/2547 4254/6013/2546
f 4296/6014/2540 4297/6015/2541 4267/6016/2541 4265/6017/2540
f 4297/6015/2541 4298/6018/2542 4269/6019/2542 4267/6016/2541
f 4298/6018/2542 4299/6020/2543 4271/6021/2543 4269/6019/2542
f 4299/6020/2543 4300/6022/2544 4273/6023/2544 4271/6021/2543
f 4300/6022/2544 4301/6024/2545 4275/6025/2545 4273/6023/2544
f 4301/6024/2545 4302/6026/2546 4277/6027/2546 4275/6025/2545
f 4302/6026/2546 4303/6028/2547 4279/6029/2547 4277/6027/2546
f 4303/6028/2547 4304/6030/2548 4281/6031/2548 4279/6029/2547
f 4304/6032/2548 4305/6033/2549 4283/6034/2549 4281/6035/2548
f 4305/6033/2549 4306/6036/2550 4285/6037/2550 4283/6034/2549
f 4306/6036/2550 4307/6038/2551 4287/6039/2551 4285/6037/2550
f 4307/6038/2551 4308/6040/2552 4289/6041/2552 4287/6039/2551
f 4308/6040/2552 4309/6042/2553 4291/6043/2553 4289/6041/2552
f 4309/6042/2553 4310/6044/2554 4293/6045/2554 4291/6043/2553
f 4267/6046/2557 4269/6047/2557 4271/6048/2557 4273/6049/2557 4275/6050/2557 4277/6051/2557 4279/6052/2557 4281/6053/2557 4283/6054/2557 4285/6055/2557 4287/6056/2557 4289/6057/2557 4291/6058/2557 4293/6059/2557 4295/6060/2557 4265/6061/2557
f 4310/6044/2554 4311/6062/2556 4295/6063/2556 4293/6045/2554
f 4311/6062/2556 4296/6014/2540 4265/6017/2540 4295/6063/2556
f 4292/6064/2554 4326/6065/2554 4327/6066/2556 4294/6067/2556
f 4266/6068/2555 4297/6069/2555 4296/6070/2555 4264/6071/2555
f 4268/6072/2555 4298/6073/2555 4297/6069/2555 4266/6068/2555
f 4270/6074/2555 4299/6075/2555 4298/6073/2555 4268/6072/2555
f 4272/6076/2555 4300/6077/2555 4299/6075/2555 4270/6074/2555
f 4274/6078/2555 4301/6079/2555 4300/6077/2555 4272/6076/2555
f 4276/6080/2555 4302/6081/2555 4301/6079/2555 4274/6078/2555
f 4278/6082/2555 4303/6083/2555 4302/6081/2555 4276/6080/2555
f 4280/6084/2555 4304/6085/2555 4303/6083/2555 4278/6082/2555
f 4282/6086/2555 4305/6087/2555 4304/6085/2555 4280/6084/2555
f 4284/6088/2555 4306/6089/2555 4305/6087/2555 4282/6086/2555
f 4286/6090/2555 4307/6091/2555 4306/6089/2555 4284/6088/2555
f 4288/6092/2555 4308/6093/2555 4307/6091/2555 4286/6090/2555
f 4290/6094/2555 4309/6095/2555 4308/6093/2555 4288/6092/2555
f 4292/6096/2555 4310/6097/2555 4309/6095/2555 4290/6094/2555
f 4294/6098/2555 4311/6099/2555 4310/6097/2555 4292/6096/2555
f 4264/6071/2555 4296/6070/2555 4311/6099/2555 4294/6098/2555
f 4312/6100/2555 4327/6101/2555 4326/6102/2555 4325/6103/2555 4324/6104/2555 4323/6105/2555 4322/6106/2555 4321/6107/2555 4320/6108/2555 4319/6109/2555 4318/6110/2555 4317/6111/2555 4316/6112/2555 4315/6113/2555 4314/6114/2555 4313/6115/2555
f 4278/6116/2547 4319/6117/2547 4320/6118/2548 4280/6119/2548
f 4264/6120/2540 4312/6121/2540 4313/6122/2541 4266/6123/2541
f 4294/6067/2556 4327/6066/2556 4312/6121/2540 4264/6120/2540
f 4280/6124/2548 4320/6125/2548 4321/6126/2549 4282/6127/2549
f 4266/6123/2541 4313/6122/2541 4314/6128/2542 4268/6129/2542
f 4282/6127/2549 4321/6126/2549 4322/6130/2550 4284/6131/2550
f 4268/6129/2542 4314/6128/2542 4315/6132/2543 4270/6133/2543
f 4284/6131/2550 4322/6130/2550 4323/6134/2551 4286/6135/2551
f 4270/6133/2543 4315/6132/2543 4316/6136/2544 4272/6137/2544
f 4286/6135/2551 4323/6134/2551 4324/6138/2552 4288/6139/2552
f 4272/6137/2544 4316/6136/2544 4317/6140/2545 4274/6141/2545
f 4288/6139/2552 4324/6138/2552 4325/6142/2553 4290/6143/2553
f 4274/6141/2545 4317/6140/2545 4318/6144/2546 4276/6145/2546
f 4290/6143/2553 4325/6142/2553 4326/6065/2554 4292/6064/2554
f 4276/6145/2546 4318/6144/2546 4319/6117/2547 4278/6116/2547
o AK_Sights_03_lp
v 0.540837 0.518206 0.071961
v 0.552945 0.515798 0.071961
v 0.563209 0.508940 0.071961
v 0.570067 0.498676 0.071961
v 0.572475 0.486569 0.071961
v 0.570067 0.474462 0.071961
v 0.563209 0.464198 0.071961
v 0.552945 0.457339 0.071961
v 0.540837 0.454931 0.071961
v 0.528730 0.457339 0.071961
v 0.518466 0.464198 0.071961
v 0.511608 0.474462 0.071961
v 0.509200 0.486569 0.071961
v 0.511608 0.498676 0.071961
v 0.518466 0.508940 0.071961
v 0.528730 0.515798 0.071961
v 0.555989 0.523148 0.071961
v 0.540837 0.526162 0.071961
v 0.568834 0.514565 0.071961
v 0.577417 0.501720 0.071961
v 0.580430 0.486569 0.071961
v 0.577417 0.471417 0.071961
v 0.568834 0.458572 0.071961
v 0.555989 0.449990 0.071961
v 0.540837 0.446976 0.071961
v 0.525686 0.449990 0.071961
v 0.512841 0.458572 0.071961
v 0.504258 0.471417 0.071961
v 0.501244 0.486569 0.071961
v 0.504258 0.501720 0.071961
v 0.512841 0.514565 0.071961
v 0.525686 0.523148 0.071961
v 0.552120 0.513808 0.059937
v 0.540837 0.516052 0.059937
v 0.561685 0.507417 0.059937
v 0.568076 0.497851 0.059937
v 0.570321 0.486569 0.059937
v 0.568076 0.475286 0.059937
v 0.561685 0.465721 0.059937
v 0.552120 0.459330 0.059937
v 0.540837 0.457085 0.059937
v 0.529555 0.459330 0.059937
v 0.519990 0.465721 0.059937
v 0.513598 0.475286 0.059937
v 0.511354 0.486569 0.059937
v 0.513598 0.497851 0.059937
v 0.519990 0.507417 0.059937
v 0.529555 0.513808 0.059937
v 0.540837 0.518206 -0.071961
v 0.552945 0.515798 -0.071961
v 0.563209 0.508940 -0.071961
v 0.570067 0.498676 -0.071961
v 0.572475 0.486569 -0.071961
v 0.570067 0.474462 -0.071961
v 0.563209 0.464198 -0.071961
v 0.552945 0.457339 -0.071961
v 0.540837 0.454931 -0.071961
v 0.528730 0.457339 -0.071961
v 0.518466 0.464198 -0.071961
v 0.511608 0.474462 -0.071961
v 0.509200 0.486569 -0.071961
v 0.511608 0.498676 -0.071961
v 0.518466 0.508940 -0.071961
v 0.528730 0.515798 -0.071961
v 0.555989 0.523148 -0.071961
v 0.540837 0.526162 -0.071961
v 0.568834 0.514565 -0.071961
v 0.577417 0.501720 -0.071961
v 0.580430 0.486569 -0.071961
v 0.577417 0.471417 -0.071961
v 0.568834 0.458572 -0.071961
v 0.555989 0.449990 -0.071961
v 0.540837 0.446976 -0.071961
v 0.525686 0.449990 -0.071961
v 0.512841 0.458572 -0.071961
v 0.504258 0.471417 -0.071961
v 0.501244 0.486569 -0.071961
v 0.504258 0.501720 -0.071961
v 0.512841 0.514565 -0.071961
v 0.525686 0.523148 -0.071961
v 0.552120 0.513808 -0.059937
v 0.540837 0.516052 -0.059937
v 0.561685 0.507417 -0.059937
v 0.568076 0.497851 -0.059937
v 0.570321 0.486569 -0.059937
v 0.568076 0.475286 -0.059937
v 0.561685 0.465721 -0.059937
v 0.552120 0.459330 -0.059937
v 0.540837 0.457085 -0.059937
v 0.529555 0.459330 -0.059937
v 0.519990 0.465721 -0.059937
v 0.513598 0.475286 -0.059937
v 0.511354 0.486569 -0.059937
v 0.513598 0.497851 -0.059937
v 0.519990 0.507417 -0.059937
v 0.529555 0.513808 -0.059937
v 0.540837 0.526162 0.000000
v 0.555989 0.523148 0.000000
v 0.568834 0.514565 0.000000
v 0.577417 0.501720 0.000000
v 0.580430 0.486569 0.000000
v 0.577417 0.471417 0.000000
v 0.568834 0.458572 0.000000
v 0.555989 0.449990 0.000000
v 0.540837 0.446976 0.000000
v 0.525686 0.449990 0.000000
v 0.512841 0.458572 0.000000
v 0.504258 0.471417 0.000000
v 0.501244 0.486569 0.000000
v 0.504258 0.501720 0.000000
v 0.512841 0.514565 0.000000
v 0.525686 0.523148 0.000000
vn -0.0000 1.0000 -0.0000
vn 0.3827 0.9239 -0.0000
vn 0.7071 0.7071 -0.0000
vn 0.9239 0.3827 -0.0000
vn 1.0000 -0.0000 -0.0000
vn 0.9239 -0.3827 -0.0000
vn 0.7071 -0.7071 -0.0000
vn 0.3827 -0.9239 -0.0000
vn -0.0000 -1.0000 -0.0000
vn -0.3827 -0.9239 -0.0000
vn -0.7071 -0.7071 -0.0000
vn -0.9239 -0.3827 -0.0000
vn -1.0000 -0.0000 -0.0000
vn -0.9239 0.3827 -0.0000
vn -0.7071 0.7071 -0.0000
vn 0.6960 -0.6960 0.1764
vn 0.9094 -0.3767 0.1764
vn -0.3827 0.9239 -0.0000
vn -0.0000 -0.0000 1.0000
vn -0.3767 0.9094 0.1764
vn -0.6960 0.6960 0.1764
vn 0.3767 -0.9094 0.1764
vn -0.0000 0.9843 0.1764
vn -0.3767 -0.9094 0.1764
vn -0.0000 -0.9843 0.1764
vn 0.3767 0.9094 0.1764
vn -0.6960 -0.6960 0.1764
vn 0.6960 0.6960 0.1764
vn -0.9094 -0.3767 0.1764
vn 0.9094 0.3767 0.1764
vn -0.9843 -0.0000 0.1764
vn 0.9843 -0.0000 0.1764
vn -0.9094 0.3767 0.1764
vn 0.6960 -0.6960 -0.1764
vn 0.9094 -0.3767 -0.1764
vn -0.0000 -0.0000 -1.0000
vn 0.9843 -0.0000 -0.1764
vn 0.9094 0.3767 -0.1764
vn -0.0000 -0.9843 -0.1764
vn 0.3767 -0.9094 -0.1764
vn -0.6960 0.6960 -0.1764
vn -0.9094 0.3767 -0.1764
vn 0.3767 0.9094 -0.1764
vn -0.0000 0.9843 -0.1764
vn -0.9843 -0.0000 -0.1764
vn -0.6960 -0.6960 -0.1764
vn -0.3767 -0.9094 -0.1764
vn 0.6960 0.6960 -0.1764
vn -0.3767 0.9094 -0.1764
vn -0.9094 -0.3767 -0.1764
vt 0.332581 0.887238
vt 0.332581 0.909441
vt 0.327815 0.909441
vt 0.327815 0.887238
vt 0.323048 0.909441
vt 0.323048 0.887238
vt 0.318282 0.909441
vt 0.318282 0.887238
vt 0.313515 0.909441
vt 0.313515 0.887238
vt 0.308748 0.909441
vt 0.308748 0.887238
vt 0.303982 0.909441
vt 0.303982 0.887238
vt 0.299215 0.909441
vt 0.299215 0.887238
vt 0.294449 0.909441
vt 0.294449 0.887238
vt 0.370714 0.887238
vt 0.370714 0.909441
vt 0.365947 0.909441
vt 0.365947 0.887238
vt 0.361181 0.909441
vt 0.361181 0.887238
vt 0.356414 0.909441
vt 0.356414 0.887238
vt 0.351648 0.909441
vt 0.351648 0.887238
vt 0.346881 0.909441
vt 0.346881 0.887238
vt 0.342114 0.909441
vt 0.342114 0.887238
vt 0.902877 0.024378
vt 0.903530 0.020625
vt 0.907220 0.021398
vt 0.906612 0.024896
vt 0.337348 0.909441
vt 0.337348 0.887238
vt 0.687400 0.983960
vt 0.685946 0.980440
vt 0.687988 0.979079
vt 0.689808 0.983483
vt 0.683256 0.977745
vt 0.684621 0.975706
vt 0.679739 0.976285
vt 0.680220 0.973878
vt 0.675931 0.976281
vt 0.675454 0.973874
vt 0.672411 0.977735
vt 0.671050 0.975694
vt 0.669716 0.980426
vt 0.667677 0.979061
vt 0.668256 0.983943
vt 0.665849 0.983461
vt 0.668252 0.987751
vt 0.665845 0.988227
vt 0.668252 0.987751
vt 0.669707 0.991270
vt 0.667665 0.992632
vt 0.672397 0.993965
vt 0.671032 0.996004
vt 0.675914 0.995426
vt 0.675433 0.997832
vt 0.679722 0.995429
vt 0.680198 0.997836
vt 0.683241 0.993975
vt 0.684603 0.996017
vt 0.685936 0.991285
vt 0.687976 0.992650
vt 0.687397 0.987768
vt 0.689803 0.988249
vt 0.739328 0.884772
vt 0.737970 0.881493
vt 0.737970 0.877944
vt 0.739328 0.874665
vt 0.741838 0.872156
vt 0.745116 0.870797
vt 0.748665 0.870797
vt 0.751944 0.872155
vt 0.754454 0.874665
vt 0.755812 0.877944
vt 0.755812 0.881493
vt 0.754454 0.884772
vt 0.751944 0.887281
vt 0.748665 0.888639
vt 0.745116 0.888640
vt 0.741838 0.887281
vt 0.908656 0.057629
vt 0.907008 0.054194
vt 0.910461 0.052681
vt 0.911997 0.055882
vt 0.902485 0.028168
vt 0.906246 0.028427
vt 0.910536 0.060942
vt 0.913749 0.058969
vt 0.902485 0.035783
vt 0.902354 0.031975
vt 0.906124 0.031975
vt 0.906246 0.035523
vt 0.908656 0.006322
vt 0.910536 0.003009
vt 0.913749 0.004981
vt 0.911997 0.008069
vt 0.902877 0.039572
vt 0.906612 0.039055
vt 0.907008 0.009757
vt 0.910461 0.011270
vt 0.903530 0.043326
vt 0.907220 0.042553
vt 0.905600 0.013297
vt 0.909149 0.014569
vt 0.904439 0.047025
vt 0.908067 0.046000
vt 0.904439 0.016925
vt 0.908067 0.017950
vt 0.905600 0.050654
vt 0.909149 0.049382
vt 0.327815 0.865034
vt 0.332581 0.865034
vt 0.318282 0.865034
vt 0.323048 0.865034
vt 0.308748 0.865034
vt 0.313515 0.865034
vt 0.299215 0.865034
vt 0.303982 0.865034
vt 0.365947 0.865034
vt 0.370714 0.865034
vt 0.356414 0.865034
vt 0.361181 0.865034
vt 0.346881 0.865034
vt 0.351648 0.865034
vt 0.977948 0.283219
vt 0.981682 0.282702
vt 0.982290 0.286199
vt 0.978600 0.286972
vt 0.337348 0.865034
vt 0.589507 0.327891
vt 0.588143 0.325850
vt 0.592547 0.324025
vt 0.593026 0.326433
vt 0.596836 0.326433
vt 0.597315 0.324025
vt 0.601720 0.325850
vt 0.600356 0.327891
vt 0.603050 0.330585
vt 0.605091 0.329221
vt 0.606915 0.333625
vt 0.604507 0.334104
vt 0.604507 0.337914
vt 0.606915 0.338393
vt 0.605091 0.342797
vt 0.603050 0.341433
vt 0.600356 0.344127
vt 0.601720 0.346169
vt 0.597315 0.347993
vt 0.596836 0.345585
vt 0.979509 0.290671
vt 0.983137 0.289647
vt 0.984219 0.293028
vt 0.980670 0.294299
vt 0.586813 0.341434
vt 0.584772 0.342797
vt 0.582947 0.338393
vt 0.585355 0.337914
vt 0.593026 0.345585
vt 0.592548 0.347993
vt 0.588143 0.346169
vt 0.589507 0.344127
vt 0.294449 0.865034
vt 0.342114 0.865034
vt 0.586813 0.330585
vt 0.584772 0.329221
vt 0.603050 0.341434
vt 0.582947 0.333625
vt 0.585355 0.334104
vt 0.977425 0.275623
vt 0.981194 0.275623
vt 0.981316 0.279171
vt 0.977556 0.279430
vt 0.982078 0.253407
vt 0.985530 0.254920
vt 0.984219 0.258219
vt 0.980670 0.256947
vt 0.983726 0.301273
vt 0.987066 0.299527
vt 0.988818 0.302614
vt 0.985606 0.304586
vt 0.983137 0.261600
vt 0.979509 0.260575
vt 0.977948 0.268027
vt 0.981682 0.268544
vt 0.981316 0.272075
vt 0.977556 0.271816
vt 0.414376 0.785289
vt 0.417655 0.783931
vt 0.421205 0.783931
vt 0.424485 0.785289
vt 0.426994 0.787799
vt 0.428353 0.791079
vt 0.428353 0.794628
vt 0.426994 0.797908
vt 0.424484 0.800418
vt 0.421205 0.801776
vt 0.417655 0.801776
vt 0.414376 0.800418
vt 0.411866 0.797907
vt 0.410507 0.794628
vt 0.410508 0.791078
vt 0.411866 0.787799
vt 0.982078 0.297839
vt 0.985531 0.296326
vt 0.983726 0.249973
vt 0.987066 0.251720
vt 0.978600 0.264274
vt 0.982290 0.265047
vt 0.985606 0.246660
vt 0.988818 0.248632
s 1
usemtl Material.001
f 4424/6146/2558 4345/6147/2558 4344/6148/2559 4425/6149/2559
f 4425/6149/2559 4344/6148/2559 4346/6150/2560 4426/6151/2560
f 4426/6151/2560 4346/6150/2560 4347/6152/2561 4427/6153/2561
f 4427/6153/2561 4347/6152/2561 4348/6154/2562 4428/6155/2562
f 4428/6155/2562 4348/6154/2562 4349/6156/2563 4429/6157/2563
f 4429/6157/2563 4349/6156/2563 4350/6158/2564 4430/6159/2564
f 4430/6159/2564 4350/6158/2564 4351/6160/2565 4431/6161/2565
f 4431/6161/2565 4351/6160/2565 4352/6162/2566 4432/6163/2566
f 4432/6164/2566 4352/6165/2566 4353/6166/2567 4433/6167/2567
f 4433/6167/2567 4353/6166/2567 4354/6168/2568 4434/6169/2568
f 4434/6169/2568 4354/6168/2568 4355/6170/2569 4435/6171/2569
f 4435/6171/2569 4355/6170/2569 4356/6172/2570 4436/6173/2570
f 4436/6173/2570 4356/6172/2570 4357/6174/2571 4437/6175/2571
f 4437/6175/2571 4357/6174/2571 4358/6176/2572 4438/6177/2572
f 4342/6178/2573 4341/6179/2574 4373/6180/2574 4374/6181/2573
f 4438/6177/2572 4358/6176/2572 4359/6182/2575 4439/6183/2575
f 4439/6183/2575 4359/6182/2575 4345/6147/2558 4424/6146/2558
f 4328/6184/2576 4329/6185/2576 4344/6186/2576 4345/6187/2576
f 4329/6185/2576 4330/6188/2576 4346/6189/2576 4344/6186/2576
f 4330/6188/2576 4331/6190/2576 4347/6191/2576 4346/6189/2576
f 4331/6190/2576 4332/6192/2576 4348/6193/2576 4347/6191/2576
f 4332/6192/2576 4333/6194/2576 4349/6195/2576 4348/6193/2576
f 4333/6194/2576 4334/6196/2576 4350/6197/2576 4349/6195/2576
f 4334/6196/2576 4335/6198/2576 4351/6199/2576 4350/6197/2576
f 4335/6198/2576 4336/6200/2576 4352/6201/2576 4351/6199/2576
f 4336/6202/2576 4337/6203/2576 4353/6204/2576 4352/6201/2576
f 4337/6203/2576 4338/6205/2576 4354/6206/2576 4353/6204/2576
f 4338/6205/2576 4339/6207/2576 4355/6208/2576 4354/6206/2576
f 4339/6207/2576 4340/6209/2576 4356/6210/2576 4355/6208/2576
f 4340/6209/2576 4341/6211/2576 4357/6212/2576 4356/6210/2576
f 4341/6211/2576 4342/6213/2576 4358/6214/2576 4357/6212/2576
f 4342/6213/2576 4343/6215/2576 4359/6216/2576 4358/6214/2576
f 4343/6215/2576 4328/6184/2576 4345/6187/2576 4359/6216/2576
f 4360/6217/2576 4361/6218/2576 4375/6219/2576 4374/6220/2576 4373/6221/2576 4372/6222/2576 4371/6223/2576 4370/6224/2576 4369/6225/2576 4368/6226/2576 4367/6227/2576 4366/6228/2576 4365/6229/2576 4364/6230/2576 4363/6231/2576 4362/6232/2576
f 4335/6233/2577 4334/6234/2578 4366/6235/2578 4367/6236/2577
f 4343/6237/2579 4342/6178/2573 4374/6181/2573 4375/6238/2579
f 4336/6239/2580 4335/6233/2577 4367/6236/2577 4368/6240/2580
f 4329/6241/2581 4328/6242/2582 4361/6243/2582 4360/6244/2581
f 4328/6242/2582 4343/6237/2579 4375/6238/2579 4361/6243/2582
f 4337/6245/2583 4336/6246/2580 4368/6247/2580 4369/6248/2583
f 4330/6249/2584 4329/6241/2581 4360/6244/2581 4362/6250/2584
f 4338/6251/2585 4337/6245/2583 4369/6248/2583 4370/6252/2585
f 4331/6253/2586 4330/6249/2584 4362/6250/2584 4363/6254/2586
f 4339/6255/2587 4338/6251/2585 4370/6252/2585 4371/6256/2587
f 4332/6257/2588 4331/6253/2586 4363/6254/2586 4364/6258/2588
f 4340/6259/2589 4339/6255/2587 4371/6256/2587 4372/6260/2589
f 4333/6261/2590 4332/6257/2588 4364/6258/2588 4365/6262/2590
f 4341/6179/2574 4340/6259/2589 4372/6260/2589 4373/6180/2574
f 4334/6234/2578 4333/6261/2590 4365/6262/2590 4366/6235/2578
f 4424/6146/2558 4425/6149/2559 4392/6263/2559 4393/6264/2558
f 4426/6151/2560 4427/6153/2561 4395/6265/2561 4394/6266/2560
f 4428/6155/2562 4429/6157/2563 4397/6267/2563 4396/6268/2562
f 4430/6159/2564 4431/6161/2565 4399/6269/2565 4398/6270/2564
f 4432/6164/2566 4433/6167/2567 4401/6271/2567 4400/6272/2566
f 4434/6169/2568 4435/6171/2569 4403/6273/2569 4402/6274/2568
f 4436/6173/2570 4437/6175/2571 4405/6275/2571 4404/6276/2570
f 4390/6277/2591 4422/6278/2591 4421/6279/2592 4389/6280/2592
f 4439/6183/2575 4424/6146/2558 4393/6264/2558 4407/6281/2575
f 4377/6282/2593 4392/6283/2593 4394/6284/2593 4378/6285/2593
f 4379/6286/2593 4395/6287/2593 4396/6288/2593 4380/6289/2593
f 4381/6290/2593 4397/6291/2593 4398/6292/2593 4382/6293/2593
f 4383/6294/2593 4399/6295/2593 4400/6296/2593 4384/6297/2593
f 4385/6298/2593 4401/6299/2593 4402/6300/2593 4386/6301/2593
f 4388/6302/2594 4420/6303/2594 4419/6304/2595 4387/6305/2595
f 4389/6306/2593 4405/6307/2593 4406/6308/2593 4390/6309/2593
f 4387/6310/2593 4403/6311/2593 4404/6312/2593 4388/6313/2593
f 4425/6149/2559 4426/6151/2560 4394/6266/2560 4392/6263/2559
f 4427/6153/2561 4428/6155/2562 4396/6268/2562 4395/6265/2561
f 4429/6157/2563 4430/6159/2564 4398/6270/2564 4397/6267/2563
f 4431/6161/2565 4432/6163/2566 4400/6314/2566 4399/6269/2565
f 4433/6167/2567 4434/6169/2568 4402/6274/2568 4401/6271/2567
f 4435/6171/2569 4436/6173/2570 4404/6276/2570 4403/6273/2569
f 4437/6175/2571 4438/6177/2572 4406/6315/2572 4405/6275/2571
f 4438/6177/2572 4439/6183/2575 4407/6281/2575 4406/6315/2572
f 4376/6316/2593 4393/6317/2593 4392/6283/2593 4377/6282/2593
f 4378/6285/2593 4394/6284/2593 4395/6287/2593 4379/6286/2593
f 4380/6289/2593 4396/6288/2593 4397/6291/2593 4381/6290/2593
f 4382/6293/2593 4398/6292/2593 4399/6295/2593 4383/6294/2593
f 4384/6318/2593 4400/6296/2593 4401/6299/2593 4385/6298/2593
f 4386/6301/2593 4402/6300/2593 4403/6311/2593 4387/6310/2593
f 4390/6309/2593 4406/6308/2593 4407/6319/2593 4391/6320/2593
f 4388/6313/2593 4404/6312/2593 4405/6307/2593 4389/6306/2593
f 4389/6280/2592 4421/6279/2592 4420/6303/2594 4388/6302/2594
f 4376/6321/2596 4409/6322/2596 4423/6323/2597 4391/6324/2597
f 4382/6325/2598 4414/6326/2598 4413/6327/2599 4381/6328/2599
f 4385/6329/2600 4417/6330/2600 4416/6331/2601 4384/6332/2601
f 4391/6320/2593 4407/6319/2593 4393/6317/2593 4376/6316/2593
f 4381/6328/2599 4413/6327/2599 4412/6333/2602 4380/6334/2602
f 4378/6335/2603 4410/6336/2603 4408/6337/2604 4377/6338/2604
f 4408/6339/2593 4410/6340/2593 4411/6341/2593 4412/6342/2593 4413/6343/2593 4414/6344/2593 4415/6345/2593 4416/6346/2593 4417/6347/2593 4418/6348/2593 4419/6349/2593 4420/6350/2593 4421/6351/2593 4422/6352/2593 4423/6353/2593 4409/6354/2593
f 4386/6355/2605 4418/6356/2605 4417/6330/2600 4385/6329/2600
f 4383/6357/2606 4415/6358/2606 4414/6326/2598 4382/6325/2598
f 4379/6359/2607 4411/6360/2607 4410/6336/2603 4378/6335/2603
f 4391/6324/2597 4423/6323/2597 4422/6278/2591 4390/6277/2591
f 4387/6305/2595 4419/6304/2595 4418/6356/2605 4386/6355/2605
f 4384/6361/2601 4416/6362/2601 4415/6358/2606 4383/6357/2606
f 4380/6334/2602 4412/6333/2602 4411/6360/2607 4379/6359/2607
f 4377/6338/2604 4408/6337/2604 4409/6322/2596 4376/6321/2596
o AK_Sights_04_lp
v 0.221100 0.329684 0.057748
v 0.221100 0.329684 -0.057748
v 0.578213 0.329684 0.057748
v 0.578213 0.473068 0.057748
v 0.578213 0.329684 -0.057748
v 0.578213 0.473068 -0.057748
v 0.502608 0.329684 -0.057748
v 0.502608 0.329684 0.057748
v 0.454458 0.473068 -0.057748
v 0.540563 0.473068 -0.057748
v 0.502608 0.473068 -0.057748
v 0.454458 0.473068 0.057748
v 0.502608 0.473068 0.057748
v 0.540563 0.473068 0.057748
v 0.324240 0.473068 -0.057748
v 0.305145 0.455442 0.057748
v 0.305145 0.455442 -0.057748
v 0.221100 0.455442 -0.057748
v 0.221100 0.455442 0.057748
v 0.324241 0.473068 0.057748
v 0.423062 0.465230 0.057748
v 0.423062 0.465230 -0.057748
v 0.405683 0.465230 0.057748
v 0.405683 0.465230 -0.057748
v 0.397844 0.473068 -0.057748
v 0.397844 0.473068 0.057748
v 0.431705 0.473068 0.057748
v 0.431705 0.473068 -0.057748
vn -1.0000 -0.0000 -0.0000
vn -0.0000 1.0000 -0.0000
vn 1.0000 -0.0000 -0.0000
vn -0.0000 -0.0000 1.0000
vn -0.0000 -0.0000 -1.0000
vn -0.6783 0.7348 -0.0000
vn -0.6718 0.7407 -0.0000
vn 0.7071 0.7071 -0.0000
vt 0.061722 0.913208
vt 0.061722 0.874403
vt 0.097360 0.874403
vt 0.097360 0.913208
vt 0.108728 0.853087
vt 0.101708 0.853087
vt 0.101708 0.817456
vt 0.108728 0.817456
vt 0.705142 0.925225
vt 0.705142 0.969468
vt 0.669504 0.969468
vt 0.669504 0.925225
vt 0.151288 0.854846
vt 0.151288 0.810606
vt 0.162904 0.810606
vt 0.174615 0.810606
vt 0.174615 0.854846
vt 0.189472 0.810606
vt 0.196492 0.810606
vt 0.199159 0.813024
vt 0.204521 0.813024
vt 0.206940 0.810605
vt 0.229650 0.810605
vt 0.235542 0.816044
vt 0.261474 0.816044
vt 0.261474 0.854846
vt 0.376003 0.816367
vt 0.376003 0.855174
vt 0.350069 0.855174
vt 0.344176 0.860613
vt 0.321463 0.860613
vt 0.319044 0.858194
vt 0.313681 0.858194
vt 0.311014 0.860613
vt 0.303993 0.860613
vt 0.289135 0.860613
vt 0.289135 0.816367
vt 0.277422 0.860613
vt 0.265804 0.860613
vt 0.265804 0.816367
vt 0.146908 0.817456
vt 0.146908 0.853087
vt 0.135292 0.853087
vt 0.135292 0.817456
vt 0.123583 0.853087
vt 0.123583 0.817456
vt 0.374163 0.980713
vt 0.338522 0.980713
vt 0.338522 0.954777
vt 0.374163 0.954777
vt 0.286057 0.200849
vt 0.250426 0.200849
vt 0.250426 0.192832
vt 0.286057 0.192832
vt 0.816973 0.549968
vt 0.816973 0.514336
vt 0.820572 0.514336
vt 0.820572 0.549968
vt 0.745103 0.982896
vt 0.709469 0.982896
vt 0.709469 0.960187
vt 0.745103 0.960187
vt 0.868885 0.700488
vt 0.833274 0.700488
vt 0.833274 0.697070
vt 0.868885 0.697070
vt 0.958653 0.121103
vt 0.958653 0.156753
vt 0.953288 0.156753
vt 0.953288 0.121103
s 1
usemtl Material.001
f 4440/6363/2608 4458/6364/2608 4457/6365/2608 4441/6366/2608
f 4448/6367/2609 4467/6368/2609 4466/6369/2609 4451/6370/2609
f 4444/6371/2610 4445/6372/2610 4443/6373/2610 4442/6374/2610
f 4442/6375/2611 4443/6376/2611 4453/6377/2611 4452/6378/2611 4447/6379/2611
f 4447/6379/2611 4452/6378/2611 4451/6380/2611 4466/6381/2611 4460/6382/2611 4462/6383/2611 4465/6384/2611 4459/6385/2611 4455/6386/2611 4458/6387/2611 4440/6388/2611
f 4441/6389/2612 4457/6390/2612 4456/6391/2612 4454/6392/2612 4464/6393/2612 4463/6394/2612 4461/6395/2612 4467/6396/2612 4448/6397/2612 4450/6398/2612 4446/6399/2612
f 4446/6399/2612 4450/6398/2612 4449/6400/2612 4445/6401/2612 4444/6402/2612
f 4443/6403/2609 4445/6404/2609 4449/6405/2609 4453/6406/2609
f 4449/6405/2609 4450/6407/2609 4452/6408/2609 4453/6406/2609
f 4450/6407/2609 4448/6367/2609 4451/6370/2609 4452/6408/2609
f 4455/6409/2609 4456/6410/2609 4457/6411/2609 4458/6412/2609
f 4456/6413/2613 4455/6414/2613 4459/6415/2613 4454/6416/2613
f 4461/6417/2614 4460/6418/2614 4466/6419/2614 4467/6420/2614
f 4465/6421/2609 4464/6422/2609 4454/6423/2609 4459/6424/2609
f 4462/6425/2615 4463/6426/2615 4464/6427/2615 4465/6428/2615
f 4460/6429/2609 4461/6430/2609 4463/6431/2609 4462/6432/2609
o AK_Handle_lp
v 0.155573 0.361379 0.133764
v 0.155573 0.304261 0.133764
v 0.155573 0.361379 0.058509
v 0.155573 0.304261 0.058509
v 0.168827 0.361379 0.149111
v 0.168827 0.304261 0.149111
v 0.168827 0.361379 0.197941
v 0.168827 0.304261 0.197941
v 0.191847 0.361379 0.255840
v 0.191847 0.304261 0.255840
v 0.216262 0.361379 0.255840
v 0.216262 0.304261 0.255840
v 0.196033 0.361379 0.196546
v 0.196033 0.304261 0.196546
v 0.212077 0.361379 0.139344
v 0.212077 0.304261 0.139344
v 0.212077 0.361379 0.057600
v 0.212077 0.304261 0.057600
vn -1.0000 -0.0000 -0.0000
vn -0.7568 -0.0000 0.6536
vn -0.9822 -0.0000 0.1881
vn -0.9292 -0.0000 0.3695
vn -0.0000 -0.0000 1.0000
vn 0.9464 -0.0000 -0.3229
vn 0.9996 -0.0000 -0.0277
vn 0.9907 -0.0000 0.1363
vn 1.0000 -0.0000 -0.0000
vn -0.0000 1.0000 -0.0000
vn -0.0000 -1.0000 -0.0000
vt 0.149498 0.615256
vt 0.172716 0.615256
vt 0.172716 0.632878
vt 0.149498 0.632878
vt 0.964368 0.254466
vt 0.970628 0.254466
vt 0.970628 0.272099
vt 0.964368 0.272099
vt 0.911839 0.621702
vt 0.896774 0.621702
vt 0.896774 0.604081
vt 0.911839 0.604081
vt 0.877552 0.621702
vt 0.877552 0.604081
vt 0.679915 0.037807
vt 0.679915 0.030277
vt 0.697531 0.030277
vt 0.697531 0.037807
vt 0.368417 0.351773
vt 0.368417 0.371104
vt 0.350793 0.371104
vt 0.350793 0.351773
vt 0.368417 0.389434
vt 0.350793 0.389434
vt 0.368417 0.414656
vt 0.350793 0.414656
vt 0.670866 0.519808
vt 0.694075 0.519047
vt 0.698942 0.522980
vt 0.714001 0.522486
vt 0.732090 0.529000
vt 0.732337 0.536530
vt 0.713846 0.530890
vt 0.696367 0.536417
vt 0.671158 0.537243
vt 0.349084 0.782511
vt 0.372295 0.783272
vt 0.372004 0.800709
vt 0.346791 0.799883
vt 0.329310 0.794355
vt 0.310817 0.799995
vt 0.311064 0.792464
vt 0.329155 0.785950
vt 0.344216 0.786444
s 1
usemtl Material.001
f 4468/6433/2616 4470/6434/2616 4471/6435/2616 4469/6436/2616
f 4469/6437/2617 4473/6438/2617 4472/6439/2617 4468/6440/2617
f 4473/6441/2616 4475/6442/2618 4474/6443/2618 4472/6444/2616
f 4475/6442/2618 4477/6445/2619 4476/6446/2619 4474/6443/2618
f 4477/6447/2620 4479/6448/2620 4478/6449/2620 4476/6450/2620
f 4479/6451/2621 4481/6452/2622 4480/6453/2622 4478/6454/2621
f 4481/6452/2622 4483/6455/2623 4482/6456/2623 4480/6453/2622
f 4483/6455/2623 4485/6457/2624 4484/6458/2624 4482/6456/2623
f 4470/6459/2625 4468/6460/2625 4472/6461/2625 4474/6462/2625 4476/6463/2625 4478/6464/2625 4480/6465/2625 4482/6466/2625 4484/6467/2625
f 4469/6468/2626 4471/6469/2626 4485/6470/2626 4483/6471/2626 4481/6472/2626 4479/6473/2626 4477/6474/2626 4475/6475/2626 4473/6476/2626
o AK_Trigger_lp
v -0.686603 0.043909 -0.016575
v -0.698792 0.064637 -0.016575
v -0.686603 0.043909 0.016575
v -0.698792 0.064637 0.016575
v -0.667257 0.029400 -0.016575
v -0.667257 0.029400 0.016575
v -0.647911 0.021109 -0.016575
v -0.647911 0.021109 0.016575
v -0.640311 0.012127 -0.016575
v -0.640311 0.012127 0.016575
v -0.634784 -0.013437 -0.016575
v -0.634784 -0.013437 0.016575
v -0.627183 -0.034856 -0.016575
v -0.627183 -0.034856 0.016575
v -0.615438 -0.050747 -0.016575
v -0.615438 -0.050747 0.016575
v -0.597474 -0.066638 -0.016575
v -0.597474 -0.066638 0.016575
v -0.574673 -0.076311 -0.016575
v -0.574673 -0.076311 0.016575
v -0.556019 -0.078384 -0.016575
v -0.556019 -0.078384 0.016575
v -0.556019 -0.068711 -0.016575
v -0.556019 -0.068711 0.016575
v -0.573012 -0.065046 -0.016575
v -0.573012 -0.065046 0.016575
v -0.590338 -0.056049 -0.016575
v -0.590338 -0.056049 0.016575
v -0.604332 -0.042722 -0.016575
v -0.604332 -0.042722 0.016575
v -0.613662 -0.027728 -0.016575
v -0.613662 -0.027728 0.016575
v -0.618660 -0.008735 -0.016575
v -0.618660 -0.008735 0.016575
v -0.619993 0.013589 -0.016575
v -0.619993 0.013589 0.016575
v -0.616328 0.025584 -0.016575
v -0.616328 0.025584 0.016575
v -0.604999 0.040578 -0.016575
v -0.604999 0.040578 0.016575
v -0.590671 0.050241 -0.016575
v -0.590671 0.050241 0.016575
v -0.577343 0.061236 -0.016575
v -0.577343 0.061236 0.016575
v -0.568680 0.072232 -0.016575
v -0.568680 0.072232 0.016575
vn -0.7455 -0.6665 -0.0000
vn -0.8620 -0.5069 -0.0000
vn -0.5005 -0.8657 -0.0000
vn -0.5946 -0.8041 -0.0000
vn -0.8971 -0.4418 -0.0000
vn -0.9619 -0.2734 -0.0000
vn -0.8829 -0.4695 -0.0000
vn -0.7374 -0.6754 -0.0000
vn -0.5335 -0.8458 -0.0000
vn -0.2532 -0.9674 -0.0000
vn -0.1104 -0.9939 -0.0000
vn 1.0000 -0.0000 -0.0000
vn 0.2108 0.9775 -0.0000
vn 0.3388 0.9408 -0.0000
vn 0.5810 0.8139 -0.0000
vn 0.7756 0.6313 -0.0000
vn 0.9183 0.3958 -0.0000
vn 0.9875 0.1578 -0.0000
vn 0.9930 -0.1182 -0.0000
vn 0.8908 -0.4545 -0.0000
vn 0.6879 -0.7258 -0.0000
vn 0.5985 -0.8012 -0.0000
vn 0.7150 -0.6991 -0.0000
vn 0.7855 -0.6189 -0.0000
vn -0.0000 -0.0000 1.0000
vn -0.0000 -0.0000 -1.0000
vt 0.109099 0.914545
vt 0.109099 0.904322
vt 0.101683 0.904322
vt 0.101683 0.914545
vt 0.116557 0.914545
vt 0.116557 0.904322
vt 0.123048 0.914545
vt 0.123048 0.904322
vt 0.126677 0.914545
vt 0.126677 0.904322
vt 0.134744 0.914545
vt 0.134744 0.904322
vt 0.141753 0.914545
vt 0.141753 0.904322
vt 0.147847 0.914545
vt 0.147847 0.904322
vt 0.155244 0.914545
vt 0.155244 0.904321
vt 0.162883 0.914545
vt 0.162883 0.904321
vt 0.168671 0.914545
vt 0.168671 0.904321
vt 0.897545 0.012388
vt 0.900531 0.012388
vt 0.900531 0.002158
vt 0.897545 0.002158
vt 0.378488 0.972934
vt 0.383849 0.972934
vt 0.383849 0.962710
vt 0.378488 0.962710
vt 0.389870 0.972934
vt 0.389870 0.962710
vt 0.395830 0.972934
vt 0.395830 0.962710
vt 0.401277 0.972934
vt 0.401277 0.962710
vt 0.407334 0.972934
vt 0.407334 0.962710
vt 0.414231 0.972934
vt 0.414231 0.962710
vt 0.418100 0.972934
vt 0.418100 0.962710
vt 0.423896 0.972934
vt 0.423896 0.962710
vt 0.429226 0.972934
vt 0.429226 0.962710
vt 0.434554 0.972934
vt 0.434554 0.962710
vt 0.438872 0.972934
vt 0.438872 0.962710
vt 0.903030 0.814304
vt 0.906240 0.820994
vt 0.911813 0.825958
vt 0.917546 0.829010
vt 0.919650 0.831969
vt 0.920687 0.839974
vt 0.922468 0.846757
vt 0.925667 0.851949
vt 0.930778 0.857302
vt 0.937539 0.860868
vt 0.943222 0.861990
vt 0.943472 0.859015
vt 0.938342 0.857447
vt 0.933248 0.854231
vt 0.929290 0.849769
vt 0.926811 0.844916
vt 0.925766 0.838946
vt 0.925936 0.832047
vt 0.927375 0.828453
vt 0.931247 0.824137
vt 0.935904 0.821537
vt 0.940288 0.818502
vt 0.943237 0.815346
vt 0.292803 0.940562
vt 0.286112 0.937354
vt 0.287165 0.977559
vt 0.290320 0.974609
vt 0.293354 0.970224
vt 0.295952 0.965567
vt 0.300267 0.961694
vt 0.303860 0.960254
vt 0.310759 0.960082
vt 0.316729 0.961124
vt 0.321582 0.963603
vt 0.326045 0.967559
vt 0.329262 0.972652
vt 0.330832 0.977782
vt 0.333806 0.977530
vt 0.332683 0.971848
vt 0.329115 0.965089
vt 0.323761 0.959979
vt 0.318569 0.956781
vt 0.311785 0.955002
vt 0.303781 0.953968
vt 0.300821 0.951865
vt 0.297768 0.946133
s 1
usemtl Material.001
f 4486/6477/2627 4488/6478/2627 4489/6479/2628 4487/6480/2628
f 4486/6477/2627 4490/6481/2629 4491/6482/2629 4488/6478/2627
f 4490/6481/2629 4492/6483/2630 4493/6484/2630 4491/6482/2629
f 4492/6483/2630 4494/6485/2631 4495/6486/2631 4493/6484/2630
f 4494/6485/2631 4496/6487/2632 4497/6488/2632 4495/6486/2631
f 4496/6487/2632 4498/6489/2633 4499/6490/2633 4497/6488/2632
f 4498/6489/2633 4500/6491/2634 4501/6492/2634 4499/6490/2633
f 4500/6491/2634 4502/6493/2635 4503/6494/2635 4501/6492/2634
f 4502/6493/2635 4504/6495/2636 4505/6496/2636 4503/6494/2635
f 4504/6495/2636 4506/6497/2637 4507/6498/2637 4505/6496/2636
f 4506/6499/2638 4508/6500/2638 4509/6501/2638 4507/6502/2638
f 4508/6503/2639 4510/6504/2640 4511/6505/2640 4509/6506/2639
f 4510/6504/2640 4512/6507/2641 4513/6508/2641 4511/6505/2640
f 4512/6507/2641 4514/6509/2642 4515/6510/2642 4513/6508/2641
f 4514/6509/2642 4516/6511/2643 4517/6512/2643 4515/6510/2642
f 4516/6511/2643 4518/6513/2644 4519/6514/2644 4517/6512/2643
f 4518/6513/2644 4520/6515/2645 4521/6516/2645 4519/6514/2644
f 4520/6515/2645 4522/6517/2646 4523/6518/2646 4521/6516/2645
f 4522/6517/2646 4524/6519/2647 4525/6520/2647 4523/6518/2646
f 4524/6519/2647 4526/6521/2648 4527/6522/2648 4525/6520/2647
f 4526/6521/2648 4528/6523/2649 4529/6524/2649 4527/6522/2648
f 4528/6523/2649 4530/6525/2650 4531/6526/2650 4529/6524/2649
f 4489/6527/2651 4488/6528/2651 4491/6529/2651 4493/6530/2651 4495/6531/2651 4497/6532/2651 4499/6533/2651 4501/6534/2651 4503/6535/2651 4505/6536/2651 4507/6537/2651 4509/6538/2651 4511/6539/2651 4513/6540/2651 4515/6541/2651 4517/6542/2651 4519/6543/2651 4521/6544/2651 4523/6545/2651 4525/6546/2651 4527/6547/2651 4529/6548/2651 4531/6549/2651
f 4486/6550/2652 4487/6551/2652 4530/6552/2652 4528/6553/2652 4526/6554/2652 4524/6555/2652 4522/6556/2652 4520/6557/2652 4518/6558/2652 4516/6559/2652 4514/6560/2652 4512/6561/2652 4510/6562/2652 4508/6563/2652 4506/6564/2652 4504/6565/2652 4502/6566/2652 4500/6567/2652 4498/6568/2652 4496/6569/2652 4494/6570/2652 4492/6571/2652 4490/6572/2652
o AK_Back_lp
v -1.077675 0.328181 0.022037
v -1.077675 0.328181 -0.022037
v -0.984576 0.328181 0.022037
v -0.984576 0.377773 0.022037
v -0.984576 0.328181 -0.022037
v -0.984576 0.377773 -0.022037
v -1.059911 0.377773 0.022037
v -1.088902 0.342507 0.022037
v -1.088902 0.342507 -0.022037
v -1.059910 0.377773 -0.022037
vn -0.0000 1.0000 -0.0000
vn -0.4272 0.9042 -0.0000
vn -0.4377 -0.8991 -0.0000
vn -0.7871 -0.6168 -0.0000
vn -0.0000 -1.0000 -0.0000
vn -0.0000 -0.0000 -1.0000
vn -0.7725 0.6350 -0.0000
vn -0.0000 -0.0000 1.0000
vt 0.978208 0.178411
vt 0.978208 0.201655
vt 0.964609 0.201655
vt 0.964609 0.178411
vt 0.964609 0.221357
vt 0.964609 0.215741
vt 0.978208 0.215741
vt 0.978208 0.221357
vt 0.978208 0.250081
vt 0.964609 0.250081
vt 0.997839 0.238856
vt 0.993418 0.242320
vt 0.982536 0.233374
vt 0.982536 0.210127
vt 0.997839 0.210127
vt 0.997835 0.205807
vt 0.982532 0.205807
vt 0.982532 0.182562
vt 0.993414 0.173616
vt 0.997835 0.177080
s 1
usemtl Material.001
f 4537/6573/2653 4541/6574/2654 4538/6575/2654 4535/6576/2653
f 4532/6577/2655 4539/6578/2656 4540/6579/2656 4533/6580/2655
f 4533/6580/2655 4536/6581/2657 4534/6582/2657 4532/6577/2655
f 4533/6583/2658 4540/6584/2658 4541/6585/2658 4537/6586/2658 4536/6587/2658
f 4538/6575/2654 4541/6574/2654 4540/6579/2659 4539/6578/2659
f 4534/6588/2660 4535/6589/2660 4538/6590/2660 4539/6591/2660 4532/6592/2660
o AK_WoodHandle03_lp
v 1.198000 0.234130 0.068862
v 1.198000 0.166680 0.017786
v 1.198000 0.173546 0.034361
v 1.198000 0.184467 0.048593
v 1.198000 0.198700 0.059515
v 1.198000 0.215274 0.066380
v 1.198000 0.405231 0.068862
v 1.198000 0.424086 0.066380
v 1.198000 0.440661 0.059515
v 1.198000 0.454893 0.048593
v 1.198000 0.465815 0.034361
v 1.198000 0.472680 0.017786
v 1.198000 0.234130 -0.068862
v 1.198000 0.164339 0.000000
v 1.198000 0.215274 -0.066380
v 1.198000 0.198700 -0.059515
v 1.198000 0.184467 -0.048593
v 1.198000 0.173546 -0.034361
v 1.198000 0.166680 -0.017786
v 1.198000 0.475021 -0.000000
v 1.198000 0.405231 -0.068862
v 1.198000 0.472680 -0.017786
v 1.198000 0.465815 -0.034361
v 1.198000 0.454893 -0.048593
v 1.198000 0.440661 -0.059515
v 1.198000 0.424086 -0.066380
v 1.237685 0.404376 -0.055825
v 1.227592 0.406300 -0.085177
v 1.237685 0.461871 -0.000000
v 1.227592 0.491477 -0.000000
v 1.237685 0.420683 -0.053678
v 1.227592 0.428345 -0.082274
v 1.237685 0.434086 -0.048126
v 1.227592 0.448888 -0.073765
v 1.237685 0.445595 -0.039295
v 1.227592 0.466529 -0.060229
v 1.237685 0.454426 -0.027786
v 1.227592 0.480065 -0.042588
v 1.237685 0.459978 -0.014383
v 1.227592 0.488574 -0.022045
v 1.227592 0.147884 0.000000
v 1.237685 0.177489 0.000000
v 1.237685 0.234984 -0.055824
v 1.227592 0.233060 -0.085176
v 1.237685 0.179383 -0.014383
v 1.227592 0.150786 -0.022045
v 1.237685 0.184934 -0.027786
v 1.227592 0.159295 -0.042588
v 1.237685 0.193766 -0.039295
v 1.227592 0.172831 -0.060229
v 1.237685 0.205275 -0.048126
v 1.227592 0.190472 -0.073765
v 1.237685 0.218677 -0.053678
v 1.227592 0.211015 -0.082274
v 1.237685 0.234984 0.055825
v 1.227592 0.233060 0.085177
v 1.237685 0.218677 0.053678
v 1.227592 0.211015 0.082274
v 1.237685 0.205275 0.048126
v 1.227592 0.190472 0.073765
v 1.237685 0.193766 0.039295
v 1.227592 0.172831 0.060229
v 1.237685 0.184934 0.027786
v 1.227592 0.159295 0.042588
v 1.237685 0.179383 0.014383
v 1.227592 0.150786 0.022045
v 1.237685 0.404376 0.055825
v 1.227592 0.406300 0.085177
v 1.237685 0.459978 0.014383
v 1.227592 0.488574 0.022045
v 1.237685 0.454426 0.027786
v 1.227592 0.480065 0.042588
v 1.237685 0.445595 0.039295
v 1.227592 0.466529 0.060229
v 1.237685 0.434086 0.048126
v 1.227592 0.448888 0.073765
v 1.237685 0.420683 0.053678
v 1.227592 0.428345 0.082274
v 1.235752 0.405944 -0.079750
v 1.232259 0.406173 -0.083243
v 1.235752 0.486003 -0.000000
v 1.232259 0.489527 -0.000000
v 1.232259 0.427841 -0.080391
v 1.235752 0.426929 -0.076987
v 1.232259 0.447913 -0.072077
v 1.235752 0.446151 -0.069025
v 1.232259 0.465150 -0.058850
v 1.235752 0.462658 -0.056359
v 1.232259 0.478377 -0.041613
v 1.235752 0.475325 -0.039852
v 1.232259 0.486691 -0.021541
v 1.235752 0.483287 -0.020629
v 1.232259 0.149834 0.000000
v 1.235752 0.153357 0.000000
v 1.232259 0.233187 -0.083243
v 1.235752 0.233416 -0.079750
v 1.235752 0.156073 -0.020629
v 1.232259 0.152669 -0.021541
v 1.235752 0.164036 -0.039851
v 1.232259 0.160984 -0.041613
v 1.235752 0.176702 -0.056358
v 1.232259 0.174210 -0.058850
v 1.235752 0.193209 -0.069025
v 1.232259 0.191447 -0.072076
v 1.235752 0.212432 -0.076987
v 1.232259 0.211520 -0.080391
v 1.235752 0.233416 0.079750
v 1.232259 0.233187 0.083243
v 1.235752 0.212432 0.076987
v 1.232259 0.211520 0.080391
v 1.235752 0.193209 0.069025
v 1.232259 0.191447 0.072077
v 1.235752 0.176702 0.056359
v 1.232259 0.174210 0.058850
v 1.235752 0.164036 0.039852
v 1.232259 0.160984 0.041613
v 1.235752 0.156073 0.020629
v 1.232259 0.152669 0.021541
v 1.232259 0.406173 0.083243
v 1.235752 0.405944 0.079750
v 1.232259 0.486691 0.021541
v 1.235752 0.483287 0.020629
v 1.232259 0.478377 0.041613
v 1.235752 0.475325 0.039852
v 1.232259 0.465150 0.058850
v 1.235752 0.462659 0.056359
v 1.232259 0.447913 0.072077
v 1.235752 0.446151 0.069025
v 1.232259 0.427841 0.080391
v 1.235752 0.426929 0.076987
v 1.198000 0.491477 -0.000000
v 1.198000 0.488574 0.022045
v 1.198000 0.150786 0.022045
v 1.198000 0.147884 0.000000
v 1.198000 0.159295 0.042588
v 1.198000 0.172831 0.060229
v 1.198000 0.190472 0.073765
v 1.198000 0.211015 0.082274
v 1.198000 0.233060 0.085177
v 1.198000 0.480065 0.042588
v 1.198000 0.466529 0.060229
v 1.198000 0.448888 0.073765
v 1.198000 0.428345 0.082274
v 1.198000 0.406300 0.085177
v 1.198000 0.211015 -0.082274
v 1.198000 0.233060 -0.085176
v 1.198000 0.190472 -0.073765
v 1.198000 0.172831 -0.060229
v 1.198000 0.159295 -0.042588
v 1.198000 0.150786 -0.022045
v 1.198000 0.406300 -0.085177
v 1.198000 0.428345 -0.082274
v 1.198000 0.448888 -0.073765
v 1.198000 0.466529 -0.060229
v 1.198000 0.480065 -0.042588
v 1.198000 0.488574 -0.022045
v 1.237685 0.158064 0.000000
v 1.237685 0.160620 0.019410
v 1.237685 0.478740 0.019410
v 1.237685 0.481296 -0.000000
v 1.237685 0.168112 0.037498
v 1.237685 0.180030 0.053030
v 1.237685 0.195562 0.064948
v 1.237685 0.213650 0.072440
v 1.237685 0.233722 0.075083
v 1.237685 0.471248 0.037498
v 1.237685 0.459330 0.053030
v 1.237685 0.443798 0.064948
v 1.237685 0.425710 0.072440
v 1.237685 0.405638 0.075083
v 1.237685 0.233722 -0.075083
v 1.237685 0.213650 -0.072440
v 1.237685 0.195562 -0.064948
v 1.237685 0.180030 -0.053030
v 1.237685 0.168112 -0.037498
v 1.237685 0.160620 -0.019410
v 1.237685 0.425710 -0.072440
v 1.237685 0.405638 -0.075083
v 1.237685 0.443798 -0.064948
v 1.237685 0.459330 -0.053030
v 1.237685 0.471248 -0.037498
v 1.237685 0.478740 -0.019410
v 0.368269 0.329684 0.085177
v 0.330279 0.329684 0.069752
v 0.339135 0.329684 0.085177
v 0.368269 0.255115 0.085177
v 0.368269 0.224227 0.085107
v 0.368269 0.193355 0.084137
v 0.368269 0.162743 0.080019
v 0.368269 0.133974 0.068777
v 0.368269 0.112133 0.046936
v 0.368269 0.100891 0.018167
v 0.339135 0.255622 0.085177
v 0.339135 0.100908 0.017954
v 0.339135 0.112185 0.046815
v 0.339135 0.134096 0.068725
v 0.339135 0.162956 0.080003
v 0.339135 0.193666 0.084134
v 0.339135 0.224636 0.085107
v 0.330279 0.265247 0.069752
v 0.330279 0.116177 0.010408
v 0.330279 0.126662 0.035902
v 0.330279 0.146683 0.054925
v 0.330279 0.173713 0.064961
v 0.330279 0.203504 0.068769
v 0.330279 0.234211 0.069685
v 0.368269 0.329684 -0.085177
v 0.330279 0.329684 -0.069752
v 0.339135 0.329684 -0.085177
v 0.368269 0.255115 -0.085176
v 0.368269 0.224227 -0.085107
v 0.368269 0.193355 -0.084137
v 0.368269 0.162743 -0.080019
v 0.368269 0.133974 -0.068777
v 0.368269 0.112133 -0.046936
v 0.368269 0.100891 -0.018167
v 0.339135 0.255622 -0.085176
v 0.339135 0.100908 -0.017954
v 0.339135 0.112185 -0.046815
v 0.339135 0.134096 -0.068725
v 0.339135 0.162956 -0.080003
v 0.339135 0.193666 -0.084134
v 0.339135 0.224636 -0.085107
v 0.330279 0.265247 -0.069751
v 0.330279 0.116177 -0.010408
v 0.330279 0.126662 -0.035902
v 0.330279 0.146683 -0.054925
v 0.330279 0.173713 -0.064961
v 0.330279 0.203504 -0.068769
v 0.330279 0.234211 -0.069685
v 0.368269 0.329684 0.000000
v 0.330279 0.329684 0.000000
v 0.339135 0.098492 0.000000
v 0.330279 0.114703 0.000000
v 0.368269 0.098447 0.000000
v 0.330279 0.265240 0.076320
v 0.330279 0.234106 0.076253
v 0.330279 0.202988 0.075325
v 0.330279 0.172133 0.071380
v 0.330279 0.143135 0.060614
v 0.330279 0.121120 0.039697
v 0.330279 0.109789 0.012145
v 0.330279 0.329684 0.076320
v 0.330279 0.108069 0.000000
v 0.330279 0.265239 -0.076320
v 0.330279 0.234106 -0.076253
v 0.330279 0.202988 -0.075325
v 0.330279 0.172133 -0.071380
v 0.330279 0.143135 -0.060614
v 0.330279 0.121120 -0.039697
v 0.330279 0.109789 -0.012145
v 0.330279 0.329684 -0.076320
vn -0.0000 -0.5000 0.8660
vn 0.0563 -0.4992 0.8646
vn 0.0564 -0.2584 0.9644
vn -0.0000 -0.2588 0.9659
vn 1.0000 -0.0000 -0.0000
vn 0.0563 0.9984 -0.0000
vn -0.0000 1.0000 -0.0000
vn -0.0000 0.9659 0.2588
vn 0.0563 0.9644 0.2584
vn -0.0000 -0.9659 -0.2588
vn 0.0563 -0.9644 -0.2584
vn 0.0563 -0.9984 -0.0000
vn -0.0000 -1.0000 -0.0000
vn 0.0564 0.2584 0.9644
vn -0.0000 0.2588 0.9659
vn -0.0000 0.0149 0.9999
vn 0.0564 0.0148 0.9983
vn -0.0000 -0.9659 0.2588
vn 0.0563 -0.9644 0.2584
vn 0.0563 -0.8647 0.4992
vn -0.0000 -0.8660 0.5000
vn 0.0563 -0.7060 0.7060
vn -0.0000 -0.7071 0.7071
vn -0.0000 -0.0148 0.9999
vn 0.0564 -0.0148 0.9983
vn 0.0563 0.9644 -0.2584
vn -0.0000 0.9659 -0.2588
vn 0.0563 0.8647 0.4992
vn -0.0000 0.8660 0.5000
vn -0.0000 0.7071 0.7071
vn 0.0563 0.7060 0.7060
vn -0.0000 0.5000 0.8660
vn 0.0563 0.4992 0.8647
vn -0.0000 -0.8660 -0.5000
vn 0.0563 -0.8646 -0.4992
vn -0.0000 -0.2588 -0.9659
vn 0.0564 -0.2584 -0.9644
vn 0.0563 -0.4992 -0.8647
vn -0.0000 -0.5000 -0.8660
vn 0.0563 -0.7060 -0.7060
vn -0.0000 -0.7071 -0.7071
vn -0.0000 -0.0149 -0.9999
vn 0.0564 -0.0148 -0.9983
vn -0.0000 0.0148 -0.9999
vn 0.0564 0.0148 -0.9983
vn 0.0563 0.4992 -0.8647
vn -0.0000 0.5000 -0.8660
vn -0.0000 0.7071 -0.7071
vn 0.0563 0.7060 -0.7060
vn -0.0000 0.8660 -0.5000
vn 0.0563 0.8647 -0.4992
vn 0.0564 0.2584 -0.9644
vn -0.0000 0.2588 -0.9659
vn 0.5543 -0.8323 -0.0000
vn 0.5543 -0.8040 0.2154
vn 0.5543 -0.8040 -0.2154
vn 0.5543 0.8040 0.2154
vn 0.5543 0.8323 -0.0000
vn 0.5543 0.8039 -0.2154
vn 0.5543 -0.7208 0.4162
vn 0.9966 0.0012 0.0818
vn 0.9960 0.0230 0.0865
vn 0.8324 0.1428 0.5354
vn 0.8325 0.0079 0.5539
vn 0.5543 -0.5885 0.5885
vn 0.9958 -0.0882 0.0236
vn 0.9958 -0.0790 0.0457
vn 0.8320 -0.4804 0.2774
vn 0.8320 -0.5358 0.1436
vn 0.5543 -0.4162 0.7208
vn 0.9958 -0.0645 0.0645
vn 0.8320 -0.3922 0.3922
vn 0.5547 -0.2150 0.8038
vn 0.9958 -0.0457 0.0790
vn 0.8320 -0.2774 0.4804
vn 0.5537 -0.0122 0.8326
vn 0.5537 0.0122 0.8326
vn 0.5543 0.7208 0.4162
vn 0.9958 0.0645 0.0645
vn 0.9958 0.0791 0.0456
vn 0.8320 0.4804 0.2774
vn 0.8320 0.3922 0.3922
vn 0.5542 0.5886 0.5886
vn 0.9958 0.0456 0.0790
vn 0.8320 0.2774 0.4804
vn 0.5543 0.4162 0.7208
vn 0.5547 0.2150 0.8038
vn 0.9958 0.0882 0.0236
vn 0.8320 0.5358 0.1436
vn 0.5537 -0.0122 -0.8326
vn 0.5547 -0.2150 -0.8038
vn 0.9958 -0.0790 -0.0456
vn 0.9958 -0.0882 -0.0236
vn 0.8320 -0.5358 -0.1436
vn 0.8320 -0.4804 -0.2774
vn 0.5543 -0.4162 -0.7208
vn 0.9966 -0.0012 0.0818
vn 0.8325 -0.0079 0.5539
vn 0.5543 -0.5885 -0.5885
vn 0.9960 -0.0230 -0.0865
vn 0.9958 -0.0456 -0.0790
vn 0.8320 -0.2774 -0.4804
vn 0.8324 -0.1429 -0.5354
vn 0.5543 -0.7208 -0.4162
vn 0.9958 -0.0646 -0.0645
vn 0.8320 -0.3922 -0.3922
vn 0.9958 -0.0913 -0.0000
vn 0.8320 -0.5547 -0.0000
vn 0.9966 -0.0012 -0.0818
vn 0.8325 -0.0079 -0.5539
vn 0.5547 0.2150 -0.8038
vn 0.5537 0.0122 -0.8326
vn 0.5542 0.4162 -0.7208
vn 0.9958 0.0645 -0.0645
vn 0.9958 0.0456 -0.0791
vn 0.8320 0.2774 -0.4804
vn 0.8320 0.3922 -0.3922
vn 0.5543 0.5885 -0.5885
vn 0.9958 0.0790 -0.0456
vn 0.8320 0.4804 -0.2774
vn 0.5543 0.7208 -0.4162
vn 0.9958 0.0882 -0.0236
vn 0.8320 0.5358 -0.1436
vn 0.9958 0.0913 -0.0000
vn 0.8320 0.5547 -0.0000
vn 0.9960 0.0230 -0.0865
vn 0.8324 0.1429 -0.5354
vn 0.9960 -0.0230 0.0865
vn 0.8324 -0.1428 0.5354
vn 0.9966 0.0012 -0.0818
vn 0.8325 0.0079 -0.5539
vn -1.0000 -0.0000 -0.0000
vn -0.0000 -0.0011 1.0000
vn -0.0000 -0.0000 1.0000
vn -0.0000 -0.0006 1.0000
vn -0.7073 -0.0005 0.7069
vn -0.7071 -0.0000 0.7071
vn -0.7126 -0.0115 0.7015
vn -0.7311 -0.0549 0.6800
vn -0.7651 -0.1575 0.6243
vn -0.7957 -0.3256 0.5108
vn -0.7910 -0.5082 0.3407
vn -0.7910 -0.5082 0.3408
vn -0.7602 -0.6207 0.1919
vn -0.0002 -0.0167 0.9999
vn -0.0002 -0.0170 0.9999
vn -0.0010 -0.0825 0.9966
vn -0.0010 -0.0828 0.9966
vn -0.0024 -0.2506 0.9681
vn -0.0024 -0.2503 0.9682
vn -0.0038 -0.5473 0.8370
vn -0.0038 -0.5469 0.8372
vn -0.0038 -0.8372 0.5469
vn -0.0038 -0.8368 0.5474
vn -0.0026 -0.9599 0.2803
vn -0.0024 -0.9599 0.2803
vn -0.7360 -0.6770 -0.0000
vn -0.0015 -1.0000 -0.0000
vn -0.0000 -0.0011 -1.0000
vn -0.0000 -0.0008 -1.0000
vn -0.0000 -0.0000 -1.0000
vn -0.7073 -0.0005 -0.7069
vn -0.7071 -0.0000 -0.7071
vn -0.7126 -0.0115 -0.7014
vn -0.7126 -0.0115 -0.7015
vn -0.7311 -0.0548 -0.6800
vn -0.7311 -0.0549 -0.6800
vn -0.7651 -0.1575 -0.6243
vn -0.7957 -0.3256 -0.5108
vn -0.7910 -0.5082 -0.3408
vn -0.7910 -0.5082 -0.3407
vn -0.7602 -0.6207 -0.1919
vn -0.0002 -0.0170 -0.9999
vn -0.0002 -0.0167 -0.9999
vn -0.0010 -0.0828 -0.9966
vn -0.0010 -0.0826 -0.9966
vn -0.0024 -0.2504 -0.9682
vn -0.0024 -0.2506 -0.9681
vn -0.0038 -0.5470 -0.8371
vn -0.0038 -0.5474 -0.8369
vn -0.0038 -0.8370 -0.5471
vn -0.0038 -0.8370 -0.5472
vn -0.0026 -0.9599 -0.2803
vn -0.0024 -0.9599 -0.2803
vt 0.074218 0.921979
vt 0.074218 0.931691
vt 0.068060 0.931691
vt 0.068060 0.921979
vt 0.894778 0.599576
vt 0.890340 0.598992
vt 0.886204 0.597279
vt 0.882653 0.594554
vt 0.879928 0.591003
vt 0.878215 0.586867
vt 0.877552 0.581835
vt 0.877552 0.529567
vt 0.878215 0.524535
vt 0.879928 0.520399
vt 0.882653 0.516848
vt 0.886204 0.514123
vt 0.890340 0.512410
vt 0.894778 0.511826
vt 0.899216 0.512410
vt 0.903351 0.514123
vt 0.906903 0.516848
vt 0.909628 0.520399
vt 0.911341 0.524535
vt 0.912003 0.529567
vt 0.912003 0.581835
vt 0.911341 0.586867
vt 0.909628 0.591003
vt 0.906903 0.594554
vt 0.903351 0.597279
vt 0.899216 0.598992
vt 0.226458 0.931691
vt 0.226458 0.921979
vt 0.232616 0.921979
vt 0.232616 0.931691
vt 0.105007 0.921979
vt 0.105007 0.931691
vt 0.098849 0.931691
vt 0.098849 0.921979
vt 0.257247 0.931691
vt 0.257247 0.921979
vt 0.263589 0.921979
vt 0.263589 0.931691
vt 0.092692 0.921979
vt 0.092692 0.931691
vt 0.086534 0.931691
vt 0.086534 0.921979
vt 0.080376 0.931691
vt 0.080376 0.921979
vt 0.316934 0.921979
vt 0.316934 0.931691
vt 0.220300 0.931691
vt 0.220300 0.921979
vt 0.238773 0.931691
vt 0.238773 0.921979
vt 0.244931 0.921979
vt 0.244931 0.931691
vt 0.251089 0.921979
vt 0.251089 0.931691
vt 0.111165 0.921979
vt 0.111165 0.931691
vt 0.061718 0.931691
vt 0.061718 0.921979
vt 0.129638 0.921979
vt 0.129638 0.931691
vt 0.123480 0.931691
vt 0.123480 0.921979
vt 0.117323 0.931691
vt 0.117323 0.921979
vt 0.135981 0.921979
vt 0.135981 0.931691
vt 0.189326 0.921979
vt 0.189326 0.931691
vt 0.201826 0.931691
vt 0.201826 0.921979
vt 0.207984 0.921979
vt 0.207984 0.931691
vt 0.214142 0.921979
vt 0.214142 0.931691
vt 0.195669 0.931691
vt 0.195669 0.921979
vt 0.930747 0.230980
vt 0.930747 0.225459
vt 0.932419 0.225459
vt 0.932419 0.230980
vt 0.930747 0.007683
vt 0.930747 0.002162
vt 0.932418 0.002162
vt 0.932418 0.007683
vt 0.930747 0.122092
vt 0.930747 0.116571
vt 0.932418 0.116571
vt 0.932418 0.122092
vt 0.930747 0.111050
vt 0.932418 0.111050
vt 0.930747 0.219938
vt 0.932418 0.219938
vt 0.927427 0.149862
vt 0.927427 0.144175
vt 0.929108 0.144175
vt 0.929108 0.149862
vt 0.930747 0.214417
vt 0.932418 0.214417
vt 0.927427 0.225459
vt 0.927427 0.219938
vt 0.929108 0.219938
vt 0.929108 0.225459
vt 0.930747 0.208897
vt 0.932418 0.208897
vt 0.927427 0.214417
vt 0.929108 0.214417
vt 0.930747 0.203376
vt 0.932418 0.203376
vt 0.927427 0.208897
vt 0.929108 0.208897
vt 0.930747 0.197689
vt 0.932418 0.197689
vt 0.930747 0.149862
vt 0.932418 0.149862
vt 0.930747 0.127613
vt 0.932418 0.127613
vt 0.927427 0.133134
vt 0.927427 0.127613
vt 0.929108 0.127613
vt 0.929108 0.133134
vt 0.930747 0.133134
vt 0.932418 0.133134
vt 0.927427 0.138654
vt 0.929108 0.138654
vt 0.930747 0.138654
vt 0.932418 0.138654
vt 0.930747 0.144175
vt 0.932418 0.144175
vt 0.927427 0.122092
vt 0.929108 0.122092
vt 0.930747 0.035453
vt 0.930747 0.029766
vt 0.932418 0.029766
vt 0.932418 0.035453
vt 0.927427 0.013204
vt 0.927427 0.007683
vt 0.929108 0.007683
vt 0.929108 0.013204
vt 0.930747 0.024245
vt 0.932418 0.024245
vt 0.927427 0.197689
vt 0.929108 0.197689
vt 0.930747 0.018724
vt 0.932418 0.018724
vt 0.927427 0.029766
vt 0.927427 0.024245
vt 0.929108 0.024245
vt 0.929108 0.029766
vt 0.930747 0.013204
vt 0.932418 0.013204
vt 0.927427 0.018724
vt 0.929108 0.018724
vt 0.927427 0.230980
vt 0.929108 0.230980
vt 0.927427 0.035453
vt 0.929108 0.035453
vt 0.930747 0.088967
vt 0.930747 0.083280
vt 0.932418 0.083280
vt 0.932418 0.088967
vt 0.930747 0.094487
vt 0.932418 0.094487
vt 0.927427 0.100008
vt 0.927427 0.094487
vt 0.929108 0.094487
vt 0.929108 0.100008
vt 0.930747 0.100008
vt 0.932418 0.100008
vt 0.927427 0.105529
vt 0.929108 0.105529
vt 0.930747 0.105529
vt 0.932418 0.105529
vt 0.927427 0.111050
vt 0.929108 0.111050
vt 0.927427 0.002162
vt 0.929108 0.002162
vt 0.927427 0.116571
vt 0.929108 0.116571
vt 0.927427 0.088967
vt 0.929108 0.088967
vt 0.927427 0.203376
vt 0.929108 0.203376
vt 0.927427 0.083280
vt 0.929108 0.083280
vt 0.968829 0.499388
vt 0.968829 0.505553
vt 0.963790 0.505553
vt 0.963790 0.499388
vt 0.968829 0.365480
vt 0.968829 0.371645
vt 0.963790 0.371645
vt 0.963790 0.365480
vt 0.968829 0.359316
vt 0.963790 0.359316
vt 0.968829 0.353152
vt 0.963790 0.353152
vt 0.968829 0.346987
vt 0.963790 0.346987
vt 0.968829 0.340823
vt 0.963790 0.340823
vt 0.968829 0.334474
vt 0.963790 0.334474
vt 0.968829 0.511717
vt 0.963790 0.511717
vt 0.968829 0.517881
vt 0.963790 0.517881
vt 0.968829 0.524046
vt 0.963790 0.524046
vt 0.968829 0.530210
vt 0.963790 0.530210
vt 0.968829 0.536559
vt 0.963790 0.536559
vt 0.968829 0.402466
vt 0.968829 0.408816
vt 0.963790 0.408816
vt 0.963790 0.402466
vt 0.968829 0.396302
vt 0.963790 0.396302
vt 0.968829 0.390138
vt 0.963790 0.390138
vt 0.968829 0.383973
vt 0.963790 0.383973
vt 0.968829 0.377809
vt 0.963790 0.377809
vt 0.968829 0.462217
vt 0.968829 0.468566
vt 0.963790 0.468566
vt 0.963790 0.462217
vt 0.968829 0.474731
vt 0.963790 0.474731
vt 0.968829 0.480895
vt 0.963790 0.480895
vt 0.968829 0.487059
vt 0.963790 0.487059
vt 0.968829 0.493224
vt 0.963790 0.493224
vt 0.968830 0.589961
vt 0.963790 0.589961
vt 0.921013 0.230980
vt 0.921013 0.225459
vt 0.921013 0.122092
vt 0.921013 0.116571
vt 0.921013 0.219938
vt 0.921013 0.214417
vt 0.921013 0.208897
vt 0.921013 0.203376
vt 0.921013 0.197689
vt 0.921013 0.127613
vt 0.921013 0.133134
vt 0.921013 0.138654
vt 0.921013 0.144175
vt 0.921013 0.149862
vt 0.921013 0.035453
vt 0.921013 0.029766
vt 0.921013 0.024245
vt 0.921013 0.018724
vt 0.921013 0.013204
vt 0.921013 0.007683
vt 0.921013 0.002162
vt 0.921013 0.088967
vt 0.921013 0.083280
vt 0.921013 0.094487
vt 0.921013 0.100008
vt 0.921013 0.105529
vt 0.921013 0.111050
vt 0.964498 0.025182
vt 0.964603 0.002175
vt 0.973591 0.002216
vt 0.973488 0.025066
vt 0.401776 0.982355
vt 0.378488 0.982355
vt 0.378488 0.978563
vt 0.401776 0.978563
vt 0.412185 0.978563
vt 0.412185 0.982355
vt 0.422567 0.978563
vt 0.422567 0.982355
vt 0.432890 0.978563
vt 0.432890 0.982355
vt 0.443097 0.978563
vt 0.443097 0.982355
vt 0.453154 0.978563
vt 0.453154 0.982355
vt 0.463159 0.978563
vt 0.463159 0.982355
vt 0.973444 0.034627
vt 0.964455 0.034712
vt 0.973401 0.044187
vt 0.964412 0.044241
vt 0.973358 0.053747
vt 0.964369 0.053771
vt 0.973321 0.063307
vt 0.964332 0.063301
vt 0.973299 0.072867
vt 0.964310 0.072831
vt 0.973292 0.082427
vt 0.964303 0.082361
vt 0.468129 0.978563
vt 0.468129 0.982355
vt 0.973290 0.088016
vt 0.964302 0.088016
vt 0.060931 0.002163
vt 0.087217 0.002163
vt 0.087217 0.013887
vt 0.065691 0.013887
vt 0.063664 0.013887
vt 0.060931 0.011153
vt 0.964498 0.150851
vt 0.973488 0.150967
vt 0.973591 0.173817
vt 0.964603 0.173858
vt 0.534483 0.982355
vt 0.534483 0.978563
vt 0.557770 0.978563
vt 0.557770 0.982355
vt 0.524074 0.982355
vt 0.524074 0.978563
vt 0.513692 0.982355
vt 0.513692 0.978563
vt 0.503369 0.982355
vt 0.503369 0.978563
vt 0.493162 0.982355
vt 0.493162 0.978563
vt 0.483104 0.982355
vt 0.483104 0.978563
vt 0.473099 0.982355
vt 0.473099 0.978563
vt 0.964455 0.141321
vt 0.973444 0.141407
vt 0.964412 0.131792
vt 0.973401 0.131846
vt 0.964369 0.122262
vt 0.973358 0.122286
vt 0.964332 0.112732
vt 0.973321 0.112726
vt 0.964310 0.103202
vt 0.973299 0.103166
vt 0.964303 0.093672
vt 0.973292 0.093606
vt 0.113502 0.002163
vt 0.113503 0.011153
vt 0.110769 0.013887
vt 0.108742 0.013887
vt 0.731881 0.909016
vt 0.741456 0.908995
vt 0.741488 0.911022
vt 0.731883 0.911042
vt 0.750929 0.908713
vt 0.751088 0.910735
vt 0.760120 0.907538
vt 0.760608 0.909518
vt 0.768460 0.904442
vt 0.769554 0.906197
vt 0.774637 0.898573
vt 0.776346 0.899744
vt 0.777871 0.890707
vt 0.779842 0.891243
vt 0.712000 0.909016
vt 0.712000 0.911042
vt 0.778326 0.887496
vt 0.780373 0.887496
vt 0.741455 0.865997
vt 0.731880 0.865977
vt 0.731883 0.863950
vt 0.741488 0.863971
vt 0.750929 0.866280
vt 0.751088 0.864257
vt 0.760120 0.867455
vt 0.760608 0.865474
vt 0.768460 0.870551
vt 0.769554 0.868796
vt 0.774637 0.876420
vt 0.776346 0.875249
vt 0.777871 0.884285
vt 0.779842 0.883749
vt 0.712000 0.865977
vt 0.712000 0.863950
s 1
usemtl Material.001
f 4678/6593/2661 4601/6594/2662 4599/6595/2663 4679/6596/2664
f 4583/6597/2665 4586/6598/2665 4588/6599/2665 4590/6600/2665 4592/6601/2665 4594/6602/2665 4584/6603/2665 4568/6604/2665 4572/6605/2665 4574/6606/2665 4576/6607/2665 4578/6608/2665 4580/6609/2665 4570/6610/2665 4610/6611/2665 4612/6612/2665 4614/6613/2665 4616/6614/2665 4618/6615/2665 4608/6616/2665 4596/6617/2665 4598/6618/2665 4600/6619/2665 4602/6620/2665 4604/6621/2665 4606/6622/2665
f 4571/6623/2666 4672/6624/2667 4673/6625/2668 4611/6626/2669
f 4691/6627/2670 4587/6628/2671 4582/6629/2672 4675/6630/2673
f 4619/6631/2674 4684/6632/2675 4685/6633/2676 4609/6634/2677
f 4674/6635/2678 4607/6636/2679 4605/6637/2680 4676/6638/2681
f 4676/6638/2681 4605/6637/2680 4603/6639/2682 4677/6640/2683
f 4677/6640/2683 4603/6639/2682 4601/6594/2662 4678/6593/2661
f 4685/6633/2676 4680/6641/2684 4597/6642/2685 4609/6634/2677
f 4581/6643/2686 4697/6644/2687 4672/6624/2667 4571/6623/2666
f 4613/6645/2688 4681/6646/2689 4682/6647/2690 4615/6648/2691
f 4615/6648/2691 4682/6647/2690 4683/6649/2692 4617/6650/2693
f 4617/6650/2693 4683/6649/2692 4684/6632/2675 4619/6631/2674
f 4611/6626/2669 4673/6625/2668 4681/6646/2689 4613/6645/2688
f 4690/6651/2694 4589/6652/2695 4587/6628/2671 4691/6627/2670
f 4679/6596/2664 4599/6595/2663 4597/6653/2685 4680/6654/2684
f 4686/6655/2696 4595/6656/2697 4593/6657/2698 4688/6658/2699
f 4688/6658/2699 4593/6657/2698 4591/6659/2700 4689/6660/2701
f 4689/6660/2701 4591/6659/2700 4589/6652/2695 4690/6651/2694
f 4687/6661/2702 4585/6662/2703 4595/6656/2697 4686/6655/2696
f 4687/6661/2702 4692/6663/2704 4569/6664/2705 4585/6662/2703
f 4575/6665/2706 4694/6666/2707 4695/6667/2708 4577/6668/2709
f 4577/6668/2709 4695/6667/2708 4696/6669/2710 4579/6670/2711
f 4579/6670/2711 4696/6669/2710 4697/6644/2687 4581/6643/2686
f 4675/6630/2673 4582/6629/2672 4607/6636/2679 4674/6635/2678
f 4573/6671/2712 4693/6672/2713 4694/6666/2707 4575/6665/2706
f 4634/6673/2714 4659/6674/2715 4607/6675/2679 4582/6676/2672
f 4639/6677/2716 4634/6678/2714 4582/6679/2672 4587/6680/2671
f 4662/6681/2717 4623/6682/2718 4571/6683/2666 4611/6684/2669
f 4623/6682/2718 4632/6685/2719 4581/6686/2686 4571/6683/2666
f 4659/6674/2715 4657/6687/2720 4605/6688/2680 4607/6675/2679
f 4711/6689/2721 4710/6690/2722 4671/6691/2723 4661/6692/2724
f 4657/6687/2720 4655/6693/2725 4603/6694/2682 4605/6688/2680
f 4699/6695/2726 4702/6696/2727 4656/6697/2728 4658/6698/2729
f 4655/6693/2725 4653/6699/2730 4601/6700/2662 4603/6694/2682
f 4702/6696/2727 4703/6701/2731 4654/6702/2732 4656/6697/2728
f 4653/6699/2730 4651/6703/2733 4599/6704/2663 4601/6700/2662
f 4703/6701/2731 4704/6705/2734 4652/6706/2735 4654/6702/2732
f 4651/6703/2733 4649/6707/2736 4597/6708/2685 4599/6704/2663
f 4649/6707/2736 4660/6709/2737 4609/6710/2677 4597/6708/2685
f 4664/6711/2738 4662/6681/2717 4611/6684/2669 4613/6712/2688
f 4708/6713/2739 4707/6714/2740 4665/6715/2741 4667/6716/2742
f 4666/6717/2743 4664/6711/2738 4613/6712/2688 4615/6718/2691
f 4709/6719/2744 4708/6713/2739 4667/6716/2742 4669/6720/2745
f 4668/6721/2746 4666/6717/2743 4615/6718/2691 4617/6722/2693
f 4710/6690/2722 4709/6719/2744 4669/6720/2745 4671/6691/2723
f 4670/6723/2747 4668/6721/2746 4617/6722/2693 4619/6724/2674
f 4660/6709/2737 4670/6723/2747 4619/6724/2674 4609/6710/2677
f 4707/6714/2740 4700/6725/2748 4663/6726/2749 4665/6715/2741
f 4636/6727/2750 4647/6728/2751 4595/6729/2697 4585/6730/2703
f 4716/6731/2752 4717/6732/2753 4638/6733/2754 4640/6734/2755
f 4647/6728/2751 4645/6735/2756 4593/6736/2698 4595/6729/2697
f 4706/6737/2757 4711/6689/2721 4661/6692/2724 4648/6738/2758
f 4645/6735/2756 4643/6739/2759 4591/6740/2700 4593/6736/2698
f 4713/6741/2760 4714/6742/2761 4644/6743/2762 4646/6744/2763
f 4643/6739/2759 4641/6745/2764 4589/6746/2695 4591/6740/2700
f 4714/6742/2761 4715/6747/2765 4642/6748/2766 4644/6743/2762
f 4641/6745/2764 4639/6677/2716 4587/6680/2671 4589/6746/2695
f 4715/6747/2765 4716/6731/2752 4640/6734/2755 4642/6748/2766
f 4698/6749/2767 4699/6695/2726 4658/6698/2729 4635/6750/2768
f 4712/6751/2769 4713/6741/2760 4646/6744/2763 4637/6752/2770
f 4624/6753/2771 4621/6754/2772 4569/6755/2705 4573/6756/2712
f 4621/6754/2772 4636/6727/2750 4585/6730/2703 4569/6755/2705
f 4626/6757/2773 4624/6753/2771 4573/6756/2712 4575/6758/2706
f 4721/6759/2774 4720/6760/2775 4627/6761/2776 4629/6762/2777
f 4628/6763/2778 4626/6757/2773 4575/6758/2706 4577/6764/2709
f 4722/6765/2779 4721/6759/2774 4629/6762/2777 4631/6766/2780
f 4630/6767/2781 4628/6763/2778 4577/6764/2709 4579/6768/2711
f 4723/6769/2782 4722/6765/2779 4631/6766/2780 4633/6770/2783
f 4632/6685/2719 4630/6767/2781 4579/6768/2711 4581/6686/2686
f 4717/6732/2753 4698/6771/2767 4635/6772/2768 4638/6733/2754
f 4700/6725/2748 4701/6773/2784 4622/6774/2785 4663/6726/2749
f 4720/6760/2775 4718/6775/2786 4625/6776/2787 4627/6761/2776
f 4705/6777/2788 4706/6737/2757 4648/6738/2758 4650/6778/2789
f 4704/6705/2734 4705/6777/2788 4650/6778/2789 4652/6706/2735
f 4718/6775/2786 4719/6779/2790 4620/6780/2791 4625/6776/2787
f 4701/6773/2784 4723/6769/2782 4633/6770/2783 4622/6774/2785
f 4569/6664/2705 4692/6663/2704 4693/6672/2713 4573/6671/2712
f 4659/6674/2715 4634/6673/2714 4635/6750/2768 4658/6698/2729
f 4623/6682/2718 4662/6681/2717 4663/6726/2749 4622/6774/2785
f 4657/6687/2720 4659/6674/2715 4658/6698/2729 4656/6697/2728
f 4655/6693/2725 4657/6687/2720 4656/6697/2728 4654/6702/2732
f 4653/6699/2730 4655/6693/2725 4654/6702/2732 4652/6706/2735
f 4651/6703/2733 4653/6699/2730 4652/6706/2735 4650/6778/2789
f 4649/6707/2736 4651/6703/2733 4650/6778/2789 4648/6738/2758
f 4662/6681/2717 4664/6711/2738 4665/6715/2741 4663/6726/2749
f 4664/6711/2738 4666/6717/2743 4667/6716/2742 4665/6715/2741
f 4666/6717/2743 4668/6721/2746 4669/6720/2745 4667/6716/2742
f 4668/6721/2746 4670/6723/2747 4671/6691/2723 4669/6720/2745
f 4670/6723/2747 4660/6709/2737 4661/6692/2724 4671/6691/2723
f 4647/6728/2751 4636/6727/2750 4637/6752/2770 4646/6744/2763
f 4645/6735/2756 4647/6728/2751 4646/6744/2763 4644/6743/2762
f 4643/6739/2759 4645/6735/2756 4644/6743/2762 4642/6748/2766
f 4641/6745/2764 4643/6739/2759 4642/6748/2766 4640/6734/2755
f 4639/6677/2716 4641/6745/2764 4640/6734/2755 4638/6733/2754
f 4634/6678/2714 4639/6677/2716 4638/6733/2754 4635/6772/2768
f 4621/6754/2772 4624/6753/2771 4625/6776/2787 4620/6780/2791
f 4624/6753/2771 4626/6757/2773 4627/6761/2776 4625/6776/2787
f 4626/6757/2773 4628/6763/2778 4629/6762/2777 4627/6761/2776
f 4628/6763/2778 4630/6767/2781 4631/6766/2780 4629/6762/2777
f 4630/6767/2781 4632/6685/2719 4633/6770/2783 4631/6766/2780
f 4632/6685/2719 4623/6682/2718 4622/6774/2785 4633/6770/2783
f 4660/6709/2737 4649/6707/2736 4648/6738/2758 4661/6692/2724
f 4636/6727/2750 4621/6754/2772 4620/6780/2791 4637/6752/2770
f 4719/6779/2790 4712/6751/2769 4637/6752/2770 4620/6780/2791
f 4561/6781/2792 4553/6782/2792 4673/6783/2792 4672/6784/2792
f 4543/6785/2792 4555/6786/2792 4675/6787/2792 4674/6788/2792
f 4544/6789/2792 4543/6785/2792 4674/6788/2792 4676/6790/2792
f 4545/6791/2792 4544/6789/2792 4676/6790/2792 4677/6792/2792
f 4546/6793/2792 4545/6791/2792 4677/6792/2792 4678/6794/2792
f 4547/6795/2792 4546/6793/2792 4678/6794/2792 4679/6796/2792
f 4542/6797/2792 4547/6795/2792 4679/6796/2792 4680/6798/2792
f 4553/6782/2792 4552/6799/2792 4681/6800/2792 4673/6783/2792
f 4552/6799/2792 4551/6801/2792 4682/6802/2792 4681/6800/2792
f 4551/6801/2792 4550/6803/2792 4683/6804/2792 4682/6802/2792
f 4550/6803/2792 4549/6805/2792 4684/6806/2792 4683/6804/2792
f 4549/6805/2792 4548/6807/2792 4685/6808/2792 4684/6806/2792
f 4556/6809/2792 4554/6810/2792 4687/6811/2792 4686/6812/2792
f 4557/6813/2792 4556/6809/2792 4686/6812/2792 4688/6814/2792
f 4558/6815/2792 4557/6813/2792 4688/6814/2792 4689/6816/2792
f 4559/6817/2792 4558/6815/2792 4689/6816/2792 4690/6818/2792
f 4560/6819/2792 4559/6817/2792 4690/6818/2792 4691/6820/2792
f 4555/6786/2792 4560/6819/2792 4691/6820/2792 4675/6787/2792
f 4562/6821/2792 4567/6822/2792 4693/6823/2792 4692/6824/2792
f 4567/6822/2792 4566/6825/2792 4694/6826/2792 4693/6823/2792
f 4566/6825/2792 4565/6827/2792 4695/6828/2792 4694/6826/2792
f 4565/6827/2792 4564/6829/2792 4696/6830/2792 4695/6828/2792
f 4564/6829/2792 4563/6831/2792 4697/6832/2792 4696/6830/2792
f 4563/6831/2792 4561/6781/2792 4672/6784/2792 4697/6832/2792
f 4554/6810/2792 4562/6821/2792 4692/6824/2792 4687/6811/2792
f 4548/6807/2792 4542/6833/2792 4680/6834/2792 4685/6808/2792
f 4583/6835/2665 4606/6836/2665 4699/6695/2726 4698/6749/2767
f 4610/6837/2665 4570/6838/2665 4701/6773/2784 4700/6725/2748
f 4606/6836/2665 4604/6839/2665 4702/6696/2727 4699/6695/2726
f 4604/6839/2665 4602/6840/2665 4703/6701/2731 4702/6696/2727
f 4602/6840/2665 4600/6841/2665 4704/6705/2734 4703/6701/2731
f 4600/6841/2665 4598/6842/2665 4705/6777/2788 4704/6705/2734
f 4598/6842/2665 4596/6843/2665 4706/6737/2757 4705/6777/2788
f 4612/6844/2665 4610/6837/2665 4700/6725/2748 4707/6714/2740
f 4614/6845/2665 4612/6844/2665 4707/6714/2740 4708/6713/2739
f 4616/6846/2665 4614/6845/2665 4708/6713/2739 4709/6719/2744
f 4618/6847/2665 4616/6846/2665 4709/6719/2744 4710/6690/2722
f 4608/6848/2665 4618/6847/2665 4710/6690/2722 4711/6689/2721
f 4584/6849/2665 4594/6850/2665 4713/6741/2760 4712/6751/2769
f 4594/6850/2665 4592/6851/2665 4714/6742/2761 4713/6741/2760
f 4592/6851/2665 4590/6852/2665 4715/6747/2765 4714/6742/2761
f 4590/6852/2665 4588/6853/2665 4716/6731/2752 4715/6747/2765
f 4588/6853/2665 4586/6854/2665 4717/6732/2753 4716/6731/2752
f 4586/6854/2665 4583/6855/2665 4698/6771/2767 4717/6732/2753
f 4572/6856/2665 4568/6857/2665 4719/6779/2790 4718/6775/2786
f 4574/6858/2665 4572/6856/2665 4718/6775/2786 4720/6760/2775
f 4576/6859/2665 4574/6858/2665 4720/6760/2775 4721/6759/2774
f 4578/6860/2665 4576/6859/2665 4721/6759/2774 4722/6765/2779
f 4580/6861/2665 4578/6860/2665 4722/6765/2779 4723/6769/2782
f 4570/6838/2665 4580/6861/2665 4723/6769/2782 4701/6773/2784
f 4596/6843/2665 4608/6848/2665 4711/6689/2721 4706/6737/2757
f 4568/6857/2665 4584/6849/2665 4712/6751/2769 4719/6779/2790
f 4727/6862/2793 4724/6863/2794 4726/6864/2794 4734/6865/2795
f 4734/6866/2796 4726/6867/2797 4784/6868/2797 4777/6869/2796
f 4734/6866/2796 4777/6869/2796 4778/6870/2798 4740/6871/2798
f 4740/6871/2798 4778/6870/2798 4779/6872/2799 4739/6873/2799
f 4739/6873/2799 4779/6872/2799 4780/6874/2800 4738/6875/2800
f 4738/6875/2800 4780/6874/2800 4781/6876/2801 4737/6877/2801
f 4737/6877/2801 4781/6876/2801 4782/6878/2802 4736/6879/2803
f 4736/6879/2803 4782/6878/2802 4783/6880/2804 4735/6881/2804
f 4727/6862/2793 4734/6865/2795 4740/6882/2805 4728/6883/2806
f 4728/6883/2806 4740/6882/2805 4739/6884/2807 4729/6885/2808
f 4729/6885/2808 4739/6884/2807 4738/6886/2809 4730/6887/2810
f 4730/6887/2810 4738/6886/2809 4737/6888/2811 4731/6889/2812
f 4731/6889/2812 4737/6888/2811 4736/6890/2813 4732/6891/2814
f 4732/6891/2814 4736/6890/2813 4735/6892/2815 4733/6893/2816
f 4735/6881/2804 4783/6880/2804 4785/6894/2817 4774/6895/2817
f 4733/6893/2816 4735/6892/2815 4774/6896/2818 4776/6897/2818
f 4724/6898/2667 4772/6899/2667 4773/6900/2667 4725/6901/2667 4784/6902/2667 4726/6903/2667
f 4751/6904/2819 4758/6905/2820 4750/6906/2821 4748/6907/2821
f 4758/6908/2822 4786/6909/2822 4793/6910/2823 4750/6911/2823
f 4758/6908/2822 4764/6912/2824 4787/6913/2825 4786/6909/2822
f 4764/6912/2824 4763/6914/2826 4788/6915/2827 4787/6913/2825
f 4763/6914/2826 4762/6916/2828 4789/6917/2828 4788/6915/2827
f 4762/6916/2828 4761/6918/2829 4790/6919/2829 4789/6917/2828
f 4761/6918/2829 4760/6920/2830 4791/6921/2831 4790/6919/2829
f 4760/6920/2830 4759/6922/2832 4792/6923/2832 4791/6921/2831
f 4751/6904/2819 4752/6924/2833 4764/6925/2834 4758/6905/2820
f 4752/6924/2833 4753/6926/2835 4763/6927/2836 4764/6925/2834
f 4753/6926/2835 4754/6928/2837 4762/6929/2838 4763/6927/2836
f 4754/6928/2837 4755/6930/2839 4761/6931/2840 4762/6929/2838
f 4755/6930/2839 4756/6932/2841 4760/6933/2842 4761/6931/2840
f 4756/6932/2841 4757/6934/2843 4759/6935/2844 4760/6933/2842
f 4759/6922/2832 4774/6895/2817 4785/6894/2817 4792/6923/2832
f 4757/6934/2843 4776/6897/2818 4774/6896/2818 4759/6935/2844
f 4748/6936/2667 4750/6937/2667 4793/6938/2667 4749/6939/2667 4773/6900/2667 4772/6899/2667
f 4741/6940/2792 4747/6941/2792 4778/6942/2792 4777/6943/2792
f 4747/6941/2792 4746/6944/2792 4779/6945/2792 4778/6942/2792
f 4746/6944/2792 4745/6946/2792 4780/6947/2792 4779/6945/2792
f 4745/6946/2792 4744/6948/2792 4781/6949/2792 4780/6947/2792
f 4744/6948/2792 4743/6950/2792 4782/6951/2792 4781/6949/2792
f 4743/6950/2792 4742/6952/2792 4783/6953/2792 4782/6951/2792
f 4725/6954/2792 4741/6940/2792 4777/6943/2792 4784/6955/2792
f 4742/6952/2792 4775/6956/2792 4785/6957/2792 4783/6953/2792
f 4771/6958/2792 4765/6959/2792 4786/6960/2792 4787/6961/2792
f 4770/6962/2792 4771/6958/2792 4787/6961/2792 4788/6963/2792
f 4769/6964/2792 4770/6962/2792 4788/6963/2792 4789/6965/2792
f 4768/6966/2792 4769/6964/2792 4789/6965/2792 4790/6967/2792
f 4767/6968/2792 4768/6966/2792 4790/6967/2792 4791/6969/2792
f 4766/6970/2792 4767/6968/2792 4791/6969/2792 4792/6971/2792
f 4765/6959/2792 4749/6972/2792 4793/6973/2792 4786/6960/2792
f 4775/6956/2792 4766/6970/2792 4792/6971/2792 4785/6957/2792
o AK_Chassis01_lp
v -0.224947 0.361155 -0.030314
v -0.170287 0.405295 -0.030314
v -0.217739 0.377953 -0.030314
v -0.194469 0.398169 -0.030314
v -0.188227 0.401785 -0.030314
v -0.982780 0.329047 -0.022027
v -1.087360 0.267733 -0.094495
v 0.221100 0.267733 -0.094495
v -1.087359 0.267733 -0.042741
v -1.087359 0.267733 -0.058506
v 0.221100 0.433354 -0.048490
v 0.221100 0.460874 -0.014627
v 0.221100 0.447114 -0.041849
v 0.221100 0.457187 -0.029454
v 0.221100 0.377913 -0.085600
v 0.221100 0.412934 -0.052756
v 0.221100 0.385351 -0.071283
v 0.221100 0.398169 -0.059261
v -0.982780 0.329047 0.022027
v -1.087360 0.267733 0.094495
v -1.087359 0.267733 0.042740
v -1.087359 0.267733 0.058506
v 0.221100 0.433354 0.048490
v 0.221100 0.460874 0.014627
v 0.221100 0.447114 0.041849
v 0.221100 0.457187 0.029454
v 0.221100 0.412934 0.052756
v -0.982780 0.329047 -0.000000
v -1.087359 0.267733 -0.000000
v 0.221100 0.460874 -0.000000
v 0.221100 0.405295 0.056122
v 0.221100 0.405295 0.042740
v 0.221100 0.405295 -0.000000
v 0.221100 0.405295 -0.030314
v -0.170287 0.405295 0.056122
v -0.240465 0.267733 0.094495
v -0.224947 0.361155 0.094495
v -0.240465 0.267733 -0.030314
v 0.221100 0.267733 -0.030314
v -0.188227 0.401785 0.057668
v -0.194469 0.398169 0.059261
v -0.211022 0.385351 -0.030314
v -0.211022 0.385351 0.071283
v -0.217739 0.377953 0.085523
v -0.217756 0.377913 0.085600
v -1.004118 0.398169 -0.059261
v -1.014874 0.385351 -0.071283
v -0.991729 0.412934 -0.052756
v -0.991729 0.412934 0.052756
v -0.974594 0.433354 -0.048490
v -0.963048 0.447114 -0.041849
v -0.951503 0.460874 -0.000000
v -0.951503 0.460874 0.014627
v -1.027328 0.370509 -0.094495
v -1.087360 0.298966 -0.094495
v -0.951503 0.460874 -0.014627
v -1.021115 0.377913 -0.085600
v -0.954596 0.457187 -0.029454
v -0.954596 0.457187 0.029454
v -0.963048 0.447114 0.041849
v -0.974594 0.433354 0.048490
v -1.004118 0.398169 0.059261
v -1.014874 0.385351 0.071283
v -1.021115 0.377913 0.085600
v -1.087360 0.298966 0.094495
v -0.982780 0.423600 -0.000000
v -1.062118 0.329047 -0.022027
v -0.982780 0.423600 -0.022027
v -1.022482 0.376284 -0.022027
v -0.982780 0.423600 0.022027
v -1.062118 0.329047 0.022027
v -1.062118 0.329047 -0.000000
v -1.087359 0.298966 0.058506
v -1.087359 0.298966 -0.000000
v -1.087359 0.298966 0.042740
v -1.087359 0.298966 -0.042741
v -1.087359 0.298966 -0.058506
v 0.221100 0.370509 -0.094495
v 0.221100 0.376769 -0.089732
v 0.221100 0.374235 -0.092897
v -0.218247 0.376769 0.089732
v -0.220933 0.370509 0.094495
v -0.219334 0.374235 0.092897
v -1.022075 0.376769 -0.089732
v -1.027328 0.370509 -0.094495
v -1.024201 0.374235 -0.092897
v -1.027328 0.370509 0.094495
v -1.022075 0.376769 0.089732
v -1.024201 0.374235 0.092897
v -0.170287 0.460874 0.014627
v -0.170287 0.447114 -0.041849
v -0.170287 0.457187 0.029454
v -0.170287 0.460874 -0.014627
v -0.170287 0.457187 -0.029454
v -0.170287 0.412934 -0.052756
v -0.170287 0.433354 0.048490
v -0.170287 0.412934 0.052756
v -0.170287 0.460874 -0.000000
v -0.170287 0.433354 -0.048490
v -0.170287 0.447114 0.041849
v -0.170287 0.385351 -0.071283
v -0.170287 0.374235 -0.092897
v -0.170287 0.370509 -0.094495
v -0.170287 0.267733 -0.094495
v -0.170287 0.398169 -0.059261
v -0.170287 0.267733 -0.030314
v -0.170287 0.377913 -0.085600
v -0.170287 0.376769 -0.089732
v -0.188227 0.433354 0.048490
v -0.188227 0.460874 -0.000000
v -0.188227 0.447114 -0.041849
v -0.188227 0.457187 0.029454
v -0.188227 0.412934 0.052756
v -0.188227 0.460874 0.014627
v -0.188227 0.460874 -0.014627
v -0.188227 0.457187 -0.029454
v -0.188227 0.433354 -0.048490
v -0.188227 0.447114 0.041849
v -0.188227 0.412934 -0.052756
v -0.188227 0.385351 -0.071283
v -0.188227 0.374235 -0.092897
v -0.188227 0.370509 -0.094495
v -0.188227 0.267733 -0.094495
v -0.188227 0.398169 -0.059261
v -0.188227 0.377913 -0.085600
v -0.188227 0.376769 -0.089732
v -0.218247 0.376769 -0.030314
v -0.219334 0.374235 -0.030314
v -0.220933 0.370509 -0.030314
vn -0.0000 0.2513 0.9679
vn -0.0000 0.1151 0.9934
vn -0.0000 -0.0000 1.0000
vn -0.0000 0.3055 -0.9522
vn -0.0000 0.3220 -0.9467
vn -0.0000 -0.0000 -1.0000
vn -0.0000 0.1478 -0.9890
vn -0.0000 0.2012 -0.9796
vn -1.0000 -0.0000 -0.0000
vn -0.0000 0.9926 -0.1216
vn -0.0000 1.0000 -0.0000
vn -0.0000 0.3055 0.9522
vn -0.0000 0.3220 0.9467
vn -0.0000 0.9926 0.1216
vn 0.0990 -0.9951 -0.0000
vn 0.0965 -0.9953 -0.0000
vn -0.0000 -1.0000 -0.0000
vn 0.9865 -0.1639 -0.0000
vn 0.9597 -0.2811 -0.0000
vn 0.3659 -0.9307 -0.0000
vn 0.3515 -0.9362 -0.0000
vn 0.7050 -0.7092 -0.0000
vn 0.6789 -0.7342 -0.0000
vn 0.5580 -0.8298 -0.0000
vn 0.5699 -0.8217 -0.0000
vn 0.8927 -0.4506 -0.0000
vn 0.8412 -0.5407 -0.0000
vn -0.0000 0.9269 0.3753
vn -0.0000 0.9380 0.3466
vn -0.3858 0.8694 0.3088
vn -0.0000 0.9018 0.4321
vn 0.9190 -0.3943 -0.0000
vn -0.3858 0.8694 -0.3088
vn -0.4244 0.7111 -0.5605
vn -0.7660 0.6428 -0.0000
vn -0.4244 0.7111 0.5605
vn -0.0000 0.4032 0.9151
vn -0.0000 0.4756 0.8796
vn -0.0000 0.6066 0.7950
vn -0.0000 0.8279 0.5608
vn -0.0000 0.7620 0.6476
vn -0.0000 0.8874 0.4610
vn -0.0000 0.8739 -0.4862
vn -0.0000 0.9917 -0.1288
vn -0.0000 0.8947 -0.4467
vn -0.0000 0.5585 -0.8295
vn -0.0000 0.6202 -0.7844
vn -0.0000 0.9917 0.1288
vn -0.0000 0.8739 0.4862
vn -0.0000 0.8947 0.4467
vn -0.0000 0.6066 -0.7950
vn -0.0000 0.3483 -0.9374
vn -0.0000 0.5515 -0.8342
vn -0.0000 0.9380 -0.3466
vn -0.0000 0.8279 -0.5608
vn -0.0000 0.7971 -0.6038
vn -0.0000 0.9307 -0.3659
vn -0.0000 0.5585 0.8295
vn -0.0000 0.6202 0.7844
vn -0.0000 0.2730 -0.9620
vn -0.0000 0.2730 0.9620
vn -0.0000 0.8904 -0.4552
vn -0.0000 0.6055 -0.7959
vn -0.0000 0.6465 0.7629
vn -0.0000 0.3483 0.9374
vn 0.9190 -0.3944 -0.0000
vt 0.838156 0.267387
vt 0.838156 0.020676
vt 0.859884 0.002226
vt 0.869417 0.002171
vt 0.870926 0.260646
vt 0.842441 0.265548
vt 0.665874 0.382434
vt 0.664002 0.266186
vt 0.670125 0.266173
vt 0.672034 0.382251
vt 0.607542 0.002161
vt 0.616568 0.002161
vt 0.637244 0.019510
vt 0.641412 0.019477
vt 0.642277 0.259387
vt 0.607542 0.262009
vt 0.964887 0.984958
vt 0.964887 0.975322
vt 0.969751 0.975322
vt 0.969751 0.984958
vt 0.980855 0.975322
vt 0.980855 0.984958
vt 0.951701 0.984958
vt 0.951701 0.975322
vt 0.685770 0.381903
vt 0.683665 0.266187
vt 0.687904 0.266182
vt 0.690083 0.381798
vt 0.994637 0.559368
vt 0.987841 0.559368
vt 0.987841 0.530195
vt 0.994637 0.530195
vt 0.714234 0.381223
vt 0.708096 0.381369
vt 0.705578 0.266099
vt 0.711594 0.266035
vt 0.938515 0.984958
vt 0.933651 0.984958
vt 0.933651 0.975322
vt 0.938515 0.975322
vt 0.922547 0.984958
vt 0.922547 0.975322
vt 0.694394 0.381694
vt 0.692137 0.266172
vt 0.981045 0.559368
vt 0.981045 0.530195
vt 0.028883 0.514950
vt 0.002640 0.515053
vt 0.002175 0.396227
vt 0.011379 0.396191
vt 0.024355 0.396140
vt 0.028417 0.396124
vt 0.002197 0.568519
vt 0.002634 0.538231
vt 0.042552 0.538808
vt 0.042114 0.569097
vt 0.695396 0.819538
vt 0.700185 0.848365
vt 0.678530 0.848365
vt 0.678530 0.805918
vt 0.684066 0.807001
vt 0.685992 0.808117
vt 0.691099 0.812072
vt 0.693172 0.814355
vt 0.693329 0.814720
vt 0.693664 0.815502
vt 0.694158 0.816652
vt 0.029374 0.520498
vt 0.002662 0.520603
vt 0.033541 0.529028
vt 0.002696 0.529149
vt 0.002671 0.522793
vt 0.029866 0.522686
vt 0.037876 0.532045
vt 0.002708 0.532183
vt 0.729537 0.251839
vt 0.727671 0.026205
vt 0.731593 0.025275
vt 0.733463 0.251336
vt 0.002682 0.534975
vt 0.042599 0.535553
vt 0.924047 0.858492
vt 0.925022 0.859512
vt 0.925514 0.861010
vt 0.926016 0.861015
vt 0.925514 0.889784
vt 0.914426 0.889784
vt 0.909569 0.889784
vt 0.896401 0.889784
vt 0.883233 0.889784
vt 0.878376 0.889784
vt 0.867288 0.889784
vt 0.867288 0.861010
vt 0.867780 0.859512
vt 0.868755 0.858492
vt 0.870028 0.858032
vt 0.874439 0.855041
vt 0.878143 0.849886
vt 0.880147 0.843948
vt 0.881461 0.835735
vt 0.889615 0.839658
vt 0.889615 0.877685
vt 0.896401 0.877686
vt 0.903187 0.877686
vt 0.903187 0.858688
vt 0.922774 0.858032
vt 0.716690 0.381165
vt 0.714013 0.265992
vt 0.716106 0.259072
vt 0.718175 0.030981
vt 0.723154 0.027996
vt 0.721099 0.254454
vt 0.725637 0.252603
vt 0.681958 0.044618
vt 0.686250 0.045527
vt 0.683671 0.260986
vt 0.679248 0.260970
vt 0.707692 0.764501
vt 0.719943 0.779102
vt 0.732175 0.793678
vt 0.707692 0.793678
vt 0.677498 0.042208
vt 0.674615 0.260940
vt 0.694494 0.045600
vt 0.698810 0.044766
vt 0.696530 0.260980
vt 0.692122 0.260989
vt 0.773901 0.960188
vt 0.749421 0.989360
vt 0.749422 0.960187
vt 0.987838 0.588195
vt 0.981040 0.588195
vt 0.981040 0.563710
vt 0.987838 0.563710
vt 0.883507 0.830201
vt 0.887326 0.826150
vt 0.891894 0.824667
vt 0.896401 0.824667
vt 0.900907 0.824667
vt 0.905475 0.826150
vt 0.909294 0.830201
vt 0.911340 0.835735
vt 0.912655 0.843948
vt 0.914659 0.849886
vt 0.918362 0.855041
vt 0.903187 0.839658
vt 0.896401 0.839658
vt 0.663021 0.030626
vt 0.667484 0.034122
vt 0.664038 0.260769
vt 0.659227 0.260617
vt 0.653683 0.025814
vt 0.658160 0.027591
vt 0.653873 0.260259
vt 0.648758 0.259562
vt 0.994635 0.588195
vt 0.994635 0.563710
vt 0.703337 0.042423
vt 0.701133 0.260962
vt 0.673251 0.038936
vt 0.670175 0.260888
vt 0.707676 0.039206
vt 0.705525 0.260939
vt 0.649625 0.024855
vt 0.646548 0.259307
vt 0.644419 0.259276
vt 0.645548 0.022682
vt 0.735503 0.023169
vt 0.737381 0.250233
vt 0.739414 0.020090
vt 0.741304 0.248632
vt 0.649093 0.382895
vt 0.646346 0.267134
vt 0.648284 0.267062
vt 0.651109 0.382839
vt 0.687899 0.260991
vt 0.674589 0.266178
vt 0.676548 0.382136
vt 0.679233 0.266184
vt 0.681263 0.382015
vt 0.711515 0.260884
vt 0.701165 0.266135
vt 0.703598 0.381475
vt 0.696552 0.266157
vt 0.698895 0.381587
vt 0.715001 0.260852
vt 0.653719 0.266523
vt 0.659194 0.266270
vt 0.661097 0.382563
vt 0.655891 0.382709
vt 0.642529 0.267177
vt 0.644430 0.267182
vt 0.647076 0.382938
vt 0.645057 0.382982
vt 0.557764 0.848365
vt 0.557764 0.805918
vt 0.607766 0.268149
vt 0.614125 0.384950
vt 0.690372 0.045563
vt 0.713599 0.034430
vt 0.042107 0.534248
vt 0.002700 0.533678
vt 0.041108 0.533352
vt 0.002713 0.532796
vt 0.038969 0.532674
s 1
usemtl Material.001
f 4875/6974/2845 4880/6975/2846 4858/6976/2847 4813/6977/2847 4829/6978/2847 4830/6979/2847
f 4809/6980/2848 4888/6981/2848 4892/6982/2849 4804/6983/2849
f 4800/6984/2850 4848/6985/2850 4847/6986/2850 4878/6987/2851 4915/6988/2852 4916/6989/2850
f 4802/6990/2853 4869/6991/2853 4870/6992/2853 4803/6993/2853
f 4803/6993/2853 4870/6992/2853 4848/6994/2853 4800/6995/2853
f 4822/6996/2853 4867/6997/2853 4869/6991/2853 4802/6990/2853
f 4805/6998/2854 4886/6999/2854 4891/7000/2855 4823/7001/2855
f 4799/7002/2853 4821/7003/2853 4859/7004/2853 4861/7005/2853
f 4820/7006/2856 4816/7007/2857 4889/7008/2857 4890/7009/2856
f 4814/7010/2853 4815/7011/2853 4866/7012/2853 4868/7013/2853
f 4815/7011/2853 4813/7014/2853 4858/7015/2853 4866/7012/2853
f 4822/6996/2853 4814/7010/2853 4868/7013/2853 4867/6997/2853
f 4817/7016/2858 4823/7001/2855 4891/7000/2855 4883/7017/2858
f 4812/7018/2853 4863/7019/2853 4859/7004/2853 4821/7003/2853
f 4828/7020/2859 4795/7021/2860 4827/7022/2861 4826/7023/2861 4825/7024/2861 4824/7025/2861
f 4831/7026/2862 4794/7027/2863 4830/7028/2863 4829/7029/2862
f 4794/7030/2847 4831/7031/2847 4899/7032/2847 4795/7033/2847 4798/7034/2847 4797/7035/2847 4835/7036/2847 4796/7037/2847 4920/7038/2847 4921/7039/2847 4922/7040/2847
f 4833/7041/2864 4798/7042/2865 4795/7021/2860 4828/7020/2859
f 4836/7043/2866 4835/7044/2867 4797/7045/2868 4834/7046/2869
f 4837/7047/2870 4796/7048/2871 4835/7044/2867 4836/7043/2866
f 4838/7049/2872 4857/7050/2873 4881/7051/2874 4874/7052/2875
f 4922/7053/2876 4875/7054/2876 4830/7028/2863 4794/7027/2863
f 4877/7055/2877 4879/7056/2878 4878/7057/2879 4847/7058/2879 4848/7059/2879 4870/7060/2879 4869/7061/2879 4867/7062/2879 4868/7063/2879 4866/7064/2879 4858/7065/2879 4880/7066/2879 4882/7067/2880 4881/7068/2874 4857/7069/2879 4856/7070/2879 4855/7071/2879 4842/7072/2879 4854/7073/2879 4863/7074/2879 4864/7075/2879 4865/7076/2879 4860/7077/2879 4862/7078/2879 4850/7079/2879
f 4824/7080/2881 4820/7006/2856 4890/7009/2856 4828/7081/2881
f 4834/7082/2882 4855/7083/2883 4856/7084/2884 4836/7085/2885
f 4836/7085/2885 4856/7084/2884 4857/7050/2873 4838/7049/2872 4837/7086/2886
f 4851/7087/2887 4849/7088/2888 4908/7089/2854 4909/7090/2889
f 4861/7091/2847 4862/7092/2847 4860/7093/2847 4799/7094/2847
f 4844/7095/2890 4851/7087/2887 4909/7090/2889 4904/7096/2891
f 4846/7097/2892 4852/7098/2893 4905/7099/2894 4907/7100/2858
f 4864/7101/2850 4863/7102/2850 4812/7103/2850
f 4865/7104/2855 4864/7105/2855 4812/7106/2855 4821/7107/2855
f 4863/7074/2879 4854/7073/2879 4853/7108/2879 4852/7109/2879 4846/7110/2879 4845/7111/2879 4849/7112/2879 4851/7113/2879 4844/7114/2879 4843/7115/2879 4841/7116/2879 4839/7117/2879 4840/7118/2879 4850/7079/2879 4862/7078/2879 4861/7119/2879 4859/7120/2879
f 4839/7121/2895 4841/7122/2896 4912/7123/2848 4917/7124/2897
f 4850/7125/2898 4840/7126/2899 4913/7127/2900 4918/7128/2901
f 4860/7129/2855 4865/7104/2855 4821/7107/2855 4799/7130/2855
f 4852/7098/2893 4853/7131/2902 4911/7132/2903 4905/7099/2894
f 4840/7126/2899 4839/7121/2895 4917/7124/2897 4913/7127/2900
f 4843/7133/2904 4844/7095/2890 4904/7096/2891 4910/7134/2849
f 4853/7131/2902 4854/7135/2905 4902/7136/2857 4911/7132/2903
f 4877/7137/2877 4919/7138/2906 4914/7139/2907 4879/7140/2878
f 4879/7140/2878 4914/7139/2907 4915/6988/2852 4878/6987/2851
f 4874/7052/2875 4881/7051/2874 4882/7141/2880 4876/7142/2908
f 4876/7142/2908 4882/7141/2880 4880/7143/2846 4875/7144/2845
f 4872/7145/2906 4901/7146/2906 4900/7147/2901 4808/7148/2901
f 4891/7000/2855 4886/6999/2854 4908/7089/2854 4903/7149/2855
f 4892/6982/2849 4884/7150/2891 4806/7151/2891 4804/6983/2849
f 4884/7150/2891 4887/7152/2889 4807/7153/2889 4806/7151/2891
f 4892/6982/2849 4888/6981/2848 4912/7123/2848 4910/7134/2849
f 4890/7009/2856 4889/7008/2857 4902/7136/2857 4906/7154/2856
f 4893/7155/2903 4889/7008/2857 4816/7007/2857 4818/7156/2903
f 4883/7017/2858 4891/7000/2855 4903/7149/2855 4907/7100/2858
f 4885/7157/2894 4893/7155/2903 4818/7156/2903 4819/7158/2894
f 4887/7152/2889 4886/6999/2854 4805/6998/2854 4807/7153/2889
f 4883/7017/2858 4885/7157/2894 4819/7158/2894 4817/7016/2858
f 4828/7081/2881 4890/7009/2856 4906/7154/2856 4833/7159/2881
f 4894/7160/2900 4898/7161/2897 4811/7162/2897 4810/7163/2900
f 4900/7147/2901 4901/7146/2906 4919/7138/2906 4918/7128/2901
f 4900/7147/2901 4894/7160/2900 4810/7163/2900 4808/7148/2901
f 4896/7164/2852 4895/7165/2907 4873/7166/2907 4871/7167/2852
f 4795/7033/2847 4899/7032/2847 4832/7168/2847 4827/7169/2847
f 4897/7170/2850 4896/7164/2852 4871/7167/2852 4801/7171/2850
f 4898/7161/2897 4888/6981/2848 4809/6980/2848 4811/7162/2897
f 4895/7165/2907 4901/7146/2906 4872/7145/2906 4873/7166/2907
f 4907/7100/2858 4903/7149/2855 4845/7172/2855 4846/7097/2892
f 4910/7134/2849 4912/7123/2848 4841/7122/2896 4843/7133/2904
f 4833/7159/2881 4906/7154/2856 4842/7173/2909 4855/7083/2883 4834/7082/2882
f 4903/7149/2855 4908/7089/2854 4849/7088/2888 4845/7172/2855
f 4910/7134/2849 4904/7096/2891 4884/7150/2891 4892/6982/2849
f 4906/7154/2856 4902/7136/2857 4854/7135/2905 4842/7173/2909
f 4911/7132/2903 4902/7136/2857 4889/7008/2857 4893/7155/2903
f 4907/7100/2858 4905/7099/2894 4885/7157/2894 4883/7017/2858
f 4905/7099/2894 4911/7132/2903 4893/7155/2903 4885/7157/2894
f 4909/7090/2889 4908/7089/2854 4886/6999/2854 4887/7152/2889
f 4904/7096/2891 4909/7090/2889 4887/7152/2889 4884/7150/2891
f 4913/7127/2900 4917/7124/2897 4898/7161/2897 4894/7160/2900
f 4918/7128/2901 4913/7127/2900 4894/7160/2900 4900/7147/2901
f 4918/7128/2901 4919/7138/2906 4877/7137/2877 4850/7125/2898
f 4915/6988/2852 4914/7139/2907 4895/7165/2907 4896/7164/2852
f 4916/6989/2850 4915/6988/2852 4896/7164/2852 4897/7170/2850
f 4917/7124/2897 4912/7123/2848 4888/6981/2848 4898/7161/2897
f 4914/7139/2907 4919/7138/2906 4901/7146/2906 4895/7165/2907
f 4876/7174/2876 4875/7054/2876 4922/7053/2876 4921/7175/2876
f 4874/7176/2876 4876/7174/2876 4921/7175/2876 4920/7177/2876
f 4838/7178/2910 4874/7176/2876 4920/7177/2876 4796/7048/2871 4837/7047/2870
f 4834/7046/2869 4797/7045/2868 4798/7042/2865 4833/7041/2864
o AK_Plate_lp
v -0.238378 0.274449 0.102120
v -0.603676 0.327021 0.102120
v -0.669723 0.265377 0.102120
v -0.757774 0.145698 0.102120
v -0.817126 0.205537 0.102120
v -0.776022 0.148759 0.102120
v -0.792430 0.157310 0.102120
v -0.805513 0.170394 0.102120
v -0.814064 0.186802 0.102120
v -0.757775 0.265377 0.102120
v -0.776022 0.262315 0.102120
v -0.792430 0.253764 0.102120
v -0.805513 0.240681 0.102120
v -0.814064 0.224273 0.102120
v -0.201686 0.283968 0.102120
v -0.238379 0.283968 0.102120
v -0.665031 0.253472 0.102120
v -0.598984 0.315116 0.102120
v -0.805063 0.205537 0.102120
v -0.802623 0.190608 0.102120
v -0.795801 0.177518 0.102120
v -0.785306 0.167022 0.102120
v -0.772192 0.160188 0.102120
v -0.758241 0.157847 0.102120
v -0.250283 0.283763 0.102120
v -0.756783 0.253472 0.102120
v -0.772192 0.250886 0.102120
v -0.785305 0.244052 0.102120
v -0.795801 0.233557 0.102120
v -0.802623 0.220466 0.102120
v -0.213591 0.315116 0.102120
v -0.213591 0.295873 0.102120
v -0.250283 0.295873 0.102120
v -0.466865 0.217810 0.102120
v -0.305925 0.269970 0.102120
v -0.305925 0.257705 0.102120
v -0.798715 0.205537 0.111666
v -0.292619 0.319698 0.102120
v -0.319231 0.315116 0.102120
v -0.305925 0.301810 0.102120
v -0.596514 0.308851 0.111666
v -0.662562 0.247207 0.111666
v -0.796603 0.192611 0.111666
v -0.790691 0.181267 0.111666
v -0.781556 0.172132 0.111666
v -0.770177 0.166202 0.111666
v -0.758487 0.164241 0.111666
v -0.756261 0.247207 0.111666
v -0.770177 0.244872 0.111666
v -0.781556 0.238942 0.111666
v -0.790691 0.229808 0.111666
v -0.796603 0.218463 0.111666
v -0.465492 0.224605 0.111666
v -0.312189 0.269970 0.111666
v -0.312189 0.262606 0.111666
v -0.320502 0.308851 0.111666
v -0.312189 0.300538 0.111666
v -0.312601 0.312308 0.102120
v -0.308732 0.308439 0.102120
v -0.310349 0.310691 0.102120
v -0.313511 0.303660 0.111666
v -0.317380 0.307529 0.111666
v -0.315129 0.305912 0.111666
v -0.466865 0.217810 0.092857
v -0.238379 0.283968 0.092857
v -0.201686 0.283968 0.092857
v -0.814064 0.224273 0.092857
v -0.805513 0.240681 0.092857
v -0.792430 0.253764 0.092857
v -0.776022 0.262315 0.092857
v -0.757775 0.265377 0.092857
v -0.814064 0.186802 0.092857
v -0.805513 0.170394 0.092857
v -0.792430 0.157310 0.092857
v -0.776022 0.148759 0.092857
v -0.817126 0.205537 0.092857
v -0.757774 0.145698 0.092857
v -0.669723 0.265377 0.092857
v -0.603676 0.327021 0.092857
v -0.238378 0.274449 0.092857
v -0.354228 0.245731 0.092857
v -0.474605 0.223595 0.102120
v -0.484741 0.225644 0.102120
v -0.479477 0.225592 0.102120
v -0.483368 0.232439 0.111666
v -0.473232 0.230390 0.111666
v -0.478103 0.232387 0.111666
v -0.354228 0.245731 0.102120
v -0.238378 0.264540 0.107104
v -0.292335 0.250344 0.107104
v -0.340638 0.238370 0.107104
v -0.238378 0.264540 0.101550
v -0.340638 0.238370 0.101550
v -0.292335 0.250344 0.101439
v -0.201686 0.314731 0.102120
v -0.213975 0.327021 0.102120
v -0.203386 0.320838 0.102120
v -0.207868 0.325321 0.102120
v -0.213975 0.327021 0.092857
v -0.201686 0.314731 0.092857
v -0.207868 0.325321 0.092857
v -0.203386 0.320838 0.092857
v -0.747472 0.237491 0.114525
v -0.725018 0.228191 0.114525
v -0.715718 0.205737 0.114525
v -0.725019 0.183284 0.114525
v -0.747472 0.173984 0.114525
v -0.769925 0.183284 0.114525
v -0.779226 0.205737 0.114525
v -0.769925 0.228191 0.114525
v -0.747472 0.205737 0.125506
v -0.747472 0.222979 0.123109
v -0.747472 0.232356 0.119976
v -0.735280 0.217929 0.123109
v -0.728649 0.224560 0.119976
v -0.730230 0.205737 0.123109
v -0.720853 0.205737 0.119976
v -0.735280 0.193546 0.123109
v -0.728649 0.186915 0.119976
v -0.747472 0.188496 0.123109
v -0.747472 0.179118 0.119976
v -0.759664 0.193546 0.123109
v -0.766294 0.186915 0.119976
v -0.764714 0.205737 0.123109
v -0.774091 0.205737 0.119976
v -0.759664 0.217929 0.123109
v -0.766294 0.224560 0.119976
v -0.747472 0.237491 0.111126
v -0.725018 0.228191 0.111126
v -0.715718 0.205737 0.111126
v -0.725019 0.183284 0.111126
v -0.747472 0.173984 0.111126
v -0.769925 0.183284 0.111126
v -0.779226 0.205737 0.111126
v -0.769925 0.228191 0.111126
vn 0.8143 0.1653 0.5564
vn 0.7155 0.4117 0.5643
vn 0.7259 0.3965 0.5619
vn -0.0000 -0.0000 1.0000
vn -0.4176 -0.7108 0.5660
vn -0.5005 -0.6697 0.5486
vn -0.3952 -0.7206 0.5697
vn 0.9908 0.1353 -0.0000
vn 1.0000 -0.0000 -0.0000
vn -0.8327 -0.0000 0.5537
vn -0.7902 -0.2629 0.5535
vn -0.7902 0.2629 0.5535
vn -0.2646 0.7898 0.5534
vn -0.4928 0.6717 0.5531
vn -0.6717 -0.4928 0.5531
vn 0.8361 -0.0000 0.5486
vn -0.6717 0.4928 0.5531
vn -0.4928 -0.6717 0.5531
vn 0.2372 -0.9569 0.1678
vn 0.2226 -0.8979 0.3798
vn 0.2012 -0.8115 0.5486
vn 0.1653 0.8143 0.5564
vn -0.0000 0.8361 0.5486
vn -0.2646 -0.7898 0.5534
vn 0.0319 -0.8301 0.5567
vn -0.0693 0.8323 0.5500
vn -0.5705 0.6112 0.5486
vn 0.5771 0.5771 0.5778
vn 0.4117 0.7155 0.5643
vn 0.3965 0.7259 0.5619
vn 0.0384 -0.9993 -0.0000
vn -0.3177 -0.9482 -0.0000
vn -0.0839 -0.9965 -0.0000
vn -0.4763 -0.8793 -0.0000
vn -0.1798 -0.9837 -0.0000
vn 0.2406 -0.9706 -0.0000
vn -0.5915 -0.8063 -0.0000
vn -0.9489 0.3157 -0.0000
vn -0.8063 0.5915 -0.0000
vn -0.8063 -0.5915 -0.0000
vn -0.5915 0.8063 -0.0000
vn -0.9489 -0.3157 -0.0000
vn -0.3177 0.9482 -0.0000
vn -1.0000 -0.0000 -0.0000
vn -0.0830 0.9965 -0.0000
vn -0.6823 0.7311 -0.0000
vn -0.0000 1.0000 -0.0000
vn 0.0843 -0.8175 0.5697
vn 0.1088 -0.8172 0.5660
vn -0.1603 -0.7931 0.5876
vn -0.1053 0.4220 0.9005
vn -0.1039 0.4190 0.9020
vn -0.1082 0.4278 0.8974
vn -0.1097 0.4307 0.8958
vn -0.0000 -1.0000 -0.0000
vn 0.2475 -0.9689 -0.0000
vn 0.2544 -0.9671 -0.0000
vn 0.8636 0.5042 -0.0000
vn 0.5042 0.8636 -0.0000
vn 0.1353 0.9908 -0.0000
vn -0.5147 0.5147 0.6857
vn -0.4093 0.4093 0.8154
vn -0.0000 0.5789 0.8154
vn -0.0000 0.7279 0.6857
vn 0.7279 -0.0000 0.6857
vn 0.5789 -0.0000 0.8154
vn 0.4093 -0.4093 0.8154
vn 0.5147 -0.5147 0.6857
vn -0.0000 -0.5789 0.8154
vn -0.0000 -0.7279 0.6857
vn -0.4093 -0.4093 0.8154
vn -0.5147 -0.5147 0.6857
vn -0.5789 -0.0000 0.8154
vn -0.7279 -0.0000 0.6857
vn 0.4093 0.4093 0.8154
vn 0.5147 0.5147 0.6857
vn 0.2352 -0.0000 0.9719
vn -0.0000 -0.2352 0.9719
vn 0.1767 -0.1767 0.9683
vn -0.7071 0.7071 -0.0000
vn -0.0000 0.2352 0.9719
vn 0.1767 0.1767 0.9683
vn -0.1767 -0.1767 0.9683
vn -0.2352 -0.0000 0.9719
vn -0.1767 0.1767 0.9683
vn -0.7071 -0.7071 -0.0000
vn 0.7071 -0.7071 -0.0000
vn 0.7071 0.7071 -0.0000
vt 0.815223 0.380297
vt 0.814067 0.378398
vt 0.817486 0.377234
vt 0.818031 0.378128
vt 0.388743 0.786457
vt 0.364411 0.772853
vt 0.364939 0.768941
vt 0.389272 0.782545
vt 0.434604 0.795155
vt 0.434235 0.790502
vt 0.437849 0.789613
vt 0.438312 0.795452
vt 0.433524 0.799580
vt 0.436959 0.800999
vt 0.431152 0.803498
vt 0.434003 0.805883
vt 0.427727 0.806512
vt 0.429717 0.809655
vt 0.423719 0.808242
vt 0.424475 0.811917
vt 0.755987 0.899714
vt 0.758967 0.899785
vt 0.757968 0.903285
vt 0.754988 0.903214
vt 0.416236 0.779696
vt 0.415656 0.776056
vt 0.421044 0.779336
vt 0.421349 0.775629
vt 0.425476 0.780417
vt 0.426895 0.776982
vt 0.429395 0.782789
vt 0.431780 0.779938
vt 0.432403 0.786208
vt 0.435551 0.784225
vt 0.250345 0.807021
vt 0.261341 0.804317
vt 0.258651 0.808761
vt 0.247655 0.811465
vt 0.262234 0.807946
vt 0.259352 0.811614
vt 0.279925 0.807979
vt 0.280829 0.811654
vt 0.992014 0.475640
vt 0.992014 0.485125
vt 0.989158 0.485125
vt 0.989158 0.475640
vt 0.655938 0.855601
vt 0.660272 0.853871
vt 0.661289 0.857257
vt 0.657537 0.858755
vt 0.651981 0.858074
vt 0.654111 0.860897
vt 0.643577 0.868724
vt 0.645764 0.864721
vt 0.648713 0.866670
vt 0.646815 0.870144
vt 0.664731 0.852948
vt 0.665154 0.856457
vt 0.822058 0.387366
vt 0.824593 0.384915
vt 0.648601 0.861126
vt 0.651182 0.863541
vt 0.669307 0.852783
vt 0.669136 0.856314
vt 0.973857 0.593336
vt 0.973857 0.629150
vt 0.973857 0.644508
vt 0.970333 0.642996
vt 0.970333 0.594252
vt 0.813275 0.374574
vt 0.822963 0.288723
vt 0.826382 0.289876
vt 0.816823 0.374579
vt 0.673829 0.853385
vt 0.673060 0.856837
vt 0.272272 0.794057
vt 0.280586 0.793468
vt 0.278806 0.794799
vt 0.278250 0.795449
vt 0.277931 0.796243
vt 0.277578 0.798437
vt 0.248927 0.801254
vt 0.677990 0.854699
vt 0.676548 0.857937
vt 0.824691 0.390089
vt 0.826174 0.386550
vt 0.333880 0.809442
vt 0.335192 0.808485
vt 0.336766 0.808081
vt 0.331987 0.811746
vt 0.635436 0.900815
vt 0.642031 0.873290
vt 0.645419 0.874267
vt 0.638684 0.902376
vt 0.916685 0.016741
vt 0.916685 0.044628
vt 0.913161 0.045390
vt 0.913161 0.017503
vt 0.813717 0.377617
vt 0.817136 0.376453
vt 0.813518 0.376784
vt 0.816937 0.375620
vt 0.973857 0.500855
vt 0.973857 0.495146
vt 0.976716 0.495146
vt 0.976716 0.500855
vt 0.365689 0.306017
vt 0.370507 0.307402
vt 0.370599 0.310260
vt 0.365744 0.307731
vt 0.248165 0.797658
vt 0.976716 0.593336
vt 0.973857 0.489436
vt 0.976715 0.489436
vt 0.973857 0.466302
vt 0.973857 0.460593
vt 0.976715 0.460593
vt 0.976715 0.466302
vt 0.973857 0.483727
vt 0.976715 0.483727
vt 0.976716 0.629150
vt 0.973857 0.454884
vt 0.976715 0.454884
vt 0.973857 0.478018
vt 0.976715 0.478018
vt 0.973857 0.449174
vt 0.976715 0.449174
vt 0.973857 0.472160
vt 0.976715 0.472160
vt 0.973857 0.443465
vt 0.976715 0.443465
vt 0.333122 0.307061
vt 0.333177 0.308775
vt 0.330206 0.311555
vt 0.330115 0.308697
vt 0.327178 0.308791
vt 0.327269 0.311649
vt 0.786711 0.361507
vt 0.786711 0.389362
vt 0.783855 0.389362
vt 0.783855 0.361507
vt 0.245388 0.802247
vt 0.973856 0.416295
vt 0.976715 0.416295
vt 0.908223 0.087631
vt 0.893696 0.111425
vt 0.899519 0.139746
vt 0.899678 0.144098
vt 0.898593 0.147906
vt 0.896399 0.151235
vt 0.893338 0.153727
vt 0.889562 0.155168
vt 0.885524 0.155333
vt 0.881728 0.154251
vt 0.878399 0.152058
vt 0.875899 0.148987
vt 0.874580 0.145576
vt 0.878095 0.058181
vt 0.877752 0.056593
vt 0.876846 0.055244
vt 0.874616 0.053265
vt 0.876574 0.004566
vt 0.878800 0.004109
vt 0.888040 0.002209
vt 0.889065 0.002414
vt 0.889846 0.002763
vt 0.890475 0.003343
vt 0.891069 0.004205
vt 0.751883 0.902327
vt 0.752883 0.898827
vt 0.754386 0.899443
vt 0.753386 0.902943
vt 0.156660 0.361827
vt 0.141300 0.361827
vt 0.144825 0.358264
vt 0.160185 0.358264
vt 0.177405 0.358484
vt 0.178141 0.361827
vt 0.754878 0.073681
vt 0.754878 0.062352
vt 0.757738 0.062352
vt 0.757738 0.073681
vt 0.350336 0.306509
vt 0.350392 0.308257
vt 0.245448 0.800291
vt 0.246460 0.798617
vt 0.989158 0.473685
vt 0.992014 0.473685
vt 0.989158 0.471731
vt 0.992014 0.471731
vt 0.989158 0.469776
vt 0.992014 0.469776
vt 0.992014 0.349617
vt 0.989158 0.349617
vt 0.990637 0.767356
vt 0.989619 0.769657
vt 0.983384 0.769703
vt 0.982477 0.767356
vt 0.976706 0.781287
vt 0.979054 0.780379
vt 0.983495 0.784756
vt 0.982477 0.787057
vt 0.989730 0.784710
vt 0.990637 0.787057
vt 0.994106 0.780268
vt 0.996408 0.781287
vt 0.994060 0.774033
vt 0.996408 0.773126
vt 0.979008 0.774144
vt 0.976706 0.773126
vt 0.981816 0.779177
vt 0.986557 0.777206
vt 0.988528 0.781947
vt 0.984599 0.781953
vt 0.997392 0.364269
vt 0.997392 0.371774
vt 0.996343 0.371774
vt 0.996343 0.364269
vt 0.984586 0.772465
vt 0.981811 0.775248
vt 0.991303 0.779165
vt 0.991298 0.775235
vt 0.988516 0.772460
vt 0.997392 0.349259
vt 0.997392 0.356764
vt 0.996343 0.356764
vt 0.996343 0.349259
vt 0.997392 0.394290
vt 0.997392 0.401795
vt 0.996343 0.401795
vt 0.996343 0.394290
vt 0.997392 0.379280
vt 0.996343 0.379280
vt 0.997392 0.386785
vt 0.996343 0.386785
vt 0.997392 0.409301
vt 0.996343 0.409301
s 1
usemtl Material.001
f 4962/7179/2911 4981/7180/2912 4983/7181/2913 4979/7182/2911
f 4939/7183/2914 4940/7184/2914 4924/7185/2914 4925/7186/2914
f 4942/7187/2914 4941/7188/2914 4927/7189/2914 4931/7190/2914
f 4943/7191/2914 4942/7187/2914 4931/7190/2914 4930/7192/2914
f 4944/7193/2914 4943/7191/2914 4930/7192/2914 4929/7194/2914
f 4945/7195/2914 4944/7193/2914 4929/7194/2914 4928/7196/2914
f 4946/7197/2914 4945/7195/2914 4928/7196/2914 4926/7198/2914
f 5004/7199/2915 4956/7200/2916 4975/7201/2916 5008/7202/2917
f 4948/7203/2914 4939/7183/2914 4925/7186/2914 4932/7204/2914
f 4949/7205/2914 4948/7203/2914 4932/7204/2914 4933/7206/2914
f 4950/7207/2914 4949/7205/2914 4933/7206/2914 4934/7208/2914
f 4951/7209/2914 4950/7207/2914 4934/7208/2914 4935/7210/2914
f 4952/7211/2914 4951/7209/2914 4935/7210/2914 4936/7212/2914
f 4954/7213/2914 4955/7214/2914 4938/7215/2914 4937/7216/2914
f 4955/7214/2914 4947/7217/2914 4923/7218/2914 4938/7215/2914
f 4941/7188/2914 4952/7211/2914 4936/7212/2914 4927/7189/2914
f 4947/7217/2914 4957/7219/2914 4958/7220/2914 4923/7218/2914
f 5017/7221/2918 4937/7222/2919 4988/7223/2919 5022/7224/2918
f 4941/7225/2920 4942/7226/2921 4965/7227/2921 4959/7228/2920
f 4952/7229/2922 4941/7225/2920 4959/7228/2920 4974/7230/2922
f 4949/7231/2923 4950/7232/2924 4972/7233/2924 4971/7234/2923
f 4942/7226/2921 4943/7235/2925 4966/7236/2925 4965/7227/2921
f 4957/7237/2926 4962/7179/2911 4979/7182/2911 4976/7238/2926
f 4950/7232/2924 4951/7239/2927 4973/7240/2927 4972/7233/2924
f 4943/7235/2925 4944/7241/2928 4967/7242/2928 4966/7236/2925
f 4956/7243/2929 5010/7244/2930 4958/7245/2931 4977/7246/2931 4975/7247/2931
f 4961/7248/2932 4940/7249/2933 4963/7250/2933 4978/7251/2932
f 4951/7239/2927 4952/7229/2922 4974/7230/2922 4973/7240/2927
f 4944/7241/2928 4945/7252/2934 4968/7253/2934 4967/7242/2928
f 4960/7254/2914 4961/7255/2914 4980/7256/2914 4982/7257/2914 4981/7258/2914 4962/7259/2914 4957/7219/2914 4947/7217/2914 4955/7214/2914 4954/7213/2914 4953/7260/2914
f 4945/7252/2934 4946/7261/2935 4969/7262/2935 4968/7253/2934
f 4958/7263/2926 4957/7237/2926 4976/7238/2926 4977/7264/2926
f 5004/7265/2914 5006/7266/2914 5005/7267/2914 4946/7197/2914 4926/7198/2914 4956/7268/2914
f 4939/7269/2933 4948/7270/2936 4970/7271/2936 4964/7272/2933
f 4940/7273/2937 4939/7274/2937 4964/7275/2937 4963/7276/2937
f 4948/7270/2936 4949/7231/2923 4971/7234/2923 4970/7271/2936
f 4983/7181/2913 4981/7180/2912 4982/7277/2938 4985/7278/2938
f 4985/7278/2938 4982/7277/2938 4980/7279/2939 4984/7280/2940
f 4980/7279/2939 4961/7248/2932 4978/7251/2932 4984/7280/2940
f 4926/7281/2941 4928/7282/2942 4997/7283/2942 4999/7284/2941
f 5013/7285/2943 5010/7286/2944 5003/7287/2944 5015/7288/2945
f 4940/7184/2914 4961/7255/2914 4960/7254/2914 4953/7260/2914 5018/7289/2914 4924/7185/2914
f 4956/7243/2929 4926/7281/2941 4999/7284/2941 4986/7290/2946
f 4928/7282/2942 4929/7291/2947 4996/7292/2947 4997/7283/2942
f 4936/7293/2948 4935/7294/2949 4990/7295/2949 4989/7296/2948
f 4929/7291/2947 4930/7297/2950 4995/7298/2950 4996/7292/2947
f 5010/7244/2930 4956/7243/2929 4986/7290/2946 5003/7299/2946
f 4935/7294/2949 4934/7300/2951 4991/7301/2951 4990/7295/2949
f 4930/7297/2950 4931/7302/2952 4994/7303/2952 4995/7298/2950
f 4934/7300/2951 4933/7304/2953 4992/7305/2953 4991/7301/2951
f 4927/7306/2954 4936/7293/2948 4989/7296/2948 4998/7307/2954
f 4931/7302/2952 4927/7306/2954 4998/7307/2954 4994/7303/2952
f 4933/7304/2953 4932/7308/2955 4993/7309/2955 4992/7305/2953
f 5011/7310/2919 5014/7311/2919 5002/7312/2919 4923/7313/2919
f 4938/7314/2919 4923/7313/2919 5002/7312/2919 4987/7315/2919
f 4925/7316/2956 4924/7317/2956 5001/7318/2956 5000/7319/2956
f 4953/7260/2914 4954/7213/2914 4937/7216/2914 5017/7320/2914
f 4932/7308/2955 4925/7321/2957 5000/7322/2957 4993/7309/2955
f 4963/7323/2914 4964/7324/2914 4970/7325/2914 4971/7326/2914 4972/7327/2914 4973/7328/2914 4974/7329/2914 4959/7330/2914 4965/7331/2914 4966/7332/2914 4967/7333/2914 4968/7334/2914 4969/7335/2914 5007/7336/2914 5009/7337/2914 5008/7338/2914 4975/7339/2914 4977/7340/2914 4976/7341/2914 4979/7342/2914 4983/7343/2914 4985/7344/2914 4984/7345/2914 4978/7346/2914
f 5007/7347/2958 5005/7348/2959 5006/7349/2960 5009/7350/2960
f 5009/7350/2960 5006/7349/2960 5004/7199/2915 5008/7202/2917
f 4946/7261/2935 5005/7348/2959 5007/7347/2958 4969/7262/2935
f 4958/7351/2961 5010/7352/2962 5013/7353/2962 5012/7354/2963
f 4958/7351/2961 5012/7354/2963 5011/7355/2964 4923/7356/2964
f 4937/7357/2965 4938/7358/2965 4987/7359/2965 4988/7360/2965
f 5012/7361/2966 5013/7285/2943 5015/7288/2945 5016/7362/2966
f 5014/7311/2967 5011/7310/2967 5012/7361/2966 5016/7362/2966
f 5017/7320/2914 5019/7363/2914 4953/7260/2914
f 5019/7363/2914 5020/7364/2914 4953/7260/2914
f 5020/7364/2914 5018/7289/2914 4953/7260/2914
f 5017/7221/2918 5022/7224/2918 5024/7365/2968 5019/7366/2968
f 5019/7366/2968 5024/7365/2968 5023/7367/2969 5020/7368/2969
f 5020/7368/2969 5023/7367/2969 5021/7369/2970 5018/7370/2970
f 4924/7371/2957 5018/7370/2970 5021/7369/2970 5001/7372/2957
f 5032/7373/2971 5049/7374/2972 5035/7375/2973 5025/7376/2974
f 5027/7377/2975 5039/7378/2976 5041/7379/2977 5028/7380/2978
f 5028/7380/2978 5041/7379/2977 5043/7381/2979 5029/7382/2980
f 5029/7382/2980 5043/7381/2979 5045/7383/2981 5030/7384/2982
f 5030/7384/2982 5045/7383/2981 5047/7385/2983 5031/7386/2984
f 5031/7386/2984 5047/7385/2983 5049/7374/2972 5032/7373/2971
f 5025/7376/2974 5035/7375/2973 5037/7387/2985 5026/7388/2986
f 5038/7389/2987 5033/7390/2914 5042/7391/2988 5040/7392/2989
f 5026/7388/2986 5037/7387/2985 5039/7378/2976 5027/7377/2975
f 5031/7393/2954 5032/7394/2990 5057/7395/2990 5056/7396/2954
f 5037/7387/2985 5035/7375/2973 5034/7397/2991 5036/7398/2992
f 5039/7378/2976 5037/7387/2985 5036/7398/2992 5038/7389/2987
f 5041/7379/2977 5039/7378/2976 5038/7389/2987 5040/7392/2989
f 5043/7381/2979 5041/7379/2977 5040/7392/2989 5042/7391/2988
f 5045/7383/2981 5043/7381/2979 5042/7391/2988 5044/7399/2993
f 5047/7385/2983 5045/7383/2981 5044/7399/2993 5046/7400/2994
f 5049/7374/2972 5047/7385/2983 5046/7400/2994 5048/7401/2995
f 5035/7375/2973 5049/7374/2972 5048/7401/2995 5034/7397/2991
f 5033/7390/2914 5046/7400/2994 5044/7399/2993 5042/7391/2988
f 5036/7398/2992 5034/7397/2991 5033/7390/2914 5038/7389/2987
f 5034/7397/2991 5048/7401/2995 5046/7400/2994 5033/7390/2914
f 5029/7402/2965 5030/7403/2996 5055/7404/2996 5054/7405/2965
f 5027/7406/2919 5028/7407/2997 5053/7408/2997 5052/7409/2919
f 5032/7394/2990 5025/7410/2957 5050/7411/2957 5057/7395/2990
f 5025/7410/2957 5026/7412/2998 5051/7413/2998 5050/7411/2957
f 5030/7403/2996 5031/7393/2954 5056/7396/2954 5055/7404/2996
f 5028/7407/2997 5029/7414/2965 5054/7415/2965 5053/7408/2997
f 5026/7412/2998 5027/7406/2919 5052/7409/2919 5051/7413/2998
o AK_Barrel02_lp
v 2.353729 0.331510 -0.020037
v 2.189681 0.331510 -0.020037
v 2.353729 0.331510 0.020037
v 2.189681 0.331510 0.020037
v 2.353729 0.491436 -0.020037
v 2.259853 0.491436 -0.020037
v 2.353729 0.491436 0.020037
v 2.259853 0.491436 0.020037
v 2.229668 0.386520 0.020037
v 2.270131 0.411755 0.020037
v 2.259853 0.491436 0.000000
v 2.234864 0.394318 0.020037
v 2.242301 0.401353 0.020037
v 2.251253 0.406935 0.020037
v 2.260842 0.410520 0.020037
v 2.229668 0.386520 -0.020037
v 2.270131 0.411755 -0.020037
v 2.234864 0.394318 -0.020037
v 2.242301 0.401353 -0.020037
v 2.251253 0.406935 -0.020037
v 2.260842 0.410519 -0.020037
v 2.313105 0.411755 -0.020037
v 2.341205 0.383655 -0.020037
v 2.321789 0.410379 -0.020037
v 2.329622 0.406388 -0.020037
v 2.335838 0.400171 -0.020037
v 2.339830 0.392338 -0.020037
v 2.313105 0.411755 0.020037
v 2.341205 0.383655 0.020037
v 2.353729 0.331510 0.000000
v 2.321789 0.410379 0.020037
v 2.329622 0.406388 0.020037
v 2.335838 0.400171 0.020037
v 2.339830 0.392338 0.020037
v 2.226031 0.344033 0.020037
v 2.216411 0.359459 0.020037
v 2.221092 0.344788 0.020037
v 2.217378 0.346979 0.020037
v 2.215249 0.350392 0.020037
v 2.214916 0.354692 0.020037
v 2.226031 0.344033 -0.020037
v 2.216411 0.359459 -0.020037
v 2.221092 0.344788 -0.020037
v 2.217378 0.346979 -0.020037
v 2.215249 0.350392 -0.020037
v 2.214916 0.354692 -0.020037
v 2.341205 0.361210 0.020037
v 2.324028 0.344033 0.020037
v 2.189681 0.331510 0.000000
v 2.340364 0.355902 0.020037
v 2.337924 0.351114 0.020037
v 2.334125 0.347314 0.020037
v 2.329336 0.344874 0.020037
v 2.341205 0.361210 -0.020037
v 2.324028 0.344033 -0.020037
v 2.340364 0.355902 -0.020037
v 2.337924 0.351114 -0.020037
v 2.334125 0.347314 -0.020037
v 2.329336 0.344874 -0.020037
v 2.353729 0.193773 -0.020037
v 2.291709 0.193773 -0.020037
v 2.353729 0.193773 0.020037
v 2.291709 0.193773 0.020037
v 2.291709 0.164163 0.020037
v 2.299107 0.156765 0.020037
v 2.291709 0.164163 -0.020037
v 2.299107 0.156765 -0.020037
v 2.344990 0.156765 0.020037
v 2.353729 0.165504 0.020037
v 2.348105 0.157792 0.020037
v 2.350711 0.159783 0.020037
v 2.352702 0.162389 0.020037
v 2.344990 0.156765 -0.020037
v 2.353729 0.165504 -0.020037
v 2.348105 0.157792 -0.020037
v 2.350711 0.159783 -0.020037
v 2.352702 0.162389 -0.020037
v 2.189681 0.313799 0.020037
v 2.189681 0.313799 -0.020037
v 2.353729 0.313799 -0.020037
v 2.353729 0.313799 0.020037
v 2.240544 0.212277 0.020037
v 2.240544 0.212277 -0.020037
v 2.353729 0.212277 -0.020037
v 2.353729 0.212277 0.020037
v 2.353729 0.491436 0.000000
v 2.291709 0.193773 0.000000
v 2.353729 0.193773 0.000000
v 2.299107 0.156765 0.000000
v 2.291709 0.164163 0.000000
v 2.344990 0.156765 0.000000
v 2.348105 0.157792 0.000000
v 2.350711 0.159783 0.000000
v 2.352702 0.162389 0.000000
v 2.353729 0.165504 0.000000
v 2.353729 0.313799 0.000000
v 2.189681 0.313799 0.000000
v 2.240544 0.212277 0.000000
v 2.353729 0.212277 0.000000
v 2.259853 0.531628 -0.048085
v 2.353729 0.531628 -0.048085
v 2.259853 0.513227 -0.044425
v 2.353729 0.513227 -0.044425
v 2.259853 0.497627 -0.034001
v 2.353729 0.497627 -0.034001
v 2.259853 0.487204 -0.018401
v 2.353729 0.487204 -0.018401
v 2.259853 0.483544 -0.000000
v 2.353729 0.483544 -0.000000
v 2.259853 0.487204 0.018401
v 2.353729 0.487204 0.018401
v 2.259853 0.497627 0.034001
v 2.353729 0.497627 0.034001
v 2.259853 0.513227 0.044425
v 2.353729 0.513227 0.044425
v 2.259853 0.531628 0.048085
v 2.353729 0.531628 0.048085
v 2.259853 0.550030 0.044425
v 2.353729 0.550030 0.044425
v 2.259853 0.550030 -0.044425
v 2.353729 0.550030 -0.044425
v 2.259853 0.531628 -0.038422
v 2.353729 0.531628 -0.038422
v 2.259853 0.516925 -0.035497
v 2.353729 0.516925 -0.035497
v 2.259853 0.504460 -0.027168
v 2.353729 0.504460 -0.027168
v 2.259853 0.496131 -0.014703
v 2.353729 0.496131 -0.014703
v 2.259853 0.493207 -0.000000
v 2.353729 0.493207 -0.000000
v 2.259853 0.496131 0.014703
v 2.353729 0.496131 0.014703
v 2.259853 0.504460 0.027168
v 2.353729 0.504460 0.027168
v 2.259853 0.516925 0.035497
v 2.353729 0.516925 0.035497
v 2.259853 0.531628 0.038422
v 2.353729 0.531628 0.038422
v 2.259853 0.548181 0.035129
v 2.353729 0.548181 0.035129
v 2.259853 0.548181 -0.035129
v 2.353729 0.548181 -0.035129
vn 1.0000 -0.0000 -0.0000
vn -0.0000 -0.0000 1.0000
vn -0.3827 -0.9239 -0.0000
vn 0.1585 -0.9874 -0.0000
vn -0.9157 0.4018 -0.0000
vn 0.8845 -0.4666 -0.0000
vn 0.9874 -0.1585 -0.0000
vn -0.8090 -0.5878 -0.0000
vn -0.9511 -0.3090 -0.0000
vn -0.0000 -0.0000 -1.0000
vn -0.8090 0.5878 -0.0000
vn -0.9511 0.3090 -0.0000
vn -0.9969 0.0785 -0.0000
vn -0.5878 -0.8090 -0.0000
vn -0.3090 -0.9511 -0.0000
vn 0.2425 -0.9702 -0.0000
vn 0.0660 -0.9978 -0.0000
vn 0.0758 0.9971 -0.0000
vn 0.3356 0.9420 -0.0000
vn 0.9500 0.3122 -0.0000
vn 0.9936 -0.1130 -0.0000
vn -0.9239 -0.3827 -0.0000
vn -1.0000 -0.0000 -0.0000
vn 0.7071 -0.7071 -0.0000
vn 0.4666 -0.8845 -0.0000
vn -0.3090 0.9511 -0.0000
vn -0.5878 0.8090 -0.0000
vn -0.0785 0.9969 -0.0000
vn 0.6983 0.7158 -0.0000
vn -0.3401 -0.9404 -0.0000
vn -0.0785 -0.9969 -0.0000
vn 0.6112 -0.7915 -0.0000
vn 0.4419 -0.8971 -0.0000
vn 0.8670 -0.4983 -0.0000
vn 0.7645 -0.6446 -0.0000
vn -0.9969 -0.0785 -0.0000
vn 0.9288 -0.3706 -0.0000
vn -0.0000 -0.3827 -0.9239
vn -0.0000 -0.7071 -0.7071
vn -0.0000 -0.9239 -0.3827
vn -0.0000 -1.0000 -0.0000
vn -0.0000 -0.9239 0.3827
vn -0.0000 -0.7071 0.7071
vn -0.0000 -0.3827 0.9239
vn -0.0000 0.1951 0.9808
vn -0.0000 0.1951 -0.9808
vn -0.0000 0.3827 0.9239
vn -0.0000 0.7071 0.7071
vn -0.0000 0.9239 0.3827
vn -0.0000 1.0000 -0.0000
vn -0.0000 0.9239 -0.3827
vn -0.0000 0.7071 -0.7071
vn -0.0000 0.3827 -0.9239
vn -0.0000 -0.1951 -0.9808
vn -0.0000 -0.1951 0.9808
vn -0.0000 0.9808 -0.1951
vn -0.0000 0.9808 0.1951
vt 0.361656 0.473983
vt 0.361656 0.468519
vt 0.367838 0.468519
vt 0.367838 0.473983
vt 0.245378 0.780359
vt 0.245378 0.774894
vt 0.296000 0.774894
vt 0.296000 0.780359
vt 0.293854 0.066734
vt 0.308014 0.066734
vt 0.308014 0.072917
vt 0.293854 0.072917
vt 0.893785 0.477745
vt 0.887603 0.477745
vt 0.887603 0.423864
vt 0.893785 0.423864
vt 0.311050 0.060551
vt 0.312062 0.060551
vt 0.312062 0.066734
vt 0.311050 0.066734
vt 0.892264 0.360760
vt 0.879901 0.360760
vt 0.879901 0.358048
vt 0.892264 0.358048
vt 0.652644 0.920693
vt 0.652644 0.870076
vt 0.658109 0.870076
vt 0.658109 0.920693
vt 0.355474 0.468519
vt 0.355474 0.419176
vt 0.361656 0.419176
vt 0.980550 0.646678
vt 0.980550 0.632521
vt 0.982833 0.630238
vt 0.991969 0.630238
vt 0.991969 0.649375
vt 0.983247 0.649375
vt 0.982285 0.649058
vt 0.981481 0.648443
vt 0.980867 0.647639
vt 0.892264 0.345096
vt 0.892264 0.346754
vt 0.879901 0.346754
vt 0.879901 0.345096
vt 0.271175 0.750132
vt 0.257914 0.750132
vt 0.255234 0.750556
vt 0.252817 0.751788
vt 0.245378 0.725544
vt 0.274346 0.725544
vt 0.277000 0.751619
vt 0.274041 0.750513
vt 0.892264 0.348411
vt 0.879901 0.348411
vt 0.892264 0.363472
vt 0.879901 0.363472
vt 0.892264 0.366185
vt 0.879901 0.366185
vt 0.250899 0.753706
vt 0.249667 0.756123
vt 0.249243 0.758803
vt 0.249243 0.765728
vt 0.249502 0.767366
vt 0.250255 0.768844
vt 0.892264 0.281146
vt 0.879901 0.281146
vt 0.879901 0.278256
vt 0.892264 0.278256
vt 0.892264 0.309889
vt 0.879901 0.309889
vt 0.879901 0.308348
vt 0.892264 0.308348
vt 0.293854 0.060551
vt 0.308014 0.060551
vt 0.682868 0.894899
vt 0.682487 0.892033
vt 0.681381 0.889074
vt 0.707453 0.891728
vt 0.707453 0.920693
vt 0.681212 0.913255
vt 0.682444 0.910838
vt 0.682868 0.908158
vt 0.879901 0.305777
vt 0.879901 0.304446
vt 0.892264 0.304446
vt 0.892264 0.305777
vt 0.290626 0.060551
vt 0.290626 0.066734
vt 0.281488 0.066734
vt 0.281488 0.060551
vt 0.310038 0.060551
vt 0.310038 0.066734
vt 0.309026 0.060551
vt 0.309026 0.066734
vt 0.892264 0.341780
vt 0.892264 0.343438
vt 0.879901 0.343438
vt 0.879901 0.341780
vt 0.892264 0.340122
vt 0.879901 0.340122
vt 0.290626 0.072917
vt 0.281488 0.072917
vt 0.879901 0.307017
vt 0.892264 0.307017
vt 0.656095 0.002164
vt 0.656095 0.008346
vt 0.639309 0.008346
vt 0.639309 0.002164
vt 0.662985 0.914644
vt 0.664158 0.915816
vt 0.662882 0.878622
vt 0.662206 0.879768
vt 0.661973 0.881292
vt 0.661973 0.911529
vt 0.662233 0.913166
vt 0.663935 0.877965
vt 0.679659 0.886312
vt 0.677488 0.884017
vt 0.675082 0.882414
vt 0.666732 0.878324
vt 0.665262 0.877863
vt 0.679294 0.915173
vt 0.665635 0.916569
vt 0.667273 0.916829
vt 0.674198 0.916829
vt 0.676877 0.916404
vt 0.899967 0.423864
vt 0.899967 0.477745
vt 0.892264 0.368897
vt 0.879901 0.368897
vt 0.311050 0.072917
vt 0.312062 0.072917
vt 0.310038 0.072917
vt 0.288110 0.769067
vt 0.288213 0.767740
vt 0.287751 0.766269
vt 0.283660 0.757918
vt 0.282057 0.755512
vt 0.279762 0.753341
vt 0.287453 0.770120
vt 0.309026 0.072917
vt 0.251428 0.770017
vt 0.252905 0.770769
vt 0.254543 0.771029
vt 0.284783 0.771029
vt 0.286307 0.770796
vt 0.320786 0.060551
vt 0.320786 0.066734
vt 0.997678 0.614452
vt 0.997678 0.649375
vt 0.892264 0.287559
vt 0.879901 0.287559
vt 0.879901 0.284305
vt 0.892264 0.284305
vt 0.892264 0.293608
vt 0.879901 0.293608
vt 0.879901 0.290718
vt 0.892264 0.290718
vt 0.892264 0.355336
vt 0.879901 0.355336
vt 0.656095 0.014528
vt 0.639309 0.014528
vt 0.892264 0.382155
vt 0.879901 0.382155
vt 0.899967 0.483209
vt 0.893785 0.483209
vt 0.892264 0.302905
vt 0.879901 0.302905
vt 0.326496 0.060551
vt 0.326496 0.066734
vt 0.977179 0.312668
vt 0.977496 0.311707
vt 0.978110 0.310903
vt 0.978914 0.310288
vt 0.979875 0.309972
vt 0.988596 0.309972
vt 0.988596 0.329106
vt 0.979461 0.329106
vt 0.977179 0.326823
vt 0.320786 0.072917
vt 0.326496 0.072917
vt 0.994305 0.309972
vt 0.994305 0.344890
vt 0.367838 0.419176
vt 0.887603 0.483209
vt 0.355474 0.473983
vt 0.391432 0.958148
vt 0.391432 0.929181
vt 0.397221 0.929181
vt 0.397221 0.958148
vt 0.403010 0.929181
vt 0.403010 0.958148
vt 0.408799 0.929181
vt 0.408799 0.958148
vt 0.414588 0.929181
vt 0.414588 0.958148
vt 0.420378 0.929181
vt 0.420378 0.958148
vt 0.426167 0.929181
vt 0.426167 0.958148
vt 0.431956 0.929181
vt 0.431956 0.958148
vt 0.437745 0.929181
vt 0.437745 0.958148
vt 0.443534 0.929181
vt 0.443534 0.958148
vt 0.385643 0.958148
vt 0.385642 0.929181
vt 0.972851 0.287786
vt 0.972851 0.292412
vt 0.943886 0.292412
vt 0.943886 0.287786
vt 0.972851 0.297037
vt 0.943886 0.297037
vt 0.972851 0.301663
vt 0.943886 0.301663
vt 0.972851 0.306288
vt 0.943886 0.306289
vt 0.972851 0.310914
vt 0.943886 0.310914
vt 0.972851 0.315540
vt 0.943886 0.315540
vt 0.972851 0.320165
vt 0.943886 0.320165
vt 0.972851 0.324791
vt 0.943886 0.324791
vt 0.972851 0.329998
vt 0.943886 0.329998
vt 0.972851 0.282579
vt 0.943886 0.282579
vt 0.658394 0.525426
vt 0.652956 0.525426
vt 0.652956 0.522625
vt 0.658394 0.522625
vt 0.176672 0.681046
vt 0.176672 0.686484
vt 0.173871 0.686484
vt 0.173871 0.681046
vt 0.647519 0.525426
vt 0.647519 0.522625
vt 0.176672 0.675609
vt 0.173871 0.675609
vt 0.642081 0.525426
vt 0.642081 0.522625
vt 0.176672 0.670171
vt 0.173871 0.670171
vt 0.636644 0.525426
vt 0.636644 0.522625
vt 0.176672 0.664734
vt 0.173871 0.664734
vt 0.631207 0.525426
vt 0.631207 0.522625
vt 0.176672 0.659297
vt 0.173871 0.659297
vt 0.625769 0.525426
vt 0.625769 0.522625
vt 0.176672 0.653859
vt 0.173871 0.653859
vt 0.620332 0.525426
vt 0.620332 0.522625
vt 0.176672 0.648422
vt 0.173871 0.648422
vt 0.614894 0.525426
vt 0.614894 0.522625
vt 0.176672 0.642984
vt 0.173871 0.642984
vt 0.609153 0.525426
vt 0.609153 0.522625
vt 0.176672 0.637243
vt 0.173871 0.637243
vt 0.916252 0.065238
vt 0.916252 0.094244
vt 0.913324 0.094244
vt 0.913324 0.065238
vt 0.757804 0.028839
vt 0.757804 0.057817
vt 0.754879 0.057817
vt 0.754879 0.028839
vt 0.664135 0.525426
vt 0.664135 0.522625
vt 0.176672 0.692225
vt 0.173871 0.692225
s 1
usemtl Material.001
f 5153/7416/2999 5087/7417/2999 5060/7418/2999 5138/7419/2999
f 5138/7420/3000 5060/7421/3000 5061/7422/3000 5135/7423/3000
f 5146/7424/3001 5148/7425/3002 5125/7426/3002 5122/7427/3001
f 5106/7428/3003 5061/7429/3003 5065/7430/3003 5068/7431/3003
f 5134/7432/3004 5131/7433/3005 5152/7434/3005 5151/7435/3004
f 5090/7436/3006 5083/7437/3006 5084/7438/3007 5091/7439/3007
f 5137/7440/3008 5136/7441/3008 5059/7442/3008 5058/7443/3008
f 5058/7444/2999 5062/7445/2999 5143/7446/2999 5087/7417/2999
f 5130/7447/3008 5124/7448/3008 5123/7449/3008 5118/7450/3008 5117/7451/3008 5131/7452/3008 5134/7453/3008 5133/7454/3008 5132/7455/3008
f 5108/7456/3009 5107/7457/3010 5113/7458/3010 5114/7459/3009
f 5067/7460/3000 5085/7461/3000 5088/7462/3000 5089/7463/3000 5064/7464/3000 5065/7465/3000 5071/7466/3000 5072/7467/3000
f 5107/7457/3010 5104/7468/3011 5111/7469/3011 5113/7458/3010
f 5089/7470/3012 5082/7471/3012 5083/7437/3006 5090/7436/3006
f 5088/7472/3013 5081/7473/3013 5082/7471/3012 5089/7470/3012
f 5090/7474/3000 5091/7475/3000 5086/7476/3000 5104/7477/3000 5107/7478/3000 5108/7479/3000 5060/7421/3000 5064/7464/3000 5089/7463/3000
f 5072/7480/3014 5078/7481/3014 5074/7482/3015 5067/7483/3015
f 5092/7484/3016 5098/7485/3016 5100/7486/3017 5094/7487/3017
f 5146/7424/3001 5124/7488/3001 5130/7489/3002 5148/7425/3002
f 5074/7490/3008 5078/7491/3008 5077/7492/3008 5063/7493/3008 5062/7494/3008 5082/7495/3008 5081/7496/3008 5079/7497/3008
f 5102/7498/3018 5103/7499/3019 5097/7500/3019 5096/7501/3018
f 5123/7502/3020 5147/7503/3020 5144/7504/3021 5118/7505/3021
f 5133/7506/3022 5134/7432/3004 5151/7435/3004 5150/7507/3022
f 5132/7508/3023 5133/7506/3022 5150/7507/3022 5149/7509/3023
f 5130/7489/3002 5132/7508/3023 5149/7509/3023 5148/7425/3002
f 5110/7510/3024 5109/7511/3025 5115/7512/3025 5116/7513/3024
f 5098/7485/3016 5092/7484/3016 5105/7514/3026 5112/7515/3026
f 5121/7516/3020 5120/7517/3021 5144/7504/3021 5147/7503/3020
f 5101/7518/3027 5102/7498/3018 5096/7501/3018 5095/7519/3027
f 5100/7486/3017 5101/7518/3027 5095/7519/3027 5094/7487/3017
f 5105/7514/3026 5110/7510/3024 5116/7513/3024 5112/7515/3026
f 5109/7511/3025 5108/7456/3009 5114/7459/3009 5115/7512/3025
f 5118/7520/3028 5144/7521/3028 5155/7522/3028 5140/7523/3028
f 5115/7524/3008 5114/7525/3008 5058/7443/3008 5059/7442/3008 5101/7526/3008 5100/7527/3008 5098/7528/3008 5112/7529/3008 5116/7530/3008
f 5102/7531/3008 5101/7526/3008 5059/7442/3008 5063/7493/3008 5077/7492/3008 5076/7532/3008 5075/7533/3008 5073/7534/3008 5099/7535/3008 5103/7536/3008
f 5083/7537/3008 5082/7495/3008 5062/7494/3008 5058/7443/3008 5114/7525/3008 5113/7538/3008 5111/7539/3008 5080/7540/3008 5084/7541/3008
f 5106/7428/3003 5068/7431/3003 5063/7542/3003 5059/7543/3003
f 5085/7544/3029 5079/7545/3029 5081/7473/3013 5088/7472/3013
f 5129/7546/3004 5151/7435/3004 5152/7434/3005 5126/7547/3005
f 5128/7548/3022 5150/7507/3022 5151/7435/3004 5129/7546/3004
f 5096/7549/3000 5097/7550/3000 5093/7551/3000 5066/7552/3000 5069/7553/3000 5070/7554/3000 5071/7466/3000 5065/7465/3000 5061/7422/3000 5095/7555/3000
f 5127/7556/3023 5149/7509/3023 5150/7507/3022 5128/7548/3022
f 5109/7557/3000 5110/7558/3000 5105/7559/3000 5092/7560/3000 5094/7561/3000 5095/7555/3000 5061/7422/3000 5060/7421/3000 5108/7479/3000
f 5152/7434/3005 5131/7433/3005 5117/7562/2999 5145/7563/2999
f 5117/7451/3008 5118/7450/3008 5140/7564/3008 5141/7565/3008
f 5070/7566/3030 5076/7567/3030 5077/7568/3031 5071/7569/3031
f 5066/7570/3032 5073/7571/3032 5075/7572/3033 5069/7573/3033
f 5104/7468/3011 5086/7574/3034 5080/7575/3034 5111/7469/3011
f 5125/7426/3002 5148/7425/3002 5149/7509/3023 5127/7556/3023
f 5120/7576/3028 5139/7577/3028 5155/7522/3028 5144/7521/3028
f 5085/7544/3029 5067/7578/3015 5074/7579/3015 5079/7545/3029
f 5136/7580/3021 5154/7581/3021 5106/7428/3021 5059/7543/3021
f 5069/7573/3033 5075/7572/3033 5076/7567/3030 5070/7566/3030
f 5066/7570/3032 5093/7582/3035 5099/7583/3035 5073/7571/3032
f 5071/7569/3031 5077/7568/3031 5078/7481/3014 5072/7480/3014
f 5145/7563/2999 5117/7562/2999 5141/7584/2999 5156/7585/2999
f 5146/7424/3001 5147/7503/3020 5123/7502/3020 5124/7488/3001
f 5091/7439/3007 5084/7438/3007 5080/7575/3034 5086/7574/3034
f 5125/7586/3000 5127/7587/3000 5128/7588/3000 5129/7589/3000 5126/7590/3000 5119/7591/3000 5120/7592/3000 5121/7593/3000 5122/7594/3000
f 5146/7424/3001 5122/7427/3001 5121/7516/3020 5147/7503/3020
f 5152/7434/3005 5145/7563/2999 5119/7595/2999 5126/7547/3005
f 5145/7563/2999 5156/7585/2999 5142/7596/2999 5119/7595/2999
f 5119/7591/3000 5142/7597/3000 5139/7598/3000 5120/7592/3000
f 5060/7418/2999 5087/7417/2999 5143/7446/2999 5064/7599/2999
f 5135/7600/3021 5061/7429/3021 5106/7428/3021 5154/7581/3021
f 5153/7416/2999 5137/7601/2999 5058/7444/2999 5087/7417/2999
f 5097/7500/3019 5103/7499/3019 5099/7583/3035 5093/7582/3035
f 5157/7602/3008 5158/7603/3008 5160/7604/3036 5159/7605/3036
f 5159/7605/3036 5160/7604/3036 5162/7606/3037 5161/7607/3037
f 5161/7607/3037 5162/7606/3037 5164/7608/3038 5163/7609/3038
f 5163/7609/3038 5164/7608/3038 5166/7610/3039 5165/7611/3039
f 5165/7611/3039 5166/7610/3039 5168/7612/3040 5167/7613/3040
f 5167/7613/3040 5168/7612/3040 5170/7614/3041 5169/7615/3041
f 5169/7615/3041 5170/7614/3041 5172/7616/3042 5171/7617/3042
f 5171/7617/3042 5172/7616/3042 5174/7618/3000 5173/7619/3000
f 5173/7619/3000 5174/7618/3000 5176/7620/3043 5175/7621/3043
f 5177/7622/3044 5178/7623/3044 5158/7603/3008 5157/7602/3008
f 5179/7624/3000 5181/7625/3045 5182/7626/3045 5180/7627/3000
f 5181/7625/3045 5183/7628/3046 5184/7629/3046 5182/7626/3045
f 5183/7628/3046 5185/7630/3047 5186/7631/3047 5184/7629/3046
f 5185/7630/3047 5187/7632/3048 5188/7633/3048 5186/7631/3047
f 5187/7632/3048 5189/7634/3049 5190/7635/3049 5188/7633/3048
f 5189/7634/3049 5191/7636/3050 5192/7637/3050 5190/7635/3049
f 5191/7636/3050 5193/7638/3051 5194/7639/3051 5192/7637/3050
f 5193/7638/3051 5195/7640/3008 5196/7641/3008 5194/7639/3051
f 5195/7640/3008 5197/7642/3052 5198/7643/3052 5196/7641/3008
f 5199/7644/3053 5179/7624/3000 5180/7627/3000 5200/7645/3053
f 5157/7646/3021 5159/7647/3021 5181/7648/3021 5179/7649/3021
f 5160/7650/2999 5158/7651/2999 5180/7652/2999 5182/7653/2999
f 5159/7647/3021 5161/7654/3021 5183/7655/3021 5181/7648/3021
f 5162/7656/2999 5160/7650/2999 5182/7653/2999 5184/7657/2999
f 5161/7654/3021 5163/7658/3021 5185/7659/3021 5183/7655/3021
f 5164/7660/2999 5162/7656/2999 5184/7657/2999 5186/7661/2999
f 5163/7658/3021 5165/7662/3021 5187/7663/3021 5185/7659/3021
f 5166/7664/2999 5164/7660/2999 5186/7661/2999 5188/7665/2999
f 5165/7662/3021 5167/7666/3021 5189/7667/3021 5187/7663/3021
f 5168/7668/2999 5166/7664/2999 5188/7665/2999 5190/7669/2999
f 5167/7666/3021 5169/7670/3021 5191/7671/3021 5189/7667/3021
f 5170/7672/2999 5168/7668/2999 5190/7669/2999 5192/7673/2999
f 5169/7670/3021 5171/7674/3021 5193/7675/3021 5191/7671/3021
f 5172/7676/2999 5170/7672/2999 5192/7673/2999 5194/7677/2999
f 5171/7674/3021 5173/7678/3021 5195/7679/3021 5193/7675/3021
f 5174/7680/2999 5172/7676/2999 5194/7677/2999 5196/7681/2999
f 5173/7678/3021 5175/7682/3021 5197/7683/3021 5195/7679/3021
f 5176/7684/2999 5174/7680/2999 5196/7681/2999 5198/7685/2999
f 5175/7686/3054 5176/7687/3054 5198/7688/3054 5197/7689/3054
f 5178/7690/3055 5177/7691/3055 5199/7692/3055 5200/7693/3055
f 5177/7694/3021 5157/7646/3021 5179/7649/3021 5199/7695/3021
f 5158/7651/2999 5178/7696/2999 5200/7697/2999 5180/7652/2999
o AK_Barrel03_lp
v 1.674502 0.208514 0.033823
v 1.674502 0.208514 -0.033822
v 1.745557 0.208514 0.033823
v 1.745557 0.208514 -0.033822
v 1.695023 0.155730 -0.014084
v 1.695023 0.155730 0.014084
v 1.722951 0.155730 -0.014084
v 1.722951 0.155730 0.014084
v 1.695023 0.158890 0.014084
v 1.694659 0.160689 0.014433
v 1.694659 0.160689 -0.014433
v 1.695023 0.158890 -0.014084
v 1.723351 0.160689 0.014433
v 1.722951 0.158890 0.014084
v 1.723351 0.160689 -0.014433
v 1.722951 0.158890 -0.014084
v 1.673152 0.308222 0.000000
v 1.673152 0.222983 0.025857
v 1.673152 0.228771 0.032909
v 1.673152 0.235824 0.038697
v 1.673152 0.243870 0.042998
v 1.673152 0.222983 -0.025857
v 1.673152 0.228771 -0.032909
v 1.673152 0.235824 -0.038697
v 1.673152 0.252601 0.045647
v 1.673152 0.243870 -0.042998
v 1.673152 0.252601 -0.045647
v 1.673152 0.261681 0.046541
v 1.673152 0.261681 -0.046541
v 1.673152 0.270760 -0.045647
v 1.673152 0.270760 0.045647
v 1.673152 0.279491 -0.042998
v 1.673152 0.287538 -0.038697
v 1.673152 0.279491 0.042998
v 1.673152 0.287538 0.038697
v 1.673152 0.294590 -0.032909
v 1.673152 0.294590 0.032909
v 1.673152 0.300378 0.025857
v 1.673152 0.215140 0.000000
v 1.673152 0.304679 0.017810
v 1.673152 0.216034 0.009080
v 1.673152 0.307327 0.009080
v 1.673152 0.218682 0.017810
v 1.879256 0.220309 0.027422
v 1.673152 0.300378 -0.025857
v 1.879256 0.226447 0.034902
v 1.879256 0.233927 0.041040
v 1.879256 0.242460 0.045601
v 1.673152 0.304679 -0.017810
v 1.673152 0.216034 -0.009080
v 1.879256 0.251719 0.048410
v 1.673152 0.307327 -0.009080
v 1.673152 0.218682 -0.017810
v 1.879256 0.261349 0.049359
v 1.879256 0.220309 -0.027422
v 1.879256 0.226447 -0.034902
v 1.879256 0.270978 0.048410
v 1.879256 0.233927 -0.041040
v 1.879256 0.242460 -0.045601
v 1.879256 0.280238 0.045601
v 1.879256 0.251719 -0.048410
v 1.879256 0.288771 0.041040
v 1.879256 0.261349 -0.049359
v 1.879256 0.296251 0.034902
v 1.879256 0.270978 -0.048410
v 1.879256 0.299980 0.030357
v 1.879256 0.211990 0.000000
v 1.879256 0.212939 0.009629
v 1.879256 0.215747 0.018889
v 1.809155 0.350689 0.000000
v 1.876836 0.325005 0.000000
v 1.764558 0.388149 0.000000
v 1.879256 0.299980 0.000000
v 1.786450 0.366662 0.000000
v 1.879256 0.280237 -0.045601
v 1.879256 0.288771 -0.041040
v 1.581908 0.357445 0.000000
v 1.581908 0.358336 0.009049
v 1.581908 0.360975 0.017750
v 1.581908 0.365262 0.025768
v 1.581908 0.371030 0.032797
v 1.581908 0.378058 0.038565
v 1.581908 0.386077 0.042851
v 1.581908 0.394778 0.045491
v 1.581908 0.403827 0.046382
v 1.581908 0.412875 0.045491
v 1.581908 0.421576 0.042851
v 1.581908 0.429595 0.038565
v 1.581908 0.436624 0.032797
v 1.581908 0.442392 0.025768
v 1.581908 0.446678 0.017749
v 1.581908 0.449317 0.009049
v 1.581908 0.450208 -0.000000
v 1.879256 0.296251 -0.034902
v 1.879256 0.299980 -0.030357
v 1.673152 0.371030 0.032797
v 1.673152 0.378058 0.038565
v 1.673152 0.365262 0.025768
v 1.673152 0.360975 0.017750
v 1.673152 0.358336 0.009049
v 1.673152 0.357445 0.000000
v 1.879256 0.212939 -0.009629
v 1.673152 0.198824 0.026036
v 1.673152 0.205112 0.037798
v 1.673152 0.328409 0.013273
v 1.673152 0.329716 0.000000
v 1.673152 0.194953 0.013273
v 1.673152 0.324537 0.026036
v 1.673152 0.193646 0.000000
v 1.673152 0.318250 0.037798
v 1.879256 0.215747 -0.018889
v 1.673152 0.309789 0.048108
v 1.673152 0.299479 0.056569
v 1.673152 0.287717 0.062856
v 1.673152 0.274954 0.066728
v 1.673152 0.261681 0.068035
v 1.581908 0.358336 -0.009049
v 1.581908 0.360975 -0.017750
v 1.673152 0.248408 0.066728
v 1.581908 0.365262 -0.025768
v 1.673152 0.235645 0.062856
v 1.581908 0.371030 -0.032797
v 1.673152 0.223882 0.056569
v 1.581908 0.378058 -0.038565
v 1.673152 0.213573 0.048108
v 1.867201 0.327518 0.027841
v 1.581908 0.386077 -0.042851
v 1.809155 0.350689 0.028098
v 1.835123 0.335894 0.027841
v 1.581908 0.394778 -0.045491
v 1.581908 0.403827 -0.046382
v 1.581908 0.412875 -0.045491
v 1.581908 0.421576 -0.042851
v 1.724458 0.441214 0.007127
v 1.581908 0.429595 -0.038565
v 1.581908 0.436624 -0.032797
v 1.723663 0.441952 -0.000000
v 1.727534 0.435491 0.020273
v 1.725324 0.439031 0.013974
v 1.730353 0.430982 0.025411
v 1.733808 0.425641 0.029776
v 1.581908 0.442392 -0.025768
v 1.581908 0.446678 -0.017750
v 1.745350 0.411601 0.035623
v 1.739265 0.419023 0.033352
v 1.581908 0.449317 -0.009049
v 1.757907 0.395927 0.035619
v 1.751652 0.403804 0.036395
v 1.764558 0.388149 0.033288
v 1.773427 0.379355 0.028631
v 1.786450 0.366662 0.028395
v 1.673152 0.371030 -0.032797
v 1.876836 0.325005 0.037798
v 1.835161 0.335872 0.037798
v 1.673152 0.378058 -0.038565
v 1.673152 0.365262 -0.025768
v 1.673152 0.360975 -0.017750
v 1.673152 0.358336 -0.009049
v 1.673152 0.198824 -0.026036
v 1.673152 0.205112 -0.037798
v 1.720087 0.449317 0.009049
v 1.719518 0.450208 -0.000000
v 1.723442 0.442392 0.025768
v 1.721251 0.446678 0.017749
v 1.726494 0.436624 0.032797
v 1.737518 0.421576 0.042851
v 1.731103 0.429595 0.038565
v 1.766523 0.386077 0.042851
v 1.758867 0.394778 0.045491
v 1.673152 0.328409 -0.013273
v 1.744479 0.412875 0.045491
v 1.751681 0.403827 0.046382
v 1.673152 0.194953 -0.013273
v 1.673152 0.324537 -0.026036
v 1.774758 0.378058 0.038565
v 1.786540 0.366586 0.038351
v 1.809236 0.350638 0.038055
v 1.752633 0.388149 0.033288
v 1.673152 0.318250 -0.037798
v 1.739726 0.403804 0.036395
v 1.673152 0.309789 -0.048108
v 1.673152 0.299479 -0.056569
v 1.673152 0.287717 -0.062856
v 1.673152 0.274954 -0.066728
v 1.673152 0.261681 -0.068035
v 1.673152 0.248408 -0.066728
v 1.716558 0.441214 0.007127
v 1.716413 0.441952 -0.000000
v 1.717674 0.435491 0.020273
v 1.716984 0.439031 0.013974
v 1.718428 0.430982 0.025411
v 1.727339 0.419023 0.033352
v 1.721882 0.425641 0.029776
v 1.745981 0.395927 0.035619
v 1.673152 0.235645 -0.062856
v 1.733425 0.411601 0.035623
v 1.835123 0.335894 0.000000
v 1.867201 0.327518 0.000000
v 1.752633 0.388149 0.000000
v 1.739726 0.403804 0.000000
v 1.673152 0.223882 -0.056569
v 1.673152 0.213573 -0.048108
v 1.867201 0.327518 -0.027841
v 1.809155 0.350689 -0.028098
v 1.835123 0.335894 -0.027841
v 1.724458 0.441214 -0.007127
v 1.727534 0.435491 -0.020273
v 1.725324 0.439031 -0.013974
v 1.730353 0.430982 -0.025411
v 1.733808 0.425641 -0.029776
v 1.745350 0.411601 -0.035623
v 1.739265 0.419023 -0.033352
v 1.757907 0.395927 -0.035619
v 1.751652 0.403804 -0.036395
v 1.764558 0.388149 -0.033288
v 1.773427 0.379355 -0.028631
v 1.786450 0.366662 -0.028395
v 1.876836 0.325005 -0.037798
v 1.835161 0.335872 -0.037798
v 1.720087 0.449317 -0.009049
v 1.723442 0.442392 -0.025768
v 1.721251 0.446678 -0.017750
v 1.726494 0.436624 -0.032797
v 1.737518 0.421576 -0.042851
v 1.731103 0.429595 -0.038565
v 1.766523 0.386077 -0.042851
v 1.758867 0.394778 -0.045491
v 1.744479 0.412875 -0.045491
v 1.751681 0.403827 -0.046382
v 1.774758 0.378058 -0.038565
v 1.786540 0.366586 -0.038351
v 1.809236 0.350638 -0.038054
v 1.752633 0.388149 -0.033288
v 1.739726 0.403804 -0.036395
v 1.716558 0.441214 -0.007127
v 1.717674 0.435491 -0.020273
v 1.716984 0.439031 -0.013974
v 1.718428 0.430982 -0.025411
v 1.727339 0.419023 -0.033352
v 1.721882 0.425641 -0.029776
v 1.745981 0.395927 -0.035619
v 1.733425 0.411601 -0.035623
v 1.879256 0.198824 0.026036
v 1.879256 0.205112 0.037798
v 1.879256 0.194953 0.013273
v 1.879256 0.193646 0.000000
v 1.879256 0.309789 0.048108
v 1.879256 0.318250 0.037798
v 1.879256 0.299479 0.056569
v 1.879256 0.287717 0.062856
v 1.879256 0.274954 0.066728
v 1.879256 0.261681 0.068035
v 1.879256 0.248408 0.066728
v 1.879256 0.235645 0.062856
v 1.879256 0.223882 0.056569
v 1.879256 0.213573 0.048108
v 1.879256 0.261681 -0.068035
v 1.879256 0.274954 -0.066728
v 1.879256 0.287717 -0.062856
v 1.879256 0.299479 -0.056569
v 1.879256 0.309789 -0.048108
v 1.879256 0.194953 -0.013273
v 1.879256 0.198824 -0.026036
v 1.879256 0.318250 0.000000
v 1.879256 0.318250 -0.037798
v 1.879256 0.223882 -0.056569
v 1.879256 0.235645 -0.062856
v 1.879256 0.205112 -0.037798
v 1.879256 0.213573 -0.048108
v 1.879256 0.248408 -0.066728
vn -0.0000 -0.3018 0.9534
vn -0.0000 -0.3757 0.9267
vn -0.0000 -0.3004 0.9538
vn -0.0000 -0.1014 -0.9948
vn -0.0000 -0.1019 -0.9948
vn -0.0000 -0.0000 -1.0000
vn -0.0000 -0.1019 0.9948
vn -0.0000 -0.1014 0.9948
vn -0.0000 -0.0000 1.0000
vn -0.0000 -0.3004 -0.9538
vn -0.0000 -0.3757 -0.9267
vn -0.0000 -0.3018 -0.9534
vn -0.0000 -1.0000 -0.0000
vn 0.9933 -0.1154 -0.0000
vn 1.0000 -0.0000 -0.0000
vn -0.9506 -0.3104 -0.0000
vn -0.9215 -0.3884 -0.0000
vn 0.9412 -0.3377 -0.0000
vn 0.9070 -0.4211 -0.0000
vn -0.9945 -0.1051 -0.0000
vn -1.0000 -0.0000 -0.0000
vn -0.0000 -0.9773 -0.2118
vn -0.0000 -0.9118 -0.4106
vn -0.0000 -0.9190 -0.3942
vn -0.0000 -0.9794 -0.2018
vn -0.0000 -0.8315 -0.5556
vn -0.0000 -0.9239 -0.3827
vn -0.0000 1.0000 -0.0000
vn -0.0000 0.5556 -0.8315
vn -0.0000 0.5283 -0.8491
vn -0.0000 0.3461 -0.9382
vn -0.0000 0.3827 -0.9239
vn -0.0000 -0.5556 -0.8315
vn -0.0000 -0.7071 -0.7071
vn -0.0000 -0.8315 0.5556
vn -0.0000 -0.9239 0.3827
vn -0.0000 -0.9808 0.1951
vn -0.0000 0.7730 0.6344
vn -0.0000 0.7071 0.7071
vn -0.0000 -0.1951 -0.9808
vn -0.0000 -0.3827 -0.9239
vn -0.0000 0.5556 0.8315
vn -0.0000 0.7071 -0.7071
vn -0.0000 0.3827 0.9239
vn -0.0000 0.1951 -0.9808
vn -0.0000 0.1951 0.9808
vn -0.0000 -0.9808 -0.1951
vn -0.0000 0.8315 -0.5556
vn -0.0000 0.8219 -0.5697
vn -0.0000 0.6901 -0.7237
vn 0.7689 0.6394 0.0042
vn 0.7818 0.6235 0.0057
vn -0.0000 -0.1951 0.9808
vn 0.7213 0.6926 -0.0001
vn 0.7288 0.6847 0.0002
vn -0.0000 -0.3827 0.9239
vn 0.9910 0.1335 -0.0000
vn 0.9414 0.3373 -0.0000
vn 0.9852 0.1712 -0.0000
vn 0.2525 0.9676 -0.0002
vn 0.3772 0.9261 -0.0002
vn 0.3771 0.9262 -0.0000
vn 0.2525 0.9676 -0.0000
vn -0.0000 -0.5556 0.8315
vn -0.0000 -0.7071 0.7071
vn -0.0000 -0.5302 0.8479
vn -0.0000 -0.5852 0.8109
vn -0.0000 -0.4238 0.9058
vn -0.0000 -0.3483 0.9374
vn 0.2525 0.9676 0.0002
vn 0.3772 0.9261 0.0002
vn 0.0009 -0.0133 0.9999
vn 0.0003 -0.0027 1.0000
vn 0.7718 0.6358 0.0026
vn 0.7718 0.6358 -0.0000
vn 0.7997 0.6004 -0.0000
vn 0.7991 0.5999 0.0387
vn 0.6395 0.7688 0.0002
vn 0.5359 0.8443 0.0001
vn 0.5358 0.8443 -0.0000
vn 0.6401 0.7683 -0.0000
vn 0.8261 0.5636 -0.0000
vn 0.8238 0.5620 0.0747
vn -0.0000 0.9239 0.3827
vn -0.0000 0.8315 0.5556
vn -0.0000 0.8219 0.5697
vn -0.0000 0.9196 0.3928
vn -0.0000 0.9808 0.1951
vn -0.0000 0.9796 0.2008
vn -0.0000 0.7730 -0.6344
vn -0.0000 -0.5280 0.8493
vn -0.0000 -0.4714 0.8819
vn -0.0000 -0.4234 0.9060
vn 0.8097 0.5867 0.0095
vn 0.8450 0.5345 -0.0176
vn 0.8443 0.5356 -0.0172
vn 0.7003 0.7139 -0.0015
vn 0.7000 0.7142 -0.0019
vn -0.0000 -0.2365 0.9716
vn 0.7718 0.6358 -0.0026
vn 0.7991 0.5999 -0.0387
vn -0.0000 0.9796 -0.2008
vn -0.0000 0.9808 -0.1951
vn -0.0000 -0.0419 0.9991
vn -0.0000 -0.9118 0.4106
vn -0.0000 -0.9190 0.3942
vn -0.0000 -0.8201 0.5723
vn -0.0000 -0.8031 0.5959
vn -0.0000 0.1545 0.9880
vn -0.0000 0.3461 0.9382
vn 0.8641 0.5032 -0.0116
vn 0.8634 0.5044 -0.0126
vn -0.0000 0.5283 0.8491
vn -0.0000 0.6901 0.7237
vn -0.0000 0.9239 -0.3827
vn -0.0000 0.9196 -0.3928
vn 0.0014 -0.0145 0.9999
vn -0.0000 0.1545 -0.9880
vn 0.5359 0.8443 -0.0001
vn 0.5357 0.8444 -0.0003
vn 0.6385 0.7696 0.0001
vn 0.6395 0.7688 -0.0002
vn 0.7803 0.6253 0.0130
vn 0.7820 0.6228 0.0240
vn 0.8856 0.4644 -0.0008
vn 0.8856 0.4644 -0.0000
vn -0.0000 -0.9773 0.2118
vn -0.0000 -0.9794 0.2018
vn -0.0000 -0.2365 -0.9716
vn -0.0000 -0.4234 -0.9060
vn 0.8788 0.4769 -0.0142
vn 0.8786 0.4774 -0.0136
vn 0.2523 0.9676 -0.0000
vn 0.2524 0.9676 -0.0002
vn -0.0000 -0.4714 -0.8819
vn -0.0000 -0.5280 -0.8493
vn -0.0000 -0.0419 -0.9991
vn 0.0009 -0.0133 -0.9999
vn 0.0014 -0.0145 -0.9999
vn 0.0003 -0.0027 -1.0000
vn 0.3770 0.9262 0.0004
vn 0.2524 0.9676 0.0002
vn 0.3770 0.9262 -0.0004
vn 0.8856 0.4644 0.0008
vn 0.8634 0.5044 0.0126
vn 0.8786 0.4774 0.0136
vn 0.8788 0.4769 0.0142
vn 0.8641 0.5032 0.0116
vn 0.8443 0.5356 0.0172
vn 0.8450 0.5345 0.0176
vn 0.8238 0.5620 -0.0747
vn 0.7820 0.6228 -0.0240
vn 0.8097 0.5867 -0.0095
vn 0.7213 0.6926 0.0001
vn 0.7689 0.6394 -0.0042
vn 0.7288 0.6847 -0.0002
vn 0.7803 0.6253 -0.0130
vn 0.7818 0.6235 -0.0057
vn -0.0000 -0.2382 0.9712
vn -0.0000 -0.1549 0.9879
vn -0.0000 0.0421 0.9991
vn -0.0000 -0.0424 0.9991
vn -0.0000 0.1521 0.9884
vn -0.0000 0.2340 0.9722
vn 0.7003 0.7139 0.0015
vn 0.7000 0.7142 0.0019
vn 0.6385 0.7696 -0.0001
vn 0.5357 0.8444 0.0003
vn -0.0000 -0.7068 0.7074
vn -0.0000 -0.6786 0.7345
vn -0.0000 -0.3483 -0.9374
vn -0.0000 -0.1549 -0.9879
vn -0.0000 -0.2382 -0.9712
vn -0.0000 -0.4238 -0.9058
vn -0.0000 0.2871 0.9579
vn -0.0000 0.0421 -0.9991
vn -0.0000 -0.0424 -0.9991
vn -0.0000 -0.8031 -0.5959
vn -0.0000 -0.8201 -0.5723
vn -0.0000 -0.6786 -0.7345
vn -0.0000 -0.7068 -0.7074
vn 0.7006 0.7136 -0.0000
vn 0.0009 -0.0143 -0.9999
vn -0.0000 0.2340 -0.9722
vn -0.0000 0.1521 -0.9884
vn -0.0000 -0.5302 -0.8479
vn -0.0000 -0.5852 -0.8109
vn -0.0000 0.2871 -0.9579
vn 0.0009 -0.0143 0.9999
vt 0.019847 0.947275
vt 0.012996 0.931354
vt 0.034918 0.931354
vt 0.028699 0.947275
vt 0.028587 0.958481
vt 0.019971 0.958481
vt 0.019971 0.957506
vt 0.028587 0.957506
vt 0.019971 0.947841
vt 0.028587 0.947841
vt 0.028587 0.948816
vt 0.019971 0.948816
vt 0.028699 0.959046
vt 0.034918 0.974967
vt 0.012996 0.974967
vt 0.019847 0.959046
vt 0.018996 0.957506
vt 0.018996 0.948816
vt 0.030128 0.948708
vt 0.046140 0.942726
vt 0.046140 0.963596
vt 0.030128 0.957614
vt 0.018427 0.957614
vt 0.002160 0.963596
vt 0.002160 0.942726
vt 0.018427 0.948708
vt 0.029562 0.957506
vt 0.029562 0.948816
vt 0.979313 0.823363
vt 0.979313 0.825958
vt 0.976698 0.825958
vt 0.976698 0.823363
vt 0.535372 0.376199
vt 0.563528 0.376199
vt 0.563528 0.379005
vt 0.535372 0.379005
vt 0.056214 0.002162
vt 0.056214 0.005839
vt 0.045951 0.005839
vt 0.045951 0.002162
vt 0.535373 0.353754
vt 0.581410 0.353754
vt 0.583390 0.356560
vt 0.535373 0.356560
vt 0.083364 0.739003
vt 0.146957 0.739003
vt 0.146957 0.743118
vt 0.083364 0.743119
vt 0.634389 0.951560
vt 0.636927 0.957688
vt 0.632989 0.958883
vt 0.631695 0.952378
vt 0.083365 0.771925
vt 0.083365 0.767810
vt 0.146958 0.767810
vt 0.146958 0.771925
vt 0.083365 0.763695
vt 0.146957 0.763694
vt 0.083365 0.759580
vt 0.146957 0.759579
vt 0.620915 0.950233
vt 0.617231 0.955748
vt 0.614049 0.953137
vt 0.618739 0.948447
vt 0.083364 0.813077
vt 0.083364 0.808962
vt 0.146957 0.808962
vt 0.146957 0.813078
vt 0.083364 0.730773
vt 0.146957 0.730773
vt 0.146957 0.734888
vt 0.083364 0.734888
vt 0.083364 0.804847
vt 0.146958 0.804847
vt 0.083364 0.710197
vt 0.146957 0.710197
vt 0.146957 0.714312
vt 0.083364 0.714312
vt 0.083365 0.800731
vt 0.146958 0.800732
vt 0.083364 0.722542
vt 0.146957 0.722543
vt 0.146957 0.726658
vt 0.083364 0.726658
vt 0.083365 0.796616
vt 0.146958 0.796616
vt 0.083364 0.755464
vt 0.146957 0.755464
vt 0.535373 0.348142
vt 0.579046 0.348142
vt 0.579988 0.350948
vt 0.535373 0.350948
vt 0.083365 0.792501
vt 0.146958 0.792501
vt 0.642978 0.941095
vt 0.649483 0.942388
vt 0.648288 0.946327
vt 0.642161 0.943789
vt 0.135450 0.961337
vt 0.135912 0.964383
vt 0.132346 0.964658
vt 0.132346 0.961577
vt 0.083365 0.788386
vt 0.146958 0.788386
vt 0.138608 0.960618
vt 0.139488 0.963569
vt 0.535372 0.381811
vt 0.563528 0.381811
vt 0.563528 0.384616
vt 0.535372 0.384616
vt 0.083365 0.784271
vt 0.146958 0.784271
vt 0.192806 0.938252
vt 0.192806 0.936037
vt 0.204470 0.936037
vt 0.204470 0.938252
vt 0.176090 0.958937
vt 0.165860 0.958938
vt 0.165860 0.950347
vt 0.176090 0.950347
vt 0.083365 0.780155
vt 0.146958 0.780155
vt 0.083365 0.776040
vt 0.146958 0.776040
vt 0.665078 0.972593
vt 0.664530 0.975344
vt 0.663455 0.977936
vt 0.661895 0.980268
vt 0.659911 0.982251
vt 0.657577 0.983808
vt 0.654985 0.984881
vt 0.652233 0.985427
vt 0.649427 0.985425
vt 0.646676 0.984877
vt 0.644085 0.983802
vt 0.641753 0.982242
vt 0.639770 0.980257
vt 0.638212 0.977924
vt 0.637140 0.975332
vt 0.636594 0.972580
vt 0.636595 0.969774
vt 0.979313 0.807587
vt 0.976698 0.807587
vt 0.976698 0.804507
vt 0.979313 0.804507
vt 0.176090 0.941756
vt 0.165860 0.941756
vt 0.078544 0.811396
vt 0.014946 0.811396
vt 0.015693 0.809312
vt 0.028553 0.805959
vt 0.761828 0.414501
vt 0.772074 0.414540
vt 0.772074 0.420800
vt 0.760845 0.420737
vt 0.761098 0.417648
vt 0.148072 0.941585
vt 0.156638 0.941677
vt 0.156638 0.950347
vt 0.148072 0.950347
vt 0.636872 0.950233
vt 0.640557 0.955748
vt 0.772074 0.434583
vt 0.769884 0.434367
vt 0.767768 0.433728
vt 0.765797 0.432689
vt 0.764143 0.431376
vt 0.762814 0.429415
vt 0.761738 0.426771
vt 0.761063 0.423818
vt 0.535372 0.334114
vt 0.535372 0.331308
vt 0.579046 0.331308
vt 0.578370 0.334114
vt 0.535372 0.336920
vt 0.578011 0.336920
vt 0.535372 0.339725
vt 0.577835 0.339725
vt 0.146957 0.718427
vt 0.083364 0.718427
vt 0.083365 0.706081
vt 0.146957 0.706082
vt 0.083364 0.751349
vt 0.146957 0.751349
vt 0.535372 0.311669
vt 0.535372 0.308863
vt 0.563528 0.308863
vt 0.594881 0.308863
vt 0.592340 0.311669
vt 0.123645 0.959534
vt 0.122171 0.962246
vt 0.119577 0.960469
vt 0.121683 0.958189
vt 0.142461 0.959181
vt 0.143034 0.962246
vt 0.535372 0.314474
vt 0.589977 0.314474
vt 0.782319 0.414501
vt 0.783049 0.417648
vt 0.783303 0.420737
vt 0.578011 0.342531
vt 0.535373 0.342531
vt 0.535372 0.317280
vt 0.587760 0.317280
vt 0.979313 0.815597
vt 0.976698 0.815597
vt 0.976698 0.812957
vt 0.979313 0.812957
vt 0.649886 0.938293
vt 0.658443 0.938293
vt 0.658718 0.941085
vt 0.659532 0.943770
vt 0.535372 0.320086
vt 0.585538 0.320086
vt 0.623398 0.951560
vt 0.620860 0.957688
vt 0.535372 0.322891
vt 0.583390 0.322891
vt 0.117566 0.958301
vt 0.120041 0.956603
vt 0.535372 0.325697
vt 0.581410 0.325697
vt 0.535372 0.328503
vt 0.579988 0.328503
vt 0.637144 0.967023
vt 0.638219 0.964432
vt 0.639778 0.962100
vt 0.641763 0.960117
vt 0.644097 0.958559
vt 0.646689 0.957487
vt 0.649441 0.956941
vt 0.652246 0.956942
vt 0.654998 0.957491
vt 0.657589 0.958566
vt 0.659921 0.960125
vt 0.661904 0.962110
vt 0.663461 0.964444
vt 0.664534 0.967036
vt 0.665080 0.969788
vt 0.648288 0.930259
vt 0.646349 0.926630
vt 0.664803 0.926393
vt 0.662634 0.928173
vt 0.660854 0.930342
vt 0.649483 0.934197
vt 0.659532 0.932816
vt 0.535373 0.345337
vt 0.578370 0.345337
vt 0.658718 0.935501
vt 0.036552 0.801402
vt 0.585538 0.359365
vt 0.535373 0.359365
vt 0.535372 0.297640
vt 0.535372 0.294835
vt 0.563528 0.294835
vt 0.563528 0.297640
vt 0.563528 0.300446
vt 0.535372 0.300446
vt 0.535372 0.303252
vt 0.563528 0.303252
vt 0.563528 0.306057
vt 0.535372 0.306057
vt 0.156638 0.959017
vt 0.156668 0.962089
vt 0.148109 0.962180
vt 0.148072 0.959108
vt 0.628894 0.952654
vt 0.628894 0.959286
vt 0.624798 0.958883
vt 0.626092 0.952378
vt 0.129253 0.961338
vt 0.128778 0.964383
vt 0.125340 0.963569
vt 0.126292 0.960637
vt 0.616953 0.930315
vt 0.615626 0.932797
vt 0.609499 0.930259
vt 0.611439 0.926630
vt 0.643254 0.938293
vt 0.642978 0.935491
vt 0.614809 0.935491
vt 0.608304 0.934197
vt 0.642161 0.932797
vt 0.614533 0.938293
vt 0.607901 0.938293
vt 0.640834 0.930315
vt 0.118029 0.952546
vt 0.115184 0.953146
vt 0.114852 0.950347
vt 0.117697 0.950349
vt 0.639048 0.928138
vt 0.643738 0.923449
vt 0.636872 0.926352
vt 0.640557 0.920838
vt 0.634389 0.925025
vt 0.636927 0.918898
vt 0.614809 0.941095
vt 0.608304 0.942388
vt 0.631695 0.924208
vt 0.632989 0.917703
vt 0.979313 0.818192
vt 0.976698 0.818192
vt 0.660854 0.946244
vt 0.662634 0.948413
vt 0.664803 0.950192
vt 0.646349 0.949956
vt 0.628894 0.923932
vt 0.628894 0.917300
vt 0.535373 0.364976
vt 0.589977 0.364977
vt 0.592340 0.367782
vt 0.535373 0.367782
vt 0.116079 0.955829
vt 0.118751 0.954660
vt 0.626092 0.924208
vt 0.624798 0.917703
vt 0.179162 0.950347
vt 0.179162 0.962010
vt 0.640834 0.946271
vt 0.643738 0.953137
vt 0.639048 0.948448
vt 0.623398 0.925025
vt 0.620860 0.918898
vt 0.620915 0.926352
vt 0.617231 0.920838
vt 0.618739 0.928138
vt 0.614049 0.923449
vt 0.594881 0.370588
vt 0.563528 0.370588
vt 0.535373 0.370588
vt 0.535373 0.362171
vt 0.587760 0.362171
vt 0.563528 0.373394
vt 0.535372 0.373394
vt 0.488690 0.973950
vt 0.530678 0.963956
vt 0.538677 0.968513
vt 0.615626 0.943789
vt 0.609499 0.946327
vt 0.616953 0.946271
vt 0.611439 0.949956
vt 0.165873 0.938683
vt 0.179162 0.938684
vt 0.165873 0.962010
vt 0.979313 0.820777
vt 0.976698 0.820777
vt 0.118032 0.948151
vt 0.115187 0.947549
vt 0.120042 0.944090
vt 0.118754 0.946034
vt 0.116081 0.944866
vt 0.117567 0.942394
vt 0.121683 0.942505
vt 0.119577 0.940225
vt 0.783085 0.423818
vt 0.782409 0.426771
vt 0.781333 0.429415
vt 0.780004 0.431376
vt 0.778350 0.432689
vt 0.776379 0.433728
vt 0.774263 0.434367
vt 0.126292 0.940056
vt 0.123646 0.941160
vt 0.122171 0.938447
vt 0.125340 0.937124
vt 0.138608 0.940076
vt 0.135450 0.939356
vt 0.135912 0.936310
vt 0.139488 0.937125
vt 0.129253 0.939355
vt 0.128778 0.936310
vt 0.132346 0.939117
vt 0.132346 0.936035
vt 0.976698 0.801311
vt 0.979313 0.801311
vt 0.979313 0.798073
vt 0.976698 0.798073
vt 0.976698 0.794830
vt 0.979313 0.794830
vt 0.142461 0.941512
vt 0.143034 0.938447
vt 0.148109 0.938513
vt 0.156668 0.938605
vt 0.976698 0.810342
vt 0.979313 0.810342
vt 0.979313 0.837048
vt 0.979313 0.840244
vt 0.976698 0.840244
vt 0.976698 0.837048
vt 0.976698 0.791499
vt 0.979313 0.791499
vt 0.979313 0.843482
vt 0.976698 0.843482
vt 0.979313 0.828597
vt 0.976698 0.828597
vt 0.083364 0.747234
vt 0.146957 0.747234
vt 0.979313 0.831213
vt 0.976698 0.831213
vt 0.138607 0.950347
vt 0.551536 0.971866
vt 0.552283 0.973950
vt 0.488690 0.955495
vt 0.520040 0.955495
vt 0.523675 0.959035
vt 0.979313 0.846724
vt 0.976698 0.846724
vt 0.979313 0.833968
vt 0.976698 0.833968
vt 0.979313 0.850055
vt 0.976698 0.850055
vt 0.078544 0.792940
vt 0.043556 0.796480
vt 0.047191 0.792939
vt 0.216134 0.938252
vt 0.216134 0.936037
vt 0.035687 0.002162
vt 0.035687 0.005839
vt 0.210299 0.969882
vt 0.212932 0.968474
vt 0.216134 0.973164
vt 0.212504 0.975104
vt 0.207441 0.970748
vt 0.208566 0.976299
vt 0.204470 0.971041
vt 0.204470 0.976702
vt 0.215240 0.945040
vt 0.213838 0.943889
vt 0.219315 0.940863
vt 0.217134 0.947348
vt 0.221926 0.944044
vt 0.218542 0.949982
vt 0.223866 0.947674
vt 0.219408 0.952839
vt 0.225061 0.951612
vt 0.219701 0.955810
vt 0.225464 0.955708
vt 0.219408 0.958782
vt 0.225061 0.959804
vt 0.218542 0.961639
vt 0.223866 0.963742
vt 0.217134 0.964272
vt 0.221926 0.967372
vt 0.215240 0.966580
vt 0.219315 0.970553
vt 0.189532 0.952839
vt 0.189239 0.955810
vt 0.183476 0.955708
vt 0.183879 0.951612
vt 0.190399 0.949982
vt 0.185074 0.947674
vt 0.193700 0.945040
vt 0.191806 0.947348
vt 0.187014 0.944044
vt 0.189625 0.940863
vt 0.198641 0.969882
vt 0.201499 0.970748
vt 0.200374 0.976299
vt 0.196436 0.975104
vt 0.204470 0.943889
vt 0.195103 0.943889
vt 0.190399 0.961639
vt 0.191806 0.964272
vt 0.187014 0.967372
vt 0.185074 0.963742
vt 0.193700 0.966580
vt 0.196008 0.968474
vt 0.192806 0.973164
vt 0.189625 0.970553
vt 0.189532 0.958782
vt 0.183879 0.959804
s 1
usemtl Material.001
f 5213/7698/3056 5203/7699/3057 5201/7700/3057 5210/7701/3058
f 5212/7702/3059 5216/7703/3060 5207/7704/3061 5205/7705/3061
f 5214/7706/3062 5209/7707/3063 5206/7708/3064 5208/7709/3064
f 5211/7710/3065 5202/7711/3066 5204/7712/3066 5215/7713/3067
f 5205/7705/3068 5207/7704/3068 5208/7709/3068 5206/7708/3068
f 5216/7714/3069 5214/7715/3069 5208/7709/3070 5207/7704/3070
f 5210/7716/3071 5201/7717/3072 5202/7718/3072 5211/7719/3071
f 5215/7720/3073 5204/7721/3074 5203/7722/3074 5213/7723/3073
f 5212/7724/3075 5209/7725/3075 5210/7716/3071 5211/7719/3071
f 5216/7703/3060 5212/7702/3059 5211/7710/3065 5215/7713/3067
f 5214/7715/3069 5216/7714/3069 5215/7720/3073 5213/7723/3073
f 5209/7707/3063 5214/7706/3062 5213/7698/3056 5210/7701/3058
f 5209/7725/3075 5212/7724/3075 5205/7705/3076 5206/7708/3076
f 5334/7726/3077 5339/7727/3078 5390/7728/3079 5387/7729/3080
f 5320/7730/3081 5356/7731/3081 5357/7732/3082 5318/7733/3082
f 5415/7734/3083 5433/7735/3083 5399/7736/3083 5272/7737/3083
f 5335/7738/3084 5425/7739/3085 5424/7740/3086 5333/7741/3087
f 5401/7742/3088 5466/7743/3088 5469/7744/3089 5402/7745/3089
f 5232/7746/3076 5383/7747/3076 5384/7748/3076 5230/7749/3076
f 5304/7750/3090 5303/7751/3091 5443/7752/3091 5444/7753/3090
f 5303/7751/3091 5307/7754/3092 5445/7755/3092 5443/7752/3091
f 5307/7754/3092 5309/7756/3068 5446/7757/3068 5445/7755/3092
f 5224/7758/3076 5401/7759/3076 5402/7760/3076 5223/7761/3076
f 5310/7762/3093 5312/7763/3094 5447/7764/3094 5448/7765/3093
f 5386/7766/3095 5470/7767/3095 5467/7768/3096 5395/7769/3096
f 5312/7763/3094 5313/7770/3097 5449/7771/3097 5447/7764/3094
f 5381/7772/3098 5461/7773/3098 5460/7774/3084 5382/7775/3084
f 5313/7770/3097 5314/7776/3099 5450/7777/3099 5449/7771/3097
f 5384/7778/3100 5458/7779/3100 5457/7780/3061 5385/7781/3061
f 5395/7769/3096 5467/7768/3096 5466/7743/3088 5401/7742/3088
f 5314/7776/3099 5315/7782/3101 5451/7783/3101 5450/7777/3099
f 5373/7784/3102 5462/7785/3102 5446/7757/3068 5309/7756/3068
f 5342/7786/3103 5421/7787/3104 5423/7788/3105 5336/7789/3098
f 5315/7782/3101 5316/7790/3064 5452/7791/3064 5451/7783/3101
f 5252/7792/3076 5370/7793/3076 5374/7794/3076 5249/7795/3076
f 5413/7796/3106 5427/7797/3106 5429/7798/3107 5414/7799/3107
f 5316/7790/3064 5319/7800/3108 5453/7801/3108 5452/7791/3064
f 5415/7802/3109 5426/7803/3110 5427/7797/3106 5413/7796/3106
f 5317/7804/3102 5358/7805/3102 5301/7806/3068 5277/7807/3068
f 5319/7800/3108 5321/7808/3111 5454/7809/3111 5453/7801/3108
f 5465/7810/3112 5418/7811/3113 5271/7812/3113 5464/7813/3114
f 5403/7814/3115 5405/7815/3116 5397/7816/3117 5398/7817/3118
f 5321/7808/3111 5323/7818/3119 5455/7819/3119 5454/7809/3111
f 5323/7818/3119 5325/7820/3120 5456/7821/3120 5455/7819/3119
f 5325/7820/3120 5304/7750/3090 5444/7753/3090 5456/7821/3120
f 5293/7822/3076 5346/7823/3076 5343/7824/3076 5342/7825/3076 5336/7826/3076 5335/7827/3076 5333/7828/3076 5332/7829/3076 5331/7830/3076 5330/7831/3076 5327/7832/3076 5324/7833/3076 5322/7834/3076 5320/7835/3076 5318/7836/3076 5317/7837/3076 5277/7838/3076
f 5410/7839/3121 5440/7840/3122 5439/7841/3123 5412/7842/3124
f 5326/7843/3125 5398/7817/3118 5397/7816/3117 5329/7844/3126
f 5310/7845/3127 5448/7846/3064 5353/7847/3064 5354/7848/3128
f 5357/7732/3082 5358/7805/3102 5317/7804/3102 5318/7733/3082
f 5378/7849/3129 5399/7850/3130 5400/7851/3131 5380/7852/3132 5394/7853/3129
f 5351/7854/3133 5328/7855/3134 5270/7856/3135 5274/7857/3136
f 5233/7858/3076 5382/7859/3076 5383/7747/3076 5232/7746/3076
f 5380/7852/3132 5400/7851/3131 5388/7860/3137 5387/7861/3138 5390/7862/3138 5389/7863/3138 5391/7864/3138 5393/7865/3138 5392/7866/3138 5396/7867/3138
f 5329/7844/3126 5397/7816/3117 5270/7856/3135 5328/7855/3134
f 5291/7868/3139 5290/7869/3140 5363/7870/3141 5364/7871/3142
f 5292/7872/3143 5291/7868/3139 5364/7871/3142 5361/7873/3144
f 5293/7874/3083 5292/7872/3143 5361/7873/3144 5362/7875/3083
f 5382/7775/3084 5460/7774/3084 5459/7876/3087 5383/7877/3087
f 5379/7878/3145 5465/7879/3145 5461/7773/3098 5381/7772/3098
f 5359/7880/3082 5463/7881/3082 5462/7785/3102 5373/7784/3102
f 5283/7882/3111 5282/7883/3119 5297/7884/3146 5375/7885/3147 5368/7886/3148
f 5410/7887/3149 5425/7888/3149 5423/7889/3150 5409/7890/3151
f 5416/7891/3152 5430/7892/3153 5426/7803/3110 5415/7802/3109
f 5284/7893/3108 5283/7882/3111 5368/7886/3148 5369/7894/3154
f 5433/7895/3155 5441/7896/3155 5434/7897/3156 5400/7851/3131 5399/7850/3130
f 5293/7874/3083 5362/7875/3083 5420/7898/3157 5346/7899/3158
f 5285/7900/3064 5284/7893/3108 5369/7894/3154 5372/7901/3159
f 5408/7902/3160 5437/7903/3161 5436/7904/3162 5407/7905/3163
f 5306/7906/3076 5301/7907/3076 5358/7908/3076 5357/7909/3076 5370/7793/3076
f 5286/7910/3101 5285/7900/3064 5372/7901/3159 5371/7911/3164
f 5226/7912/3076 5395/7913/3076 5401/7759/3076 5224/7758/3076
f 5287/7914/3099 5286/7910/3101 5371/7911/3164 5366/7915/3165
f 5409/7890/3151 5423/7889/3150 5421/7916/3166 5407/7917/3167
f 5288/7918/3097 5287/7914/3099 5366/7915/3165 5367/7919/3168
f 5289/7920/3094 5288/7918/3097 5367/7919/3168 5365/7921/3169
f 5290/7869/3140 5289/7920/3094 5365/7921/3169 5363/7870/3141
f 5293/7822/3076 5277/7838/3076 5278/7922/3076 5279/7923/3076 5280/7924/3076 5281/7925/3076 5282/7926/3076 5283/7927/3076 5284/7928/3076 5285/7929/3076 5286/7930/3076 5287/7931/3076 5288/7932/3076 5289/7933/3076 5290/7934/3076 5291/7935/3076 5292/7936/3076
f 5308/7937/3076 5310/7938/3076 5297/7939/3076 5296/7940/3076 5298/7941/3076
f 5305/7942/3076 5308/7937/3076 5298/7941/3076 5299/7943/3076
f 5343/7944/3170 5422/7945/3171 5421/7787/3104 5342/7786/3103
f 5306/7906/3076 5305/7942/3076 5299/7943/3076 5300/7946/3076 5301/7907/3076
f 5310/7845/3127 5354/7848/3128 5377/7947/3172
f 5333/7741/3087 5424/7740/3086 5428/7948/3173 5332/7949/3100
f 5278/7950/3092 5277/7951/3068 5301/7952/3068 5300/7953/3092
f 5299/7954/3091 5279/7955/3091 5278/7950/3092 5300/7953/3092
f 5280/7956/3090 5279/7955/3091 5299/7954/3091 5298/7957/3090
f 5296/7958/3120 5281/7959/3120 5280/7956/3090 5298/7957/3090
f 5297/7884/3146 5282/7883/3119 5281/7959/3120 5296/7958/3120
f 5404/7960/3174 5432/7961/3175 5431/7962/3176 5417/7963/3177
f 5229/7964/3076 5385/7965/3076 5386/7966/3076 5227/7967/3076
f 5411/7968/3178 5428/7969/3178 5424/7970/3179 5412/7971/3179
f 5412/7971/3179 5424/7970/3179 5425/7888/3149 5410/7887/3149
f 5218/7972/3076 5243/7973/3076 5303/7974/3076 5304/7975/3076
f 5217/7976/3076 5242/7977/3076 5305/7942/3076 5306/7906/3076
f 5243/7973/3076 5241/7978/3076 5307/7979/3076 5303/7974/3076
f 5242/7977/3076 5240/7980/3076 5308/7937/3076 5305/7942/3076
f 5241/7978/3076 5239/7981/3076 5309/7982/3076 5307/7979/3076
f 5240/7980/3076 5238/7983/3076 5310/7938/3076 5308/7937/3076
f 5406/7984/3180 5420/7985/3181 5362/7986/3181 5337/7987/3181
f 5238/7983/3076 5237/7988/3076 5312/7989/3076 5310/7938/3076
f 5405/7815/3116 5404/7960/3174 5270/7856/3135 5397/7816/3117
f 5237/7988/3076 5235/7990/3076 5313/7991/3076 5312/7989/3076
f 5383/7877/3087 5459/7876/3087 5458/7779/3100 5384/7778/3100
f 5235/7990/3076 5234/7992/3076 5314/7993/3076 5313/7991/3076
f 5346/7899/3158 5420/7898/3157 5422/7945/3171 5343/7944/3170
f 5250/7994/3076 5373/7995/3076 5309/7982/3076 5239/7981/3076
f 5234/7992/3076 5231/7996/3076 5315/7997/3076 5314/7993/3076
f 5406/7998/3182 5435/7999/3183 5437/7903/3161 5408/7902/3160
f 5374/7794/3076 5356/8000/3076 5352/8001/3076 5355/8002/3076 5379/8003/3076
f 5231/7996/3076 5228/8004/3076 5316/8005/3076 5315/7997/3076
f 5330/8006/3095 5427/8007/3184 5426/8008/3185 5327/8009/3096
f 5407/7917/3167 5421/7916/3166 5422/8010/3186 5408/8011/3187
f 5228/8004/3076 5225/8012/3076 5319/8013/3076 5316/8005/3076
f 5398/7817/3118 5271/8014/3188 5418/8015/3189 5403/7814/3115
f 5245/8016/3076 5379/8003/3076 5381/8017/3076 5236/8018/3076
f 5225/8012/3076 5221/8019/3076 5321/8020/3076 5319/8013/3076
f 5236/8018/3076 5381/8017/3076 5382/7859/3076 5233/7858/3076
f 5221/8019/3076 5220/8021/3076 5323/8022/3076 5321/8020/3076
f 5370/7793/3076 5357/7909/3076 5356/8000/3076 5374/7794/3076
f 5220/8021/3076 5219/8023/3076 5325/8024/3076 5323/8022/3076
f 5327/8009/3096 5426/8008/3185 5430/8025/3190 5355/8026/3191 5324/8027/3088
f 5219/8023/3076 5218/7972/3076 5304/7975/3076 5325/8024/3076
f 5331/8028/3061 5429/8029/3192 5427/8007/3184 5330/8006/3095
f 5355/8026/3191 5352/8030/3089 5322/8031/3089 5324/8027/3088
f 5332/7949/3100 5428/7948/3173 5429/8029/3192 5331/8028/3061
f 5379/8032/3193 5432/8033/3194 5419/8034/3195
f 5253/8035/3076 5359/8036/3076 5373/7995/3076 5250/7994/3076
f 5222/8037/3076 5360/8038/3076 5359/8036/3076 5253/8035/3076
f 5326/7843/3125 5329/7844/3126 5354/8039/3196 5353/8040/3197
f 5417/7963/3177 5431/7962/3176 5430/7892/3153 5416/7891/3152
f 5403/7814/3115 5418/8015/3189 5419/8041/3198 5405/7815/3116
f 5337/8042/3068 5388/8043/3068 5435/7999/3183 5406/7998/3182
f 5336/7789/3098 5423/7788/3105 5425/7739/3085 5335/7738/3084
f 5230/7749/3076 5384/7748/3076 5385/7965/3076 5229/7964/3076
f 5334/8044/3199 5337/7987/3181 5362/7986/3181 5361/8045/3181
f 5417/7963/3177 5274/7857/3136 5270/7856/3135 5404/7960/3174
f 5338/8046/3200 5339/8047/3201 5364/8048/3202 5363/8049/3203
f 5340/8050/3204 5338/8046/3200 5363/8049/3203 5365/8051/3205
f 5434/7897/3156 5442/8052/3206 5439/8053/3206 5440/8054/3206 5438/8055/3206 5436/8056/3206 5437/8057/3206 5435/8058/3206 5388/7860/3137 5400/7851/3131
f 5345/8059/3207 5341/8060/3208 5367/8061/3208 5366/8062/3207
f 5349/8063/3209 5347/8064/3210 5369/8065/3210 5368/8066/3211
f 5414/7799/3107 5429/7798/3107 5428/7969/3178 5411/7968/3178
f 5344/8067/3212 5345/8059/3207 5366/8062/3207 5371/8068/3212
f 5348/8069/3213 5344/8067/3212 5371/8068/3212 5372/8070/3213
f 5223/7761/3076 5402/7760/3076 5360/8038/3076 5222/8037/3076
f 5412/7842/3124 5439/7841/3123 5442/8071/3214 5411/8072/3215
f 5347/8064/3210 5348/8069/3213 5372/8070/3213 5369/8065/3210
f 5414/8073/3216 5434/8074/3217 5441/8075/3218 5413/8076/3219
f 5352/8030/3089 5356/7731/3081 5320/7730/3081 5322/8031/3089
f 5350/8077/3220 5349/8063/3209 5368/8066/3211 5375/8078/3221
f 5351/7854/3133 5350/8077/3220 5375/8078/3221 5376/8079/3222
f 5328/7855/3134 5351/7854/3133 5376/8079/3222 5377/8080/3223
f 5398/7817/3118 5326/7843/3125 5353/8040/3197 5271/8014/3188
f 5405/7815/3116 5419/8041/3198 5432/7961/3175 5404/7960/3174
f 5329/7844/3126 5328/7855/3134 5377/8080/3223 5354/8039/3196
f 5341/8060/3208 5340/8050/3204 5365/8051/3205 5367/8061/3208
f 5339/8047/3201 5334/8044/3199 5361/8045/3181 5364/8048/3202
f 5227/7967/3076 5386/7966/3076 5395/7913/3076 5226/7912/3076
f 5407/7905/3163 5436/7904/3162 5438/8081/3224 5409/8082/3225
f 5337/8042/3068 5334/7726/3077 5387/7729/3080 5388/8043/3068
f 5411/8072/3215 5442/8071/3214 5434/8074/3217 5414/8073/3216
f 5345/8083/3226 5344/8084/3227 5396/8085/3228 5392/8086/3229
f 5413/8076/3219 5441/8075/3218 5433/8087/3230 5415/8088/3230
f 5344/8084/3227 5348/8089/3231 5380/8090/3232 5396/8085/3228
f 5339/7727/3078 5338/8091/3233 5389/8092/3234 5390/7728/3079
f 5360/8093/3081 5468/8094/3081 5463/7881/3082 5359/7880/3082
f 5338/8091/3233 5340/8095/3235 5391/8096/3236 5389/8092/3234
f 5417/7963/3177 5416/7891/3152 5415/7802/3109 5272/8097/3237 5274/7857/3136
f 5379/8032/3193 5419/8034/3195 5418/8098/3061 5465/8099/3061
f 5355/8100/3238 5430/8101/3238 5431/8102/3238 5432/8033/3194 5379/8032/3193
f 5409/8082/3225 5438/8081/3224 5440/7840/3122 5410/7839/3121
f 5408/8011/3187 5422/8010/3186 5420/7985/3181 5406/7984/3180
f 5348/8089/3231 5347/8103/3239 5394/8104/3240 5380/8090/3232
f 5341/8105/3241 5345/8083/3226 5392/8086/3229 5393/8106/3242
f 5217/7976/3076 5306/7906/3076 5370/7793/3076 5252/7792/3076
f 5347/8103/3239 5349/8107/3243 5378/8108/3243 5394/8104/3240
f 5340/8095/3235 5341/8105/3241 5393/8106/3242 5391/8096/3236
f 5402/7745/3089 5469/7744/3089 5468/8094/3081 5360/8093/3081
f 5297/8109/3244 5310/7845/3127 5377/7947/3172 5376/8110/3244 5375/8111/3244
f 5448/8112/3112 5464/7813/3114 5271/7812/3113 5353/8113/3113
f 5351/7854/3133 5274/7857/3136 5272/8097/3237 5349/8063/3209 5350/8077/3220
f 5349/8114/3083 5272/7737/3083 5399/7736/3083 5378/8115/3083
f 5249/7795/3076 5374/7794/3076 5379/8003/3076 5245/8016/3076
f 5385/7781/3061 5457/7780/3061 5470/7767/3095 5386/7766/3095
f 5269/8116/3070 5244/8117/3070 5444/8118/3070 5443/8119/3070
f 5268/8120/3070 5269/8116/3070 5443/8119/3070 5445/8121/3070
f 5267/8122/3070 5268/8120/3070 5445/8121/3070 5446/8123/3070
f 5264/8124/3070 5266/8125/3070 5448/8112/3112 5447/8126/3070
f 5262/8127/3070 5264/8124/3070 5447/8126/3070 5449/8128/3070
f 5260/8129/3070 5262/8127/3070 5449/8128/3070 5450/8130/3070
f 5257/8131/3070 5260/8129/3070 5450/8130/3070 5451/8132/3070
f 5254/8133/3070 5257/8131/3070 5451/8132/3070 5452/8134/3070
f 5251/8135/3070 5254/8133/3070 5452/8134/3070 5453/8136/3070
f 5248/8137/3070 5251/8135/3070 5453/8136/3070 5454/8138/3070
f 5247/8139/3070 5248/8137/3070 5454/8138/3070 5455/8140/3070
f 5246/8141/3070 5247/8139/3070 5455/8140/3070 5456/8142/3070
f 5244/8117/3070 5246/8141/3070 5456/8142/3070 5444/8118/3070
f 5265/8143/3070 5263/8144/3070 5457/8145/3070 5458/8146/3070
f 5275/8147/3070 5265/8143/3070 5458/8146/3070 5459/8148/3070
f 5294/8149/3070 5276/8150/3070 5460/8151/3070 5461/8152/3070
f 5311/8153/3070 5302/8154/3070 5462/8155/3070 5463/8156/3070
f 5266/8125/3070 5273/8157/3070 5464/7813/3114 5448/8112/3112
f 5276/8150/3070 5275/8147/3070 5459/8148/3070 5460/8151/3070
f 5295/8158/3070 5294/8149/3070 5461/8152/3070 5465/7810/3112
f 5259/8159/3070 5258/8160/3070 5466/8161/3070 5467/8162/3070
f 5256/8163/3070 5255/8164/3070 5468/8165/3070 5469/8166/3070
f 5261/8167/3070 5259/8159/3070 5467/8162/3070 5470/8168/3070
f 5255/8164/3070 5311/8153/3070 5463/8156/3070 5468/8165/3070
f 5258/8160/3070 5256/8163/3070 5469/8166/3070 5466/8161/3070
f 5263/8144/3070 5261/8167/3070 5470/8168/3070 5457/8145/3070
f 5302/8154/3070 5267/8122/3070 5446/8123/3070 5462/8155/3070
f 5273/8157/3070 5295/8158/3070 5465/7810/3112 5464/7813/3114
o AK_TriggerHandle02_lp
v -0.341455 -0.013143 0.056597
v -0.329691 -0.018015 0.056597
v -0.324818 -0.029779 0.056597
v -0.329691 -0.041543 0.056597
v -0.341455 -0.046416 0.056597
v -0.353219 -0.041543 0.056597
v -0.358092 -0.029779 0.056597
v -0.353219 -0.018015 0.056597
v -0.341455 -0.013143 0.036865
v -0.329691 -0.018015 0.036865
v -0.324818 -0.029779 0.036865
v -0.329691 -0.041543 0.036865
v -0.341455 -0.046416 0.036865
v -0.353219 -0.041543 0.036865
v -0.358092 -0.029779 0.036865
v -0.353219 -0.018015 0.036865
vn -0.0000 -0.0000 1.0000
vn -1.0000 -0.0000 -0.0000
vn -0.7071 0.7071 -0.0000
vn -0.7071 -0.7071 -0.0000
vn -0.0000 -1.0000 -0.0000
vn 0.7071 -0.7071 -0.0000
vn 1.0000 -0.0000 -0.0000
vn 0.7071 0.7071 -0.0000
vn -0.0000 1.0000 -0.0000
vt 0.310554 0.328356
vt 0.313331 0.331134
vt 0.313331 0.335062
vt 0.310554 0.337840
vt 0.306625 0.337840
vt 0.303847 0.335062
vt 0.303847 0.331134
vt 0.306625 0.328356
vt 0.993816 0.261759
vt 0.997119 0.261759
vt 0.997119 0.269011
vt 0.993816 0.269011
vt 0.993816 0.254508
vt 0.997119 0.254508
vt 0.993816 0.247256
vt 0.997119 0.247256
vt 0.993816 0.298018
vt 0.997119 0.298018
vt 0.997119 0.305269
vt 0.993816 0.305269
vt 0.993816 0.290766
vt 0.997119 0.290766
vt 0.993816 0.283514
vt 0.997119 0.283514
vt 0.993816 0.276263
vt 0.997119 0.276263
s 1
usemtl Material.001
f 5472/8169/3245 5471/8170/3245 5478/8171/3245 5477/8172/3245 5476/8173/3245 5475/8174/3245 5474/8175/3245 5473/8176/3245
f 5485/8177/3246 5477/8178/3246 5478/8179/3247 5486/8180/3247
f 5484/8181/3248 5476/8182/3248 5477/8178/3246 5485/8177/3246
f 5483/8183/3249 5475/8184/3249 5476/8182/3248 5484/8181/3248
f 5482/8185/3250 5474/8186/3250 5475/8187/3249 5483/8188/3249
f 5481/8189/3251 5473/8190/3251 5474/8186/3250 5482/8185/3250
f 5480/8191/3252 5472/8192/3252 5473/8190/3251 5481/8189/3251
f 5479/8193/3253 5471/8194/3253 5472/8192/3252 5480/8191/3252
f 5486/8180/3247 5478/8179/3247 5471/8194/3253 5479/8193/3253
o AK_TriggerHandle03_lp
v -0.332861 -0.147748 0.036418
v -0.312877 0.084875 -0.036418
v -0.318867 -0.059384 -0.036418
v -0.348890 -0.145349 0.036418
v -0.410572 0.084875 -0.036418
v -0.410572 -0.065381 -0.036418
v -0.410572 -0.065381 0.036419
v -0.410572 0.084875 0.036419
v -0.312877 0.084875 0.036418
v -0.332861 -0.147748 -0.036418
v -0.348890 -0.145349 -0.036418
v -0.344960 -0.115512 -0.036418
v -0.390654 -0.064832 -0.036418
v -0.344268 -0.098781 -0.036418
v -0.348612 -0.083359 -0.036418
v -0.359049 -0.071782 -0.036418
v -0.373941 -0.065870 -0.036418
v -0.390654 -0.064832 0.036418
v -0.344960 -0.115512 0.036418
v -0.318916 -0.059394 0.036419
v -0.373941 -0.065870 0.036419
v -0.359049 -0.071782 0.036419
v -0.348612 -0.083359 0.036418
v -0.344268 -0.098781 0.036418
vn -0.0000 -0.0000 -1.0000
vn -1.0000 -0.0000 -0.0000
vn -0.1480 -0.9890 -0.0000
vn 0.9951 -0.0991 0.0003
vn 0.9991 -0.0417 0.0003
vn 0.0276 -0.9996 -0.0000
vn -0.0172 -0.9999 -0.0000
vn -0.0000 -0.0000 1.0000
vn -0.9963 0.0860 -0.0000
vn -0.9914 0.1306 -0.0000
vn 0.9877 -0.1562 0.0003
vn -0.9932 -0.1163 -0.0000
vn -0.8756 -0.4830 -0.0000
vn -0.5708 -0.8211 -0.0000
vn -0.2182 -0.9759 -0.0000
vt 0.718192 0.816102
vt 0.762703 0.817951
vt 0.789968 0.822268
vt 0.789228 0.827214
vt 0.780022 0.826002
vt 0.774859 0.825788
vt 0.770100 0.827128
vt 0.766529 0.830349
vt 0.764705 0.834944
vt 0.764384 0.840101
vt 0.764554 0.846246
vt 0.718192 0.846246
vt 0.978139 0.714729
vt 0.978139 0.761083
vt 0.955668 0.761083
vt 0.955668 0.714729
vt 0.276226 0.060549
vt 0.276226 0.065553
vt 0.253734 0.065554
vt 0.253734 0.060549
vt 0.292305 0.024638
vt 0.247750 0.024637
vt 0.247751 0.002160
vt 0.292310 0.002161
vt 0.298990 0.452427
vt 0.298990 0.446280
vt 0.321462 0.446280
vt 0.321462 0.452427
vt 0.827850 0.941506
vt 0.837057 0.940293
vt 0.837797 0.945239
vt 0.810534 0.949542
vt 0.766017 0.951406
vt 0.766017 0.921260
vt 0.812381 0.921260
vt 0.812212 0.927406
vt 0.812532 0.932563
vt 0.814356 0.937158
vt 0.817928 0.940379
vt 0.822687 0.941719
vt 0.321462 0.421251
vt 0.298990 0.421251
vt 0.298990 0.411966
vt 0.321462 0.411966
vt 0.319912 0.002160
vt 0.319914 0.024637
vt 0.321462 0.426417
vt 0.298990 0.426417
vt 0.321462 0.431361
vt 0.298990 0.431361
vt 0.321462 0.436170
vt 0.298990 0.436170
vt 0.321462 0.441113
vt 0.298990 0.441113
s 1
usemtl Material.001
f 5488/8195/3254 5489/8196/3254 5496/8197/3254 5497/8198/3254 5498/8199/3254 5500/8200/3254 5501/8201/3254 5502/8202/3254 5503/8203/3254 5499/8204/3254 5492/8205/3254 5491/8206/3254
f 5491/8207/3255 5492/8208/3255 5493/8209/3255 5494/8210/3255
f 5497/8211/3256 5496/8212/3256 5487/8213/3256 5490/8214/3256
f 5489/8215/3257 5488/8216/3258 5495/8217/3258 5506/8218/3257
f 5492/8219/3259 5499/8220/3260 5504/8221/3260 5493/8222/3259
f 5505/8223/3261 5490/8224/3261 5487/8225/3261 5506/8226/3261 5495/8227/3261 5494/8228/3261 5493/8229/3261 5504/8230/3261 5507/8231/3261 5508/8232/3261 5509/8233/3261 5510/8234/3261
f 5505/8235/3262 5498/8236/3262 5497/8237/3263 5490/8238/3263
f 5489/8215/3257 5506/8218/3257 5487/8239/3264 5496/8240/3264
f 5498/8236/3262 5505/8235/3262 5510/8241/3265 5500/8242/3265
f 5500/8242/3265 5510/8241/3265 5509/8243/3266 5501/8244/3266
f 5501/8244/3266 5509/8243/3266 5508/8245/3267 5502/8246/3267
f 5502/8246/3267 5508/8245/3267 5507/8247/3268 5503/8248/3268
f 5503/8248/3268 5507/8247/3268 5504/8221/3260 5499/8220/3260
